timestamp,open,high,low,close,volume
2024-02-26T10:00:00,5103.0,5106.0,5094.5,5095.5,126060
2024-02-26T11:00:00,5095.5,5099.75,5090.5,5098.0,102749
2024-02-26T12:00:00,5097.75,5099.5,5092.0,5093.5,74590
2024-02-26T13:00:00,5093.5,5096.5,5080.75,5089.25,128230
2024-02-26T14:00:00,5089.0,5094.75,5085.5,5088.0,97009
2024-02-26T15:00:00,5088.0,5093.75,5078.75,5080.0,190783
2024-02-27T10:00:00,5080.75,5085.5,5075.5,5081.0,146730
2024-02-27T11:00:00,5080.75,5081.5,5073.75,5078.5,87452
2024-02-27T12:00:00,5078.75,5079.75,5069.25,5070.0,87017
2024-02-27T13:00:00,5070.0,5078.5,5067.0,5077.25,97848
2024-02-27T14:00:00,5077.5,5086.75,5077.0,5086.25,99362
2024-02-27T15:00:00,5086.0,5091.75,5081.75,5088.75,152948
2024-02-28T10:00:00,5072.25,5084.5,5071.0,5084.0,156305
2024-02-28T11:00:00,5084.0,5087.75,5080.75,5084.75,117256
2024-02-28T12:00:00,5085.0,5086.0,5073.5,5077.75,91623
2024-02-28T13:00:00,5077.75,5087.25,5074.0,5085.75,85173
2024-02-28T14:00:00,5085.5,5086.25,5071.0,5077.5,124373
2024-02-28T15:00:00,5077.75,5082.0,5072.75,5081.5,174238
2024-02-29T10:00:00,5102.0,5104.5,5084.5,5091.25,204605
2024-02-29T11:00:00,5091.5,5094.25,5070.0,5083.25,180554
2024-02-29T12:00:00,5083.5,5091.25,5081.75,5090.5,147315
2024-02-29T13:00:00,5090.5,5096.0,5090.5,5095.0,117209
2024-02-29T14:00:00,5095.25,5100.0,5088.5,5094.5,129764
2024-02-29T15:00:00,5094.5,5114.5,5093.5,5096.75,341898
2024-03-01T10:00:00,5107.25,5124.5,5102.5,5122.75,251827
2024-03-01T11:00:00,5122.75,5130.25,5117.75,5127.5,170320
2024-03-01T12:00:00,5127.5,5137.0,5123.25,5134.5,142738
2024-03-01T13:00:00,5134.5,5143.5,5133.0,5142.75,141859
2024-03-01T14:00:00,5142.75,5149.25,5142.0,5147.25,127975
2024-03-01T15:00:00,5146.0,5148.0,5139.5,5145.0,230960
2024-03-04T10:00:00,5140.5,5144.25,5136.0,5142.25,135577
2024-03-04T11:00:00,5142.0,5143.75,5137.0,5142.75,105475
2024-03-04T12:00:00,5142.75,5147.25,5140.25,5145.0,74823
2024-03-04T13:00:00,5145.0,5146.25,5138.75,5143.0,79769
2024-03-04T14:00:00,5143.25,5157.0,5141.5,5153.75,137371
2024-03-04T15:00:00,5153.75,5157.75,5137.0,5137.5,251101
2024-03-05T10:00:00,5111.5,5121.5,5089.0,5095.25,338606
2024-03-05T11:00:00,5095.25,5098.25,5083.5,5090.75,172459
2024-03-05T12:00:00,5090.75,5099.25,5089.25,5094.0,130566
2024-03-05T13:00:00,5094.25,5095.75,5080.5,5081.75,141041
2024-03-05T14:00:00,5081.5,5087.75,5069.75,5071.25,172752
2024-03-05T15:00:00,5071.25,5088.25,5063.0,5086.0,364130
2024-03-06T10:00:00,5112.75,5119.5,5097.75,5118.25,282187
2024-03-06T11:00:00,5118.25,5130.25,5118.25,5126.0,201394
2024-03-06T12:00:00,5126.0,5134.5,5124.25,5127.25,153820
2024-03-06T13:00:00,5127.25,5133.5,5105.0,5115.25,258398
2024-03-06T14:00:00,5115.0,5118.0,5098.5,5105.75,262857
2024-03-06T15:00:00,5106.0,5116.5,5099.25,5111.75,280472
2024-03-07T10:00:00,5145.75,5160.25,5141.25,5155.25,248448
2024-03-07T11:00:00,5155.0,5159.0,5148.75,5158.0,163987
2024-03-07T12:00:00,5158.0,5161.25,5151.75,5157.25,124912
2024-03-07T13:00:00,5157.0,5170.5,5153.75,5168.75,138396
2024-03-07T14:00:00,5168.75,5170.25,5159.0,5160.5,150254
2024-03-07T15:00:00,5160.5,5167.75,5152.0,5159.75,306347
2024-03-08T10:00:00,5188.25,5193.0,5180.0,5186.0,353933
2024-03-08T11:00:00,5186.25,5187.25,5149.75,5150.5,462373
2024-03-08T12:00:00,5150.5,5159.75,5133.5,5136.0,329649
2024-03-08T13:00:00,5136.0,5143.5,5121.75,5127.25,275125
2024-03-08T14:00:00,5127.5,5155.25,5126.75,5149.0,217192
2024-03-08T15:00:00,5149.0,5154.75,5127.5,5128.25,305069
2024-03-11T10:00:00,5104.0,5117.0,5094.75,5115.5,322658
2024-03-11T11:00:00,5115.5,5118.75,5101.75,5118.25,246791
2024-03-11T12:00:00,5118.25,5121.5,5109.5,5120.0,158370
2024-03-11T13:00:00,5120.0,5126.25,5111.75,5120.25,128830
2024-03-11T14:00:00,5120.5,5129.0,5116.75,5126.25,145717
2024-03-11T15:00:00,5126.0,5126.25,5115.25,5122.75,163715
2024-03-12T10:00:00,5143.5,5174.5,5139.0,5169.0,204020
2024-03-12T11:00:00,5169.0,5175.0,5161.0,5168.25,132582
2024-03-12T12:00:00,5168.0,5169.0,5144.75,5153.25,117875
2024-03-12T13:00:00,5153.25,5167.25,5145.0,5165.25,93521
2024-03-12T14:00:00,5165.5,5181.5,5164.25,5177.0,82010
2024-03-12T15:00:00,5177.0,5183.0,5173.25,5177.25,130061
2024-03-13T10:00:00,5169.25,5176.25,5165.0,5170.5,65055
2024-03-13T11:00:00,5170.5,5175.5,5166.5,5172.5,55816
2024-03-13T12:00:00,5172.75,5175.0,5169.0,5173.0,50594
2024-03-13T13:00:00,5173.0,5181.5,5172.25,5179.25,46725
2024-03-13T14:00:00,5179.25,5180.5,5172.5,5173.5,32861
2024-03-13T15:00:00,5173.25,5175.5,5153.0,5168.5,88519
2024-03-14T10:00:00,5145.5,5161.75,5139.25,5151.75,58724
2024-03-14T11:00:00,5152.25,5160.0,5146.25,5155.75,40323
2024-03-14T12:00:00,5155.75,5157.25,5144.25,5144.75,31557
2024-03-14T13:00:00,5145.0,5152.0,5133.25,5151.25,30693
2024-03-14T14:00:00,5151.5,5158.0,5144.25,5145.0,30619
2024-03-14T15:00:00,5145.0,5156.0,5124.25,5156.0,67015
2024-03-18T10:00:00,5223.75,5240.25,5223.0,5236.75,192296
2024-03-18T11:00:00,5236.75,5237.5,5224.0,5227.5,130701
2024-03-18T12:00:00,5227.25,5230.25,5219.5,5220.25,106586
2024-03-18T13:00:00,5220.25,5227.5,5217.75,5222.75,111489
2024-03-18T14:00:00,5223.0,5229.0,5216.75,5222.75,103269
2024-03-18T15:00:00,5222.75,5226.5,5210.25,5215.0,232889
2024-03-19T10:00:00,5200.5,5210.0,5195.75,5206.0,170391
2024-03-19T11:00:00,5206.0,5218.5,5205.25,5215.5,109232
2024-03-19T12:00:00,5215.5,5235.75,5213.75,5231.0,142454
2024-03-19T13:00:00,5231.25,5239.0,5227.75,5234.0,120757
2024-03-19T14:00:00,5234.0,5237.75,5229.0,5233.0,96458
2024-03-19T15:00:00,5232.75,5244.75,5226.25,5242.25,236830
2024-03-20T10:00:00,5237.5,5247.75,5236.5,5242.0,111696
2024-03-20T11:00:00,5242.0,5246.25,5238.5,5242.0,67272
2024-03-20T12:00:00,5241.75,5244.5,5236.5,5244.0,59920
2024-03-20T13:00:00,5244.0,5244.0,5233.0,5236.75,60261
2024-03-20T14:00:00,5236.75,5278.5,5236.5,5272.25,388842
2024-03-20T15:00:00,5272.5,5289.5,5271.25,5287.75,317457
2024-03-21T10:00:00,5315.0,5321.25,5312.75,5317.25,171509
2024-03-21T11:00:00,5317.25,5320.75,5311.5,5319.0,115250
2024-03-21T12:00:00,5318.75,5322.75,5315.5,5319.0,101922
2024-03-21T13:00:00,5319.0,5319.0,5308.5,5309.25,93122
2024-03-21T14:00:00,5309.25,5312.5,5301.5,5304.25,129922
2024-03-21T15:00:00,5304.25,5313.0,5300.0,5302.5,217598
2024-03-22T10:00:00,5297.5,5303.25,5289.75,5290.0,132915
2024-03-22T11:00:00,5290.25,5298.25,5290.0,5296.5,92620
2024-03-22T12:00:00,5296.5,5299.0,5289.0,5298.25,83770
2024-03-22T13:00:00,5298.25,5306.0,5297.25,5305.25,80179
2024-03-22T14:00:00,5305.5,5306.0,5299.5,5301.75,84136
2024-03-22T15:00:00,5301.5,5303.0,5291.25,5291.75,213395
2024-03-25T10:00:00,5281.25,5287.5,5278.75,5284.75,119797
2024-03-25T11:00:00,5285.0,5287.25,5282.25,5285.25,80425
2024-03-25T12:00:00,5283.5,5286.0,5281.0,5283.0,66200
2024-03-25T13:00:00,5283.25,5286.0,5279.75,5285.75,53704
2024-03-25T14:00:00,5285.75,5288.75,5284.75,5287.25,47626
2024-03-25T15:00:00,5287.25,5287.25,5275.75,5277.0,167030
2024-03-26T10:00:00,5290.25,5294.5,5284.5,5291.0,151477
2024-03-26T11:00:00,5291.0,5292.75,5288.75,5292.25,74329
2024-03-26T12:00:00,5292.25,5293.0,5285.5,5287.0,79458
2024-03-26T13:00:00,5287.0,5288.5,5283.0,5285.0,67692
2024-03-26T14:00:00,5284.75,5289.0,5278.25,5286.75,55699
2024-03-26T15:00:00,5287.0,5287.75,5263.0,5266.0,282627
2024-03-27T10:00:00,5284.5,5285.25,5271.75,5274.25,238977
2024-03-27T11:00:00,5274.0,5277.25,5270.75,5271.25,104994
2024-03-27T12:00:00,5271.25,5281.0,5270.75,5279.25,87566
2024-03-27T13:00:00,5279.5,5281.5,5273.5,5278.25,72386
2024-03-27T14:00:00,5278.5,5287.0,5276.75,5280.0,91045
2024-03-27T15:00:00,5280.0,5310.5,5275.75,5310.0,366344
2024-03-28T10:00:00,5310.0,5315.0,5307.25,5312.5,122151
2024-03-28T11:00:00,5312.5,5316.25,5310.0,5314.75,96744
2024-03-28T12:00:00,5314.75,5314.75,5307.75,5310.0,86481
2024-03-28T13:00:00,5310.0,5311.0,5305.0,5309.25,76458
2024-03-28T14:00:00,5309.25,5318.0,5305.25,5316.5,87748
2024-03-28T15:00:00,5316.5,5321.0,5303.25,5305.25,308372
2024-04-01T10:00:00,5313.75,5315.25,5293.75,5296.0,204753
2024-04-01T11:00:00,5296.0,5297.0,5283.5,5283.5,140001
2024-04-01T12:00:00,5283.75,5295.0,5282.25,5291.75,88347
2024-04-01T13:00:00,5291.75,5292.0,5283.0,5290.0,76573
2024-04-01T14:00:00,5289.75,5294.25,5287.25,5291.25,57982
2024-04-01T15:00:00,5291.5,5300.75,5288.5,5294.5,178451
2024-04-02T10:00:00,5247.0,5251.0,5235.0,5240.0,250818
2024-04-02T11:00:00,5240.0,5249.25,5239.0,5241.75,130665
2024-04-02T12:00:00,5241.75,5251.0,5239.5,5250.5,100236
2024-04-02T13:00:00,5250.5,5252.5,5244.5,5248.5,76502
2024-04-02T14:00:00,5248.5,5252.5,5247.5,5249.0,62037
2024-04-02T15:00:00,5249.0,5261.75,5248.5,5261.0,237153
2024-04-03T10:00:00,5255.25,5279.5,5255.25,5277.75,230107
2024-04-03T11:00:00,5277.75,5280.75,5272.0,5272.75,99658
2024-04-03T12:00:00,5273.0,5279.5,5264.5,5273.75,190601
2024-04-03T13:00:00,5274.0,5279.0,5273.5,5276.5,62994
2024-04-03T14:00:00,5276.75,5279.0,5269.25,5270.5,73419
2024-04-03T15:00:00,5270.25,5271.25,5248.25,5265.75,287599
2024-04-04T10:00:00,5298.0,5300.25,5294.25,5296.75,114749
2024-04-04T11:00:00,5296.5,5302.5,5292.75,5302.0,94230
2024-04-04T12:00:00,5302.25,5308.5,5301.25,5304.0,88405
2024-04-04T13:00:00,5304.25,5304.5,5286.0,5287.5,100782
2024-04-04T14:00:00,5287.5,5287.75,5222.25,5226.5,537946
2024-04-04T15:00:00,5226.25,5228.5,5194.25,5197.5,480396
2024-04-05T10:00:00,5226.25,5248.5,5215.5,5248.25,260638
2024-04-05T11:00:00,5248.0,5265.25,5231.25,5262.25,231135
2024-04-05T12:00:00,5262.5,5272.5,5258.75,5271.5,154723
2024-04-05T13:00:00,5271.25,5272.25,5241.75,5245.75,184376
2024-04-05T14:00:00,5245.75,5261.0,5237.0,5246.5,205441
2024-04-05T15:00:00,5246.75,5260.75,5244.5,5251.25,195081
2024-04-08T10:00:00,5254.75,5268.75,5248.5,5267.0,168899
2024-04-08T11:00:00,5267.0,5268.5,5249.25,5253.75,119244
2024-04-08T12:00:00,5254.0,5261.25,5245.25,5261.25,104038
2024-04-08T13:00:00,5261.25,5261.5,5253.25,5260.0,65396
2024-04-08T14:00:00,5260.0,5261.75,5253.5,5259.5,71245
2024-04-08T15:00:00,5259.75,5264.25,5249.5,5254.5,173689
2024-04-09T10:00:00,5255.5,5259.0,5208.25,5220.5,361470
2024-04-09T11:00:00,5220.5,5237.25,5217.0,5234.0,204416
2024-04-09T12:00:00,5234.25,5244.25,5231.75,5233.75,121102
2024-04-09T13:00:00,5234.0,5242.75,5232.0,5232.75,92700
2024-04-09T14:00:00,5233.0,5239.25,5228.25,5231.5,95644
2024-04-09T15:00:00,5231.25,5261.75,5223.0,5260.0,265990
2024-04-10T10:00:00,5204.5,5226.5,5198.5,5209.25,325749
2024-04-10T11:00:00,5209.25,5209.75,5194.0,5197.5,171921
2024-04-10T12:00:00,5197.5,5208.25,5193.75,5206.0,109012
2024-04-10T13:00:00,5206.0,5216.0,5185.0,5202.0,363768
2024-04-10T14:00:00,5202.25,5211.0,5189.5,5190.0,212569
2024-04-10T15:00:00,5190.25,5215.0,5188.25,5205.5,308369
2024-04-11T10:00:00,5207.75,5208.25,5181.75,5193.75,265089
2024-04-11T11:00:00,5193.75,5216.5,5192.75,5215.25,154521
2024-04-11T12:00:00,5215.25,5218.5,5209.25,5215.0,121318
2024-04-11T13:00:00,5214.75,5244.0,5210.5,5242.75,200316
2024-04-11T14:00:00,5242.75,5257.5,5241.75,5249.25,153367
2024-04-11T15:00:00,5249.25,5256.0,5241.75,5242.5,204130
2024-04-12T10:00:00,5213.75,5214.0,5179.75,5182.75,285623
2024-04-12T11:00:00,5182.75,5200.75,5181.5,5194.0,171903
2024-04-12T12:00:00,5194.25,5195.5,5164.5,5165.25,223518
2024-04-12T13:00:00,5165.0,5172.0,5152.25,5164.25,216012
2024-04-12T14:00:00,5164.25,5174.0,5154.75,5155.5,174172
2024-04-12T15:00:00,5155.5,5169.25,5150.0,5167.75,298230
2024-04-15T10:00:00,5209.0,5210.75,5169.75,5170.5,327615
2024-04-15T11:00:00,5170.5,5185.5,5167.25,5182.75,170879
2024-04-15T12:00:00,5182.5,5185.5,5153.75,5159.5,145946
2024-04-15T13:00:00,5159.5,5164.75,5108.0,5122.25,328286
2024-04-15T14:00:00,5122.5,5123.75,5102.5,5109.75,234210
2024-04-15T15:00:00,5109.5,5111.5,5094.0,5103.25,323839
2024-04-16T10:00:00,5102.25,5110.5,5081.5,5088.25,243326
2024-04-16T11:00:00,5088.5,5111.25,5086.0,5100.0,172468
2024-04-16T12:00:00,5100.0,5108.5,5092.0,5103.0,136321
2024-04-16T13:00:00,5103.0,5108.0,5078.75,5096.5,273415
2024-04-16T14:00:00,5096.75,5123.25,5083.25,5115.75,288600
2024-04-16T15:00:00,5116.0,5116.5,5089.75,5092.0,261258
2024-04-17T10:00:00,5110.0,5110.25,5078.0,5085.0,225287
2024-04-17T11:00:00,5085.25,5096.5,5066.0,5073.25,212639
2024-04-17T12:00:00,5073.0,5074.0,5047.0,5055.0,234244
2024-04-17T13:00:00,5055.25,5082.25,5053.0,5080.25,206171
2024-04-17T14:00:00,5080.25,5097.0,5069.0,5072.0,203505
2024-04-17T15:00:00,5072.25,5074.25,5059.5,5061.0,283884
2024-04-18T10:00:00,5065.5,5092.25,5056.75,5087.75,240567
2024-04-18T11:00:00,5087.75,5095.25,5080.0,5082.75,161133
2024-04-18T12:00:00,5082.75,5087.5,5059.25,5061.25,156139
2024-04-18T13:00:00,5061.0,5065.0,5041.75,5049.25,210222
2024-04-18T14:00:00,5049.5,5058.0,5038.5,5042.75,162558
2024-04-18T15:00:00,5042.75,5062.25,5042.75,5048.25,218263
2024-04-19T10:00:00,5049.25,5054.5,5028.25,5038.0,257531
2024-04-19T11:00:00,5038.0,5042.5,5022.0,5023.5,179665
2024-04-19T12:00:00,5023.25,5030.25,5002.75,5023.5,215492
2024-04-19T13:00:00,5023.25,5037.5,5017.0,5025.75,182256
2024-04-19T14:00:00,5025.75,5026.25,4992.5,5001.75,236035
2024-04-19T15:00:00,5001.75,5009.75,4991.25,5003.25,344708
2024-04-22T10:00:00,5027.75,5034.25,5011.75,5013.75,200525
2024-04-22T11:00:00,5013.75,5025.75,5006.0,5025.75,155109
2024-04-22T12:00:00,5025.75,5037.25,5024.5,5036.0,126491
2024-04-22T13:00:00,5036.25,5072.0,5034.5,5067.25,180202
2024-04-22T14:00:00,5067.25,5076.75,5058.75,5065.75,149516
2024-04-22T15:00:00,5065.75,5066.25,5040.75,5048.75,270538
2024-04-23T10:00:00,5082.5,5105.5,5078.5,5104.25,251726
2024-04-23T11:00:00,5104.25,5105.25,5092.25,5095.25,144870
2024-04-23T12:00:00,5095.25,5108.0,5094.0,5103.75,96513
2024-04-23T13:00:00,5103.75,5112.75,5097.5,5111.75,92585
2024-04-23T14:00:00,5111.75,5112.75,5104.5,5109.25,79054
2024-04-23T15:00:00,5109.0,5109.75,5101.25,5108.0,192739
2024-04-24T10:00:00,5113.75,5122.5,5100.75,5103.25,197340
2024-04-24T11:00:00,5103.0,5105.0,5086.75,5088.0,189473
2024-04-24T12:00:00,5088.0,5095.25,5082.0,5094.0,134645
2024-04-24T13:00:00,5093.75,5116.5,5091.25,5115.5,127238
2024-04-24T14:00:00,5115.5,5116.0,5095.0,5095.0,150832
2024-04-24T15:00:00,5095.0,5113.0,5093.0,5105.75,191435
2024-04-25T10:00:00,5029.5,5046.0,5022.25,5031.5,279361
2024-04-25T11:00:00,5031.5,5051.75,5030.75,5050.0,163933
2024-04-25T12:00:00,5050.25,5068.25,5046.5,5065.5,169881
2024-04-25T13:00:00,5065.5,5086.5,5057.25,5083.0,167175
2024-04-25T14:00:00,5083.0,5085.25,5064.5,5072.75,156138
2024-04-25T15:00:00,5072.5,5090.75,5072.0,5082.5,219157
2024-04-26T10:00:00,5126.25,5138.0,5124.0,5135.75,228571
2024-04-26T11:00:00,5135.75,5143.5,5124.75,5134.0,163681
2024-04-26T12:00:00,5134.0,5143.25,5129.25,5143.25,98685
2024-04-26T13:00:00,5143.25,5146.5,5138.5,5141.75,104327
2024-04-26T14:00:00,5141.75,5142.5,5133.25,5141.5,94654
2024-04-26T15:00:00,5141.25,5144.0,5128.75,5129.5,181727
2024-04-29T10:00:00,5142.5,5153.25,5142.0,5145.75,146913
2024-04-29T11:00:00,5145.5,5146.0,5136.5,5143.75,107865
2024-04-29T12:00:00,5143.75,5150.0,5142.25,5146.25,73375
2024-04-29T13:00:00,5146.25,5152.0,5142.5,5148.75,74434
2024-04-29T14:00:00,5148.5,5148.5,5132.25,5142.0,101763
2024-04-29T15:00:00,5142.0,5148.75,5118.75,5147.25,267721
2024-04-30T10:00:00,5137.0,5141.25,5126.25,5132.0,178589
2024-04-30T11:00:00,5130.5,5130.5,5105.25,5110.75,205832
2024-04-30T12:00:00,5111.0,5115.25,5092.5,5097.5,148344
2024-04-30T13:00:00,5097.75,5107.5,5091.5,5105.75,108283
2024-04-30T14:00:00,5106.0,5110.25,5088.5,5092.5,126286
2024-04-30T15:00:00,5092.75,5097.75,5065.0,5065.0,325427
2024-05-01T10:00:00,5052.5,5060.0,5044.5,5057.25,202053
2024-05-01T11:00:00,5057.5,5058.25,5044.25,5046.25,117652
2024-05-01T12:00:00,5046.5,5055.25,5042.25,5048.0,99636
2024-05-01T13:00:00,5047.75,5055.0,5042.75,5053.25,86040
2024-05-01T14:00:00,5053.75,5118.75,5051.5,5117.75,483083
2024-05-01T15:00:00,5118.0,5126.75,5043.75,5046.0,515041
2024-05-02T10:00:00,5061.5,5068.0,5036.25,5065.75,306977
2024-05-02T11:00:00,5065.75,5073.0,5055.0,5069.0,157482
2024-05-02T12:00:00,5069.25,5070.0,5054.5,5064.25,114926
2024-05-02T13:00:00,5064.25,5085.25,5064.0,5080.0,122528
2024-05-02T14:00:00,5080.25,5098.25,5078.25,5096.25,113909
2024-05-02T15:00:00,5096.25,5100.75,5080.0,5091.75,235050
2024-05-03T10:00:00,5157.75,5166.75,5127.75,5132.75,407534
2024-05-03T11:00:00,5133.0,5150.75,5126.75,5146.25,170393
2024-05-03T12:00:00,5146.25,5155.5,5145.5,5148.75,102423
2024-05-03T13:00:00,5148.75,5157.75,5147.5,5154.75,86637
2024-05-03T14:00:00,5154.5,5161.75,5154.0,5157.0,83182
2024-05-03T15:00:00,5157.25,5160.25,5152.75,5154.25,162869
2024-05-06T10:00:00,5183.25,5187.75,5181.75,5184.25,126902
2024-05-06T11:00:00,5184.25,5186.75,5179.75,5185.0,85364
2024-05-06T12:00:00,5185.0,5188.75,5178.25,5188.0,94273
2024-05-06T13:00:00,5187.75,5191.75,5183.5,5190.25,77537
2024-05-06T14:00:00,5190.25,5199.5,5189.5,5195.5,92665
2024-05-06T15:00:00,5195.25,5207.5,5190.0,5207.25,169555
2024-05-07T10:00:00,5213.0,5223.5,5210.5,5222.5,147589
2024-05-07T11:00:00,5222.5,5224.0,5218.0,5221.75,97123
2024-05-07T12:00:00,5222.0,5224.0,5216.5,5220.0,80188
2024-05-07T13:00:00,5219.75,5226.75,5208.75,5211.0,110068
2024-05-07T14:00:00,5211.0,5215.25,5205.5,5211.25,121945
2024-05-07T15:00:00,5211.0,5219.5,5207.5,5212.25,185704
2024-05-08T10:00:00,5204.75,5217.25,5200.25,5213.75,157664
2024-05-08T11:00:00,5214.0,5216.75,5206.25,5208.0,109786
2024-05-08T12:00:00,5207.75,5211.25,5202.25,5206.0,82418
2024-05-08T13:00:00,5206.25,5211.0,5200.75,5210.75,80845
2024-05-08T14:00:00,5210.75,5214.25,5208.75,5210.0,72835
2024-05-08T15:00:00,5210.25,5217.0,5205.5,5211.5,146001
2024-05-09T10:00:00,5213.25,5230.5,5212.25,5229.25,197424
2024-05-09T11:00:00,5229.0,5232.75,5220.75,5222.5,131889
2024-05-09T12:00:00,5222.25,5231.25,5221.0,5230.0,91003
2024-05-09T13:00:00,5229.75,5234.0,5225.5,5229.5,91341
2024-05-09T14:00:00,5229.5,5238.25,5226.75,5236.75,79490
2024-05-09T15:00:00,5236.75,5240.0,5233.5,5239.25,159668
2024-05-10T10:00:00,5262.0,5262.0,5237.25,5241.75,235583
2024-05-10T11:00:00,5242.0,5243.75,5232.75,5240.75,128986
2024-05-10T12:00:00,5240.75,5244.75,5235.5,5242.5,87877
2024-05-10T13:00:00,5242.5,5245.5,5236.0,5245.0,75870
2024-05-10T14:00:00,5245.0,5246.5,5238.0,5246.25,78313
2024-05-10T15:00:00,5246.25,5250.75,5243.0,5245.5,143149
2024-05-13T10:00:00,5253.0,5254.75,5247.5,5249.0,117018
2024-05-13T11:00:00,5249.0,5251.0,5240.0,5246.75,113340
2024-05-13T12:00:00,5246.75,5250.0,5246.0,5246.25,61930
2024-05-13T13:00:00,5246.25,5246.5,5233.25,5243.0,117592
2024-05-13T14:00:00,5243.25,5246.25,5239.25,5245.5,59910
2024-05-13T15:00:00,5245.25,5247.75,5241.0,5245.75,137844
2024-05-14T10:00:00,5248.5,5260.0,5242.25,5253.25,249922
2024-05-14T11:00:00,5253.25,5257.25,5245.25,5246.5,116651
2024-05-14T12:00:00,5246.5,5248.75,5242.5,5245.5,68231
2024-05-14T13:00:00,5245.5,5250.5,5241.25,5248.5,70918
2024-05-14T14:00:00,5248.75,5271.5,5248.0,5268.5,143874
2024-05-14T15:00:00,5268.75,5274.25,5265.75,5268.75,177761
2024-05-15T10:00:00,5292.0,5308.0,5291.25,5307.0,195147
2024-05-15T11:00:00,5306.75,5317.25,5306.75,5314.5,143449
2024-05-15T12:00:00,5314.5,5321.5,5309.75,5321.0,90639
2024-05-15T13:00:00,5321.0,5325.75,5319.0,5325.5,95858
2024-05-15T14:00:00,5325.5,5330.25,5321.75,5325.75,97209
2024-05-15T15:00:00,5325.75,5337.25,5322.75,5333.5,236823
2024-05-16T10:00:00,5335.75,5348.5,5328.25,5347.5,167473
2024-05-16T11:00:00,5347.5,5349.0,5338.5,5342.75,136026
2024-05-16T12:00:00,5342.75,5342.75,5335.25,5340.5,97411
2024-05-16T13:00:00,5340.75,5342.0,5326.5,5334.0,152133
2024-05-16T14:00:00,5334.0,5334.75,5323.5,5334.5,107339
2024-05-16T15:00:00,5334.5,5335.75,5318.75,5320.0,193939
2024-05-17T10:00:00,5320.0,5325.5,5316.0,5323.75,119718
2024-05-17T11:00:00,5323.5,5323.75,5315.0,5320.75,106357
2024-05-17T12:00:00,5320.75,5323.0,5312.75,5320.5,84863
2024-05-17T13:00:00,5320.5,5321.75,5317.5,5319.75,64658
2024-05-17T14:00:00,5320.0,5322.25,5305.75,5320.75,151727
2024-05-17T15:00:00,5321.0,5328.75,5318.75,5327.75,171784
2024-05-20T10:00:00,5344.0,5347.5,5339.5,5345.25,133071
2024-05-20T11:00:00,5345.0,5348.25,5340.75,5342.5,107010
2024-05-20T12:00:00,5342.75,5345.0,5339.0,5344.5,84528
2024-05-20T13:00:00,5344.75,5345.5,5333.0,5334.75,99057
2024-05-20T14:00:00,5334.75,5336.75,5323.75,5331.0,115482
2024-05-20T15:00:00,5331.25,5336.25,5327.5,5333.25,160769
2024-05-21T10:00:00,5327.0,5337.75,5327.0,5335.25,123044
2024-05-21T11:00:00,5335.25,5339.25,5330.0,5331.25,104175
2024-05-21T12:00:00,5331.5,5335.0,5329.5,5331.25,85048
2024-05-21T13:00:00,5331.0,5339.75,5328.0,5339.25,88723
2024-05-21T14:00:00,5339.5,5339.75,5333.25,5336.25,79446
2024-05-21T15:00:00,5336.0,5347.5,5334.25,5346.0,188536
2024-05-22T10:00:00,5342.25,5344.0,5339.0,5342.5,102596
2024-05-22T11:00:00,5342.75,5345.0,5332.5,5338.0,94145
2024-05-22T12:00:00,5338.0,5342.75,5337.25,5339.75,70588
2024-05-22T13:00:00,5339.5,5343.5,5325.25,5330.75,125138
2024-05-22T14:00:00,5331.0,5331.0,5306.75,5316.25,236983
2024-05-22T15:00:00,5316.5,5329.75,5308.75,5329.25,264490
2024-05-23T10:00:00,5326.75,5337.25,5317.0,5317.75,286585
2024-05-23T11:00:00,5317.75,5342.25,5316.75,5338.0,166605
2024-05-23T12:00:00,5338.0,5341.5,5322.5,5322.5,140802
2024-05-23T13:00:00,5322.5,5325.5,5292.5,5294.0,245270
2024-05-23T14:00:00,5294.0,5295.25,5275.0,5275.75,261203
2024-05-23T15:00:00,5275.75,5289.25,5273.5,5286.25,305023
2024-05-24T10:00:00,5298.0,5317.5,5298.0,5316.75,197580
2024-05-24T11:00:00,5316.75,5329.25,5315.0,5320.75,185946
2024-05-24T12:00:00,5320.75,5326.75,5318.75,5318.75,93109
2024-05-24T13:00:00,5319.0,5325.5,5317.0,5322.25,78464
2024-05-24T14:00:00,5322.0,5327.75,5317.0,5317.75,88906
2024-05-24T15:00:00,5317.5,5322.5,5309.25,5321.75,192559
2024-05-28T10:00:00,5319.75,5328.0,5316.0,5325.25,160332
2024-05-28T11:00:00,5325.25,5327.25,5319.75,5326.5,94034
2024-05-28T12:00:00,5326.25,5329.25,5322.25,5323.75,85662
2024-05-28T13:00:00,5324.0,5325.5,5311.0,5313.75,123200
2024-05-28T14:00:00,5314.0,5319.75,5296.75,5309.0,194736
2024-05-28T15:00:00,5309.0,5326.0,5306.75,5325.5,235257
2024-05-29T10:00:00,5286.75,5298.25,5283.75,5295.5,224610
2024-05-29T11:00:00,5295.5,5296.0,5285.5,5291.0,129409
2024-05-29T12:00:00,5291.25,5298.25,5285.0,5296.5,103096
2024-05-29T13:00:00,5296.25,5297.5,5286.75,5295.25,122677
2024-05-29T14:00:00,5295.25,5297.0,5285.75,5287.0,102751
2024-05-29T15:00:00,5287.25,5297.75,5281.5,5287.25,224810
2024-05-30T10:00:00,5270.25,5272.75,5254.75,5258.25,247910
2024-05-30T11:00:00,5258.25,5268.25,5253.0,5261.5,129902
2024-05-30T12:00:00,5261.5,5272.0,5261.25,5271.5,100086
2024-05-30T13:00:00,5271.5,5277.0,5269.5,5272.5,84237
2024-05-30T14:00:00,5272.5,5273.25,5260.75,5265.5,104684
2024-05-30T15:00:00,5265.5,5267.25,5238.25,5251.5,296562
2024-05-31T10:00:00,5253.25,5254.0,5224.0,5230.5,367561
2024-05-31T11:00:00,5230.5,5231.5,5218.0,5218.75,212516
2024-05-31T12:00:00,5218.75,5220.0,5205.5,5217.25,193631
2024-05-31T13:00:00,5217.0,5232.75,5217.0,5231.0,157378
2024-05-31T14:00:00,5231.0,5240.5,5227.75,5237.0,146876
2024-05-31T15:00:00,5237.0,5299.5,5232.75,5296.75,586915
2024-06-03T10:00:00,5301.5,5312.5,5278.25,5281.25,319751
2024-06-03T11:00:00,5281.5,5288.0,5275.0,5282.0,166484
2024-06-03T12:00:00,5281.75,5285.5,5253.0,5258.75,223283
2024-06-03T13:00:00,5258.75,5276.75,5246.75,5273.25,196475
2024-06-03T14:00:00,5273.0,5282.5,5267.5,5278.75,135404
2024-06-03T15:00:00,5278.75,5300.0,5277.25,5299.25,237728
2024-06-04T10:00:00,5285.0,5298.0,5277.75,5279.5,315567
2024-06-04T11:00:00,5281.0,5286.5,5271.5,5272.5,177293
2024-06-04T12:00:00,5272.5,5289.75,5269.5,5285.0,144064
2024-06-04T13:00:00,5285.0,5291.75,5277.0,5288.75,119864
2024-06-04T14:00:00,5288.5,5312.25,5287.25,5304.25,168890
2024-06-04T15:00:00,5304.25,5306.0,5286.5,5304.25,281309
2024-06-05T10:00:00,5319.75,5331.0,5306.5,5329.25,258399
2024-06-05T11:00:00,5329.25,5344.5,5329.25,5340.25,161780
2024-06-05T12:00:00,5340.0,5348.0,5337.25,5346.5,98554
2024-06-05T13:00:00,5346.25,5352.75,5341.5,5352.75,101141
2024-06-05T14:00:00,5352.75,5360.0,5350.0,5358.75,88322
2024-06-05T15:00:00,5358.5,5367.0,5352.0,5366.5,230291
2024-06-06T10:00:00,5362.75,5371.0,5362.5,5363.5,181620
2024-06-06T11:00:00,5363.75,5366.75,5359.5,5360.25,111940
2024-06-06T12:00:00,5360.25,5361.75,5351.25,5353.25,125243
2024-06-06T13:00:00,5353.25,5363.5,5351.75,5360.5,101950
2024-06-06T14:00:00,5360.75,5364.5,5345.25,5362.75,148086
2024-06-06T15:00:00,5362.75,5366.0,5358.75,5365.5,177819
2024-06-07T10:00:00,5356.5,5380.75,5354.75,5369.75,208041
2024-06-07T11:00:00,5369.75,5371.0,5356.0,5368.5,164006
2024-06-07T12:00:00,5368.5,5380.5,5364.5,5380.0,123371
2024-06-07T13:00:00,5380.0,5385.5,5373.75,5375.25,101348
2024-06-07T14:00:00,5375.25,5375.5,5351.25,5367.25,196867
2024-06-07T15:00:00,5367.25,5370.75,5353.75,5356.0,231866
2024-06-10T10:00:00,5346.25,5354.5,5345.5,5352.75,137496
2024-06-10T11:00:00,5352.75,5366.25,5352.5,5361.75,124939
2024-06-10T12:00:00,5361.75,5367.0,5361.0,5364.0,79006
2024-06-10T13:00:00,5364.0,5372.75,5357.5,5368.25,126917
2024-06-10T14:00:00,5368.25,5371.25,5358.25,5365.5,137348
2024-06-10T15:00:00,5365.5,5375.75,5362.25,5372.5,208220
2024-06-11T10:00:00,5341.75,5361.5,5339.75,5361.5,219228
2024-06-11T11:00:00,5361.25,5362.5,5351.0,5352.75,173270
2024-06-11T12:00:00,5353.0,5357.25,5350.0,5355.5,91051
2024-06-11T13:00:00,5355.5,5367.0,5351.5,5366.5,120789
2024-06-11T14:00:00,5366.5,5381.0,5363.75,5376.5,150558
2024-06-11T15:00:00,5376.5,5385.25,5370.5,5383.75,200557
2024-06-12T10:00:00,5440.5,5453.5,5439.25,5444.75,229912
2024-06-12T11:00:00,5444.75,5448.0,5439.0,5444.0,144147
2024-06-12T12:00:00,5444.0,5445.0,5438.0,5442.0,96041
2024-06-12T13:00:00,5442.0,5447.5,5435.5,5439.25,99106
2024-06-12T14:00:00,5439.5,5444.0,5422.0,5438.5,302639
2024-06-12T15:00:00,5438.5,5454.5,5416.25,5426.5,398314
2024-06-13T10:00:00,5432.5,5435.5,5417.0,5418.25,270369
2024-06-13T11:00:00,5418.0,5429.25,5415.25,5424.5,173011
2024-06-13T12:00:00,5424.5,5424.75,5408.5,5419.75,188053
2024-06-13T13:00:00,5419.75,5432.25,5418.25,5429.25,123975
2024-06-13T14:00:00,5429.5,5438.5,5424.75,5437.5,100721
2024-06-13T15:00:00,5437.25,5445.75,5434.25,5436.25,228587
2024-06-14T10:00:00,5424.75,5424.75,5408.5,5422.25,300096
2024-06-14T11:00:00,5422.0,5428.25,5413.0,5424.25,213073
2024-06-14T12:00:00,5424.0,5429.25,5419.5,5428.25,159450
2024-06-14T13:00:00,5428.25,5434.5,5425.75,5428.0,137209
2024-06-14T14:00:00,5427.75,5433.5,5421.75,5430.75,147532
2024-06-14T15:00:00,5430.75,5438.5,5428.5,5437.25,189536
2024-06-17T10:00:00,5430.0,5439.0,5427.75,5438.5,232111
2024-06-17T11:00:00,5438.25,5449.75,5438.25,5446.25,165923
2024-06-17T12:00:00,5446.0,5468.5,5445.75,5463.25,152396
2024-06-17T13:00:00,5463.25,5484.5,5463.25,5483.5,165186
2024-06-17T14:00:00,5483.25,5494.0,5482.75,5487.25,151626
2024-06-17T15:00:00,5487.0,5493.25,5476.5,5479.75,223926
2024-06-18T10:00:00,5483.25,5487.5,5477.0,5478.75,132654
2024-06-18T11:00:00,5478.5,5486.0,5475.0,5485.75,83628
2024-06-18T12:00:00,5485.5,5488.5,5479.75,5486.25,61650
2024-06-18T13:00:00,5486.0,5494.0,5482.25,5488.75,49958
2024-06-18T14:00:00,5488.75,5489.25,5478.25,5487.75,61064
2024-06-18T15:00:00,5487.75,5492.75,5481.75,5492.75,78183
2024-06-20T10:00:00,5503.0,5505.25,5491.25,5499.25,58211
2024-06-20T11:00:00,5499.5,5502.5,5490.5,5490.5,40280
2024-06-20T12:00:00,5490.5,5493.5,5467.0,5479.5,75902
2024-06-20T13:00:00,5479.25,5479.25,5458.5,5477.0,55044
2024-06-20T14:00:00,5477.0,5488.5,5476.25,5478.5,30357
2024-06-20T15:00:00,5478.5,5484.75,5464.5,5477.0,61161
2024-06-24T10:00:00,5545.25,5558.5,5535.5,5548.75,267561
2024-06-24T11:00:00,5548.5,5552.5,5544.25,5551.0,122703
2024-06-24T12:00:00,5550.75,5551.5,5537.25,5539.75,88484
2024-06-24T13:00:00,5539.75,5541.75,5524.25,5528.0,166139
2024-06-24T14:00:00,5528.25,5534.5,5522.5,5530.75,119565
2024-06-24T15:00:00,5530.5,5535.0,5514.5,5514.5,214097
2024-06-25T10:00:00,5518.5,5530.25,5517.75,5524.0,154225
2024-06-25T11:00:00,5524.0,5532.25,5522.5,5530.75,112521
2024-06-25T12:00:00,5530.75,5531.0,5512.25,5516.5,116953
2024-06-25T13:00:00,5516.5,5529.0,5511.75,5527.0,94633
2024-06-25T14:00:00,5527.0,5536.25,5525.25,5531.5,101611
2024-06-25T15:00:00,5531.5,5539.75,5528.75,5535.25,176341
2024-06-26T10:00:00,5527.25,5534.5,5522.25,5528.5,144370
2024-06-26T11:00:00,5528.25,5541.5,5516.25,5539.75,157305
2024-06-26T12:00:00,5539.75,5541.0,5529.0,5534.0,101376
2024-06-26T13:00:00,5534.0,5536.5,5526.25,5534.75,79576
2024-06-26T14:00:00,5534.75,5537.5,5529.25,5532.0,76717
2024-06-26T15:00:00,5532.0,5549.0,5527.5,5541.5,184980
2024-06-27T10:00:00,5546.25,5555.0,5541.5,5545.25,171708
2024-06-27T11:00:00,5545.25,5545.75,5531.0,5537.0,165692
2024-06-27T12:00:00,5536.75,5545.25,5535.25,5540.5,91026
2024-06-27T13:00:00,5540.5,5548.5,5540.5,5542.0,73581
2024-06-27T14:00:00,5542.25,5542.25,5530.0,5537.5,142340
2024-06-27T15:00:00,5537.25,5549.0,5535.75,5548.0,168648
2024-06-28T10:00:00,5562.0,5585.0,5562.0,5568.25,282111
2024-06-28T11:00:00,5568.0,5568.25,5553.5,5558.25,194268
2024-06-28T12:00:00,5558.0,5559.5,5535.5,5544.0,170306
2024-06-28T13:00:00,5544.0,5551.0,5539.5,5541.5,102172
2024-06-28T14:00:00,5541.25,5547.25,5530.75,5532.5,126344
2024-06-28T15:00:00,5532.5,5536.5,5510.75,5523.25,404542
2024-07-01T10:00:00,5528.75,5534.75,5504.5,5513.0,301556
2024-07-01T11:00:00,5513.25,5525.0,5508.0,5524.75,155274
2024-07-01T12:00:00,5524.75,5534.25,5519.5,5531.0,126280
2024-07-01T13:00:00,5531.0,5533.25,5526.75,5529.75,79156
2024-07-01T14:00:00,5530.0,5537.5,5525.25,5528.0,94698
2024-07-01T15:00:00,5528.0,5539.5,5518.5,5534.0,206197
2024-07-02T10:00:00,5530.5,5539.0,5523.75,5536.75,207464
2024-07-02T11:00:00,5536.5,5544.25,5533.5,5535.75,127909
2024-07-02T12:00:00,5535.5,5539.25,5530.25,5538.75,87845
2024-07-02T13:00:00,5538.75,5554.0,5538.0,5551.75,118039
2024-07-02T14:00:00,5552.0,5559.25,5551.5,5555.5,78332
2024-07-02T15:00:00,5555.5,5569.75,5554.0,5569.5,201182
2024-07-03T09:30:00,5561.25,5574.0,5560.75,5574.0,111135
2024-07-03T10:30:00,5574.25,5580.0,5566.75,5575.75,161172
2024-07-03T11:30:00,5576.0,5582.5,5572.25,5581.0,116748
2024-07-03T12:30:00,5581.0,5595.75,5580.5,5591.25,178840
2024-07-05T10:00:00,5600.25,5603.25,5585.5,5598.5,190131
2024-07-05T11:00:00,5598.5,5612.5,5595.5,5610.75,106153
2024-07-05T12:00:00,5610.75,5612.75,5606.25,5610.5,73880
2024-07-05T13:00:00,5610.5,5621.0,5608.25,5618.0,79982
2024-07-05T14:00:00,5618.25,5619.5,5613.5,5618.75,66533
2024-07-05T15:00:00,5618.5,5626.0,5617.5,5622.25,174735
2024-07-08T10:00:00,5635.25,5635.5,5623.75,5626.75,147822
2024-07-08T11:00:00,5626.5,5630.0,5621.5,5625.25,100765
2024-07-08T12:00:00,5625.5,5625.5,5617.25,5622.25,83691
2024-07-08T13:00:00,5622.25,5628.0,5618.75,5626.5,59697
2024-07-08T14:00:00,5626.75,5627.0,5615.25,5623.5,74926
2024-07-08T15:00:00,5623.75,5629.25,5619.25,5627.0,159697
2024-07-09T10:00:00,5640.25,5642.75,5630.0,5637.0,190089
2024-07-09T11:00:00,5636.75,5639.0,5630.75,5638.5,117573
2024-07-09T12:00:00,5638.75,5641.75,5634.75,5641.0,83944
2024-07-09T13:00:00,5641.0,5645.75,5631.0,5634.75,120766
2024-07-09T14:00:00,5634.75,5635.25,5629.5,5632.25,89360
2024-07-09T15:00:00,5632.25,5634.0,5628.25,5631.75,95787
2024-07-10T10:00:00,5646.5,5650.25,5641.5,5643.0,140477
2024-07-10T11:00:00,5643.0,5652.75,5640.25,5651.5,114240
2024-07-10T12:00:00,5651.5,5666.5,5651.0,5666.25,123661
2024-07-10T13:00:00,5666.25,5671.75,5664.0,5671.0,90941
2024-07-10T14:00:00,5671.25,5675.75,5667.25,5674.25,83494
2024-07-10T15:00:00,5674.0,5690.5,5670.75,5686.25,256286
2024-07-11T10:00:00,5692.25,5695.75,5656.0,5657.0,334514
2024-07-11T11:00:00,5657.0,5664.75,5636.0,5639.5,313096
2024-07-11T12:00:00,5639.5,5649.75,5633.5,5635.25,218516
2024-07-11T13:00:00,5635.25,5643.25,5630.0,5631.0,154820
2024-07-11T14:00:00,5631.0,5645.0,5630.0,5643.5,143067
2024-07-11T15:00:00,5643.5,5647.75,5635.75,5636.5,274950
2024-07-12T10:00:00,5659.0,5684.5,5656.0,5682.5,241002
2024-07-12T11:00:00,5682.5,5688.5,5677.75,5678.75,149508
2024-07-12T12:00:00,5678.5,5687.25,5671.75,5687.25,147592
2024-07-12T13:00:00,5687.25,5708.25,5685.75,5701.75,148144
2024-07-12T14:00:00,5701.75,5705.75,5697.25,5703.5,114024
2024-07-12T15:00:00,5703.5,5704.25,5660.0,5670.0,378042
2024-07-15T10:00:00,5688.75,5708.0,5688.75,5706.75,189227
2024-07-15T11:00:00,5706.75,5718.75,5701.5,5708.0,217522
2024-07-15T12:00:00,5707.75,5708.0,5691.25,5695.75,211933
2024-07-15T13:00:00,5695.75,5695.75,5676.75,5680.5,209031
2024-07-15T14:00:00,5680.5,5695.25,5676.5,5692.75,134401
2024-07-15T15:00:00,5692.75,5695.75,5666.0,5685.25,267039
2024-07-16T10:00:00,5700.25,5706.75,5690.25,5701.75,262872
2024-07-16T11:00:00,5700.5,5714.25,5697.25,5700.25,184404
2024-07-16T12:00:00,5700.5,5705.5,5691.5,5704.75,156266
2024-07-16T13:00:00,5705.0,5705.0,5694.0,5701.5,98918
2024-07-16T14:00:00,5701.5,5715.5,5695.25,5715.0,133003
2024-07-16T15:00:00,5715.25,5721.25,5709.25,5717.75,216936
2024-07-17T10:00:00,5666.0,5666.25,5646.25,5650.0,360553
2024-07-17T11:00:00,5650.0,5655.0,5645.0,5651.25,222399
2024-07-17T12:00:00,5651.5,5652.75,5637.75,5647.0,220270
2024-07-17T13:00:00,5647.25,5647.25,5633.25,5640.5,157348
2024-07-17T14:00:00,5640.75,5651.75,5635.75,5642.0,139696
2024-07-17T15:00:00,5642.0,5650.75,5637.25,5637.25,294819
2024-07-18T10:00:00,5653.75,5661.75,5622.5,5635.25,438653
2024-07-18T11:00:00,5635.5,5638.0,5593.5,5595.75,402988
2024-07-18T12:00:00,5595.75,5609.25,5590.0,5609.0,235387
2024-07-18T13:00:00,5609.25,5615.5,5600.5,5602.75,177067
2024-07-18T14:00:00,5603.0,5603.5,5583.5,5589.75,224925
2024-07-18T15:00:00,5589.75,5605.0,5570.25,5593.0,467640
2024-07-19T10:00:00,5593.25,5596.75,5570.0,5575.0,283444
2024-07-19T11:00:00,5575.25,5583.75,5555.25,5574.25,274643
2024-07-19T12:00:00,5574.0,5578.5,5552.5,5556.75,219445
2024-07-19T13:00:00,5557.0,5558.0,5542.0,5557.25,201140
2024-07-19T14:00:00,5557.25,5560.5,5543.5,5554.75,155701
2024-07-19T15:00:00,5554.75,5568.5,5545.5,5554.0,324121
2024-07-22T10:00:00,5589.75,5607.75,5576.5,5601.0,297767
2024-07-22T11:00:00,5603.25,5608.25,5572.75,5580.25,276117
2024-07-22T12:00:00,5580.25,5600.75,5575.25,5598.25,136492
2024-07-22T13:00:00,5598.5,5612.0,5598.5,5608.5,120491
2024-07-22T14:00:00,5608.75,5616.0,5604.75,5611.5,100221
2024-07-22T15:00:00,5611.75,5614.75,5604.75,5609.25,164333
2024-07-23T10:00:00,5617.5,5626.5,5604.5,5612.0,236258
2024-07-23T11:00:00,5613.75,5629.75,5613.5,5624.25,166166
2024-07-23T12:00:00,5624.5,5626.0,5603.5,5608.0,159405
2024-07-23T13:00:00,5608.25,5615.75,5604.0,5614.5,115133
2024-07-23T14:00:00,5614.25,5617.75,5607.0,5613.0,82859
2024-07-23T15:00:00,5613.25,5615.75,5594.5,5599.0,187177
2024-07-24T10:00:00,5527.0,5528.75,5511.5,5515.25,310623
2024-07-24T11:00:00,5515.25,5516.0,5500.5,5502.5,206793
2024-07-24T12:00:00,5502.75,5508.25,5495.25,5497.75,182812
2024-07-24T13:00:00,5497.75,5509.25,5496.25,5497.75,130338
2024-07-24T14:00:00,5497.75,5500.75,5476.75,5483.75,197186
2024-07-24T15:00:00,5483.5,5488.5,5462.0,5471.75,428283
2024-07-25T10:00:00,5457.0,5486.5,5432.5,5486.0,548921
2024-07-25T11:00:00,5486.0,5504.5,5478.5,5497.75,323280
2024-07-25T12:00:00,5497.75,5524.75,5491.0,5519.5,267268
2024-07-25T13:00:00,5519.5,5533.25,5499.25,5504.5,214846
2024-07-25T14:00:00,5504.5,5505.0,5463.25,5466.25,237188
2024-07-25T15:00:00,5466.0,5495.25,5439.0,5441.5,400735
2024-07-26T10:00:00,5484.5,5501.75,5471.75,5489.75,335610
2024-07-26T11:00:00,5489.75,5505.25,5483.0,5504.0,199526
2024-07-26T12:00:00,5504.25,5525.0,5503.0,5523.75,178518
2024-07-26T13:00:00,5523.75,5528.25,5495.75,5505.0,213736
2024-07-26T14:00:00,5505.25,5510.25,5489.25,5491.5,158394
2024-07-26T15:00:00,5491.5,5506.5,5482.5,5499.5,348029
2024-07-29T10:00:00,5520.75,5525.0,5497.0,5497.5,291891
2024-07-29T11:00:00,5497.75,5512.5,5481.0,5510.75,235778
2024-07-29T12:00:00,5510.75,5522.5,5510.5,5517.25,166294
2024-07-29T13:00:00,5517.25,5525.25,5504.25,5509.5,137543
2024-07-29T14:00:00,5509.5,5509.75,5499.5,5506.25,161648
2024-07-29T15:00:00,5506.25,5515.75,5500.25,5503.0,210328
2024-07-30T10:00:00,5517.0,5519.0,5490.5,5492.25,288114
2024-07-30T11:00:00,5492.25,5493.75,5457.5,5458.25,322159
2024-07-30T12:00:00,5458.5,5466.0,5441.0,5441.5,220348
2024-07-30T13:00:00,5441.5,5468.25,5438.0,5466.25,226509
2024-07-30T14:00:00,5466.25,5480.0,5463.0,5467.75,186976
2024-07-30T15:00:00,5467.75,5491.0,5460.75,5473.0,299031
2024-07-31T10:00:00,5540.5,5566.75,5538.0,5559.25,287993
2024-07-31T11:00:00,5559.25,5571.0,5556.25,5560.25,158217
2024-07-31T12:00:00,5560.5,5564.75,5554.25,5555.0,105046
2024-07-31T13:00:00,5555.25,5563.5,5539.5,5555.75,147616
2024-07-31T14:00:00,5555.5,5588.5,5547.0,5584.0,225105
2024-07-31T15:00:00,5584.0,5587.5,5545.5,5556.75,481419
2024-08-01T10:00:00,5591.75,5595.75,5524.0,5526.25,448627
2024-08-01T11:00:00,5526.5,5528.5,5493.0,5498.5,359016
2024-08-01T12:00:00,5498.75,5515.5,5482.5,5488.25,258182
2024-08-01T13:00:00,5488.5,5490.75,5455.25,5476.75,267680
2024-08-01T14:00:00,5476.75,5479.5,5444.75,5450.25,263499
2024-08-01T15:00:00,5450.25,5485.75,5447.0,5480.75,449303
2024-08-02T10:00:00,5388.5,5388.75,5336.25,5338.75,590921
2024-08-02T11:00:00,5338.75,5374.25,5331.75,5367.75,432059
2024-08-02T12:00:00,5367.25,5381.75,5351.75,5358.25,306771
2024-08-02T13:00:00,5358.25,5366.5,5342.25,5348.25,228042
2024-08-02T14:00:00,5348.0,5370.5,5341.25,5355.0,208541
2024-08-02T15:00:00,5355.0,5378.5,5351.0,5376.5,405293
2024-08-05T10:00:00,5196.5,5254.0,5189.0,5207.0,480988
2024-08-05T11:00:00,5207.5,5264.0,5196.75,5247.5,315242
2024-08-05T12:00:00,5247.5,5279.5,5227.75,5232.75,255882
2024-08-05T13:00:00,5232.75,5252.25,5226.0,5234.0,188932
2024-08-05T14:00:00,5234.5,5237.5,5199.75,5200.75,218371
2024-08-05T15:00:00,5201.0,5223.0,5192.25,5218.75,412180
2024-08-06T10:00:00,5262.25,5309.0,5255.0,5297.5,322887
2024-08-06T11:00:00,5297.25,5303.75,5267.0,5302.5,210078
2024-08-06T12:00:00,5302.5,5324.0,5298.5,5320.0,149729
2024-08-06T13:00:00,5320.25,5327.75,5314.25,5327.5,113054
2024-08-06T14:00:00,5322.5,5342.0,5312.5,5318.5,138840
2024-08-06T15:00:00,5318.25,5320.5,5262.5,5265.0,416385
2024-08-07T10:00:00,5353.25,5359.25,5325.25,5347.5,310080
2024-08-07T11:00:00,5347.5,5354.5,5313.0,5323.0,197966
2024-08-07T12:00:00,5323.25,5323.75,5288.75,5292.75,201273
2024-08-07T13:00:00,5293.0,5296.25,5256.75,5262.5,226778
2024-08-07T14:00:00,5262.25,5264.25,5230.5,5236.75,228826
2024-08-07T15:00:00,5236.75,5263.0,5222.25,5226.0,265321
2024-08-08T10:00:00,5292.5,5326.75,5288.25,5324.25,290116
2024-08-08T11:00:00,5324.5,5327.25,5306.0,5318.75,163574
2024-08-08T12:00:00,5318.75,5332.5,5308.25,5320.25,127682
2024-08-08T13:00:00,5320.5,5347.25,5309.0,5344.5,142451
2024-08-08T14:00:00,5344.5,5355.5,5337.25,5343.5,123971
2024-08-08T15:00:00,5343.5,5352.5,5323.75,5348.5,298287
2024-08-09T10:00:00,5331.75,5361.5,5327.5,5355.0,221739
2024-08-09T11:00:00,5355.0,5366.5,5341.5,5343.75,140224
2024-08-09T12:00:00,5344.75,5354.5,5337.75,5354.25,100211
2024-08-09T13:00:00,5354.25,5385.25,5352.75,5366.0,137307
2024-08-09T14:00:00,5366.25,5370.0,5355.5,5364.0,119986
2024-08-09T15:00:00,5363.75,5374.0,5358.25,5368.75,192386
2024-08-12T10:00:00,5352.5,5391.5,5350.25,5391.25,175167
2024-08-12T11:00:00,5391.5,5396.75,5357.25,5387.25,200816
2024-08-12T12:00:00,5387.25,5390.25,5366.0,5366.5,114128
2024-08-12T13:00:00,5366.5,5381.25,5356.25,5362.5,113568
2024-08-12T14:00:00,5362.75,5371.25,5360.75,5370.75,74278
2024-08-12T15:00:00,5371.0,5372.75,5356.25,5371.5,180884
2024-08-13T10:00:00,5415.75,5423.75,5401.5,5422.0,189349
2024-08-13T11:00:00,5421.75,5431.5,5419.75,5428.5,94045
2024-08-13T12:00:00,5428.75,5450.25,5425.75,5449.25,116575
2024-08-13T13:00:00,5449.0,5449.25,5433.25,5446.0,99355
2024-08-13T14:00:00,5446.0,5453.5,5441.25,5452.75,78719
2024-08-13T15:00:00,5453.0,5461.25,5445.0,5458.75,219791
2024-08-14T10:00:00,5452.75,5462.0,5438.75,5461.0,219678
2024-08-14T11:00:00,5461.25,5486.0,5459.75,5485.0,136912
2024-08-14T12:00:00,5485.0,5487.75,5455.75,5469.0,156083
2024-08-14T13:00:00,5468.75,5474.5,5462.75,5471.0,90748
2024-08-14T14:00:00,5471.0,5481.5,5464.0,5481.0,79992
2024-08-14T15:00:00,5480.75,5484.75,5465.5,5475.25,170725
2024-08-15T10:00:00,5539.75,5551.0,5526.25,5547.0,211586
2024-08-15T11:00:00,5547.25,5559.5,5545.75,5554.25,120631
2024-08-15T12:00:00,5554.0,5565.25,5550.75,5557.5,110721
2024-08-15T13:00:00,5557.75,5565.0,5552.75,5564.75,88201
2024-08-15T14:00:00,5564.75,5569.0,5562.25,5567.25,91223
2024-08-15T15:00:00,5567.0,5571.75,5557.25,5568.75,242156
2024-08-16T10:00:00,5558.0,5571.75,5551.75,5557.0,160469
2024-08-16T11:00:00,5557.0,5571.0,5555.0,5569.25,96685
2024-08-16T12:00:00,5569.25,5586.25,5567.25,5584.0,95777
2024-08-16T13:00:00,5584.25,5585.0,5575.75,5581.75,74956
2024-08-16T14:00:00,5581.75,5583.25,5574.0,5581.75,65299
2024-08-16T15:00:00,5581.75,5583.25,5571.25,5578.25,141726
2024-08-19T10:00:00,5584.75,5602.25,5573.5,5600.5,163516
2024-08-19T11:00:00,5600.5,5605.5,5593.25,5597.5,101259
2024-08-19T12:00:00,5597.75,5610.25,5594.5,5608.5,69210
2024-08-19T13:00:00,5608.5,5611.0,5604.5,5610.75,53117
2024-08-19T14:00:00,5610.75,5620.25,5608.75,5617.0,76943
2024-08-19T15:00:00,5617.0,5631.25,5613.25,5630.75,172257
2024-08-20T10:00:00,5642.5,5643.25,5614.25,5618.5,217476
2024-08-20T11:00:00,5618.75,5628.0,5613.0,5627.5,113939
2024-08-20T12:00:00,5627.5,5629.0,5614.75,5615.0,101172
2024-08-20T13:00:00,5615.25,5619.5,5607.75,5617.75,81000
2024-08-20T14:00:00,5617.75,5632.25,5616.5,5625.25,77938
2024-08-20T15:00:00,5625.5,5627.0,5618.5,5621.0,133224
2024-08-21T10:00:00,5637.25,5655.25,5619.5,5626.25,243224
2024-08-21T11:00:00,5625.75,5637.25,5619.25,5622.75,121471
2024-08-21T12:00:00,5622.5,5637.0,5613.5,5635.0,91885
2024-08-21T13:00:00,5635.25,5639.5,5632.5,5637.5,52554
2024-08-21T14:00:00,5637.75,5651.0,5635.25,5641.5,118584
2024-08-21T15:00:00,5641.25,5644.0,5626.0,5640.25,158974
2024-08-22T10:00:00,5656.5,5657.75,5634.25,5638.0,175643
2024-08-22T11:00:00,5638.0,5645.25,5603.25,5610.0,194632
2024-08-22T12:00:00,5610.0,5633.5,5605.25,5608.75,157811
2024-08-22T13:00:00,5608.75,5617.0,5584.75,5586.75,155251
2024-08-22T14:00:00,5588.75,5605.75,5585.0,5592.5,126963
2024-08-22T15:00:00,5592.75,5604.75,5582.75,5595.0,247687
2024-08-23T10:00:00,5628.25,5662.25,5614.25,5636.0,381231
2024-08-23T11:00:00,5636.0,5656.0,5625.75,5630.5,211924
2024-08-23T12:00:00,5630.5,5632.25,5603.0,5623.25,174536
2024-08-23T13:00:00,5623.25,5640.75,5620.0,5634.5,86827
2024-08-23T14:00:00,5634.75,5642.75,5632.5,5638.5,67021
2024-08-23T15:00:00,5638.5,5657.75,5632.25,5651.25,187310
2024-08-26T10:00:00,5660.0,5661.75,5631.0,5640.75,206179
2024-08-26T11:00:00,5640.5,5642.75,5627.0,5629.0,129585
2024-08-26T12:00:00,5629.0,5646.25,5626.5,5644.5,93959
2024-08-26T13:00:00,5644.5,5646.5,5621.25,5624.5,107711
2024-08-26T14:00:00,5624.5,5638.75,5619.75,5638.0,108601
2024-08-26T15:00:00,5637.75,5638.5,5628.25,5637.25,139566
2024-08-27T10:00:00,5627.0,5646.0,5624.25,5645.0,176918
2024-08-27T11:00:00,5644.75,5649.5,5626.75,5635.5,154895
2024-08-27T12:00:00,5635.25,5640.5,5627.0,5636.75,77786
2024-08-27T13:00:00,5636.5,5649.0,5636.5,5648.0,78704
2024-08-27T14:00:00,5648.0,5649.25,5642.0,5644.5,60824
2024-08-27T15:00:00,5644.5,5647.25,5640.0,5643.75,129910
2024-08-28T10:00:00,5638.25,5640.75,5622.0,5624.25,165634
2024-08-28T11:00:00,5624.0,5624.25,5604.0,5612.0,204500
2024-08-28T12:00:00,5612.0,5614.25,5596.0,5613.0,107249
2024-08-28T13:00:00,5613.0,5616.25,5579.25,5580.75,130327
2024-08-28T14:00:00,5580.75,5609.25,5577.5,5608.0,143812
2024-08-28T15:00:00,5607.75,5621.5,5599.0,5611.5,214480
2024-08-29T10:00:00,5638.0,5655.0,5628.0,5648.0,225802
2024-08-29T11:00:00,5647.75,5659.25,5641.75,5651.75,150653
2024-08-29T12:00:00,5652.0,5663.75,5651.25,5658.25,122206
2024-08-29T13:00:00,5658.25,5658.25,5646.5,5655.5,99652
2024-08-29T14:00:00,5655.25,5655.25,5598.0,5611.5,256824
2024-08-29T15:00:00,5611.5,5626.5,5601.75,5610.25,227097
2024-08-30T10:00:00,5640.5,5646.0,5622.25,5623.0,190529
2024-08-30T11:00:00,5623.0,5628.25,5604.25,5614.5,202319
2024-08-30T12:00:00,5614.5,5619.75,5594.25,5614.25,156314
2024-08-30T13:00:00,5614.0,5620.25,5608.75,5611.5,102837
2024-08-30T14:00:00,5611.75,5632.5,5608.75,5630.0,119232
2024-08-30T15:00:00,5630.0,5665.0,5624.5,5658.25,337524
2024-09-03T10:00:00,5612.0,5612.0,5572.5,5575.25,295793
2024-09-03T11:00:00,5575.25,5591.75,5573.25,5577.75,179409
2024-09-03T12:00:00,5577.75,5587.25,5569.0,5570.5,128815
2024-09-03T13:00:00,5570.5,5580.5,5564.0,5564.75,118996
2024-09-03T14:00:00,5564.75,5565.75,5546.5,5548.25,155840
2024-09-03T15:00:00,5548.0,5553.25,5516.75,5543.25,374003
2024-09-04T10:00:00,5545.5,5560.75,5521.0,5560.25,331212
2024-09-04T11:00:00,5560.25,5565.0,5533.75,5538.75,188344
2024-09-04T12:00:00,5538.75,5551.5,5531.25,5543.75,127798
2024-09-04T13:00:00,5543.5,5543.75,5527.25,5530.0,100155
2024-09-04T14:00:00,5530.25,5538.0,5520.5,5521.0,144803
2024-09-04T15:00:00,5521.0,5540.0,5515.0,5528.0,266839
2024-09-05T10:00:00,5538.5,5557.25,5522.75,5523.0,283927
2024-09-05T11:00:00,5523.25,5525.0,5492.5,5494.0,272938
2024-09-05T12:00:00,5494.0,5512.25,5490.0,5506.5,144590
2024-09-05T13:00:00,5506.5,5526.75,5496.5,5526.25,140864
2024-09-05T14:00:00,5526.25,5531.25,5518.0,5521.0,133308
2024-09-05T15:00:00,5521.0,5522.25,5500.0,5515.0,251629
2024-09-06T10:00:00,5495.75,5499.25,5432.5,5438.5,419989
2024-09-06T11:00:00,5438.75,5469.5,5418.5,5421.75,410718
2024-09-06T12:00:00,5421.75,5428.0,5412.5,5417.0,171802
2024-09-06T13:00:00,5417.25,5436.0,5414.5,5422.0,142597
2024-09-06T14:00:00,5422.0,5424.5,5410.25,5420.25,117569
2024-09-06T15:00:00,5420.5,5434.75,5412.5,5420.5,308408
2024-09-09T10:00:00,5468.75,5479.75,5449.0,5449.0,250586
2024-09-09T11:00:00,5448.75,5475.75,5442.5,5475.75,163737
2024-09-09T12:00:00,5478.25,5492.5,5475.75,5490.75,129834
2024-09-09T13:00:00,5490.75,5493.0,5471.5,5473.25,118425
2024-09-09T14:00:00,5473.5,5474.25,5457.25,5466.75,149031
2024-09-09T15:00:00,5466.5,5480.75,5460.0,5479.5,239095
2024-09-10T10:00:00,5493.75,5496.0,5470.25,5479.75,248406
2024-09-10T11:00:00,5480.0,5492.0,5455.5,5456.25,188423
2024-09-10T12:00:00,5456.25,5473.0,5449.25,5466.25,176116
2024-09-10T13:00:00,5466.0,5486.5,5464.75,5484.5,128146
2024-09-10T14:00:00,5484.5,5498.0,5484.5,5496.75,121991
2024-09-10T15:00:00,5497.0,5504.25,5494.25,5504.25,172795
2024-09-11T10:00:00,5460.25,5461.0,5412.0,5424.25,351240
2024-09-11T11:00:00,5424.25,5464.75,5418.5,5458.0,300875
2024-09-11T12:00:00,5458.25,5489.0,5456.0,5486.75,242652
2024-09-11T13:00:00,5486.5,5521.75,5486.5,5513.5,211976
2024-09-11T14:00:00,5513.25,5541.0,5510.25,5530.25,215005
2024-09-11T15:00:00,5530.25,5567.5,5525.75,5556.75,286844
2024-09-12T10:00:00,5550.75,5575.5,5545.75,5565.25,277939
2024-09-12T11:00:00,5559.75,5579.25,5554.5,5558.0,195365
2024-09-12T12:00:00,5558.0,5585.25,5556.25,5584.0,121169
2024-09-12T13:00:00,5584.25,5606.5,5583.0,5604.5,148697
2024-09-12T14:00:00,5604.25,5607.0,5578.0,5599.75,183915
2024-09-12T15:00:00,5600.0,5605.0,5594.0,5603.5,222146
2024-09-13T10:00:00,5620.25,5636.75,5610.0,5629.5,278807
2024-09-13T11:00:00,5629.25,5639.0,5626.0,5637.75,176025
2024-09-13T12:00:00,5637.5,5640.5,5624.25,5633.0,182534
2024-09-13T13:00:00,5633.0,5641.5,5632.25,5636.5,141498
2024-09-13T14:00:00,5636.75,5641.0,5621.75,5625.25,199346
2024-09-13T15:00:00,5625.0,5634.25,5621.0,5630.25,244805
2024-09-16T10:00:00,5635.0,5638.25,5609.25,5617.0,292830
2024-09-16T11:00:00,5617.25,5625.75,5611.75,5622.75,213229
2024-09-16T12:00:00,5622.75,5626.0,5613.25,5625.5,152277
2024-09-16T13:00:00,5625.75,5635.75,5622.0,5635.0,126543
2024-09-16T14:00:00,5635.25,5637.5,5628.25,5637.25,122364
2024-09-16T15:00:00,5637.0,5641.5,5630.0,5639.0,170698
2024-09-17T10:00:00,5654.5,5675.5,5652.75,5661.25,155966
2024-09-17T11:00:00,5666.5,5669.25,5657.5,5659.25,97598
2024-09-17T12:00:00,5659.25,5661.5,5618.75,5627.75,138356
2024-09-17T13:00:00,5627.75,5640.0,5617.0,5636.0,83585
2024-09-17T14:00:00,5636.0,5641.0,5622.5,5629.5,77354
2024-09-17T15:00:00,5629.5,5641.5,5622.75,5640.75,122039
2024-09-18T10:00:00,5638.75,5642.0,5629.75,5636.5,51942
2024-09-18T11:00:00,5636.5,5640.25,5624.0,5625.0,55742
2024-09-18T12:00:00,5625.75,5645.5,5622.0,5644.5,29405
2024-09-18T13:00:00,5644.75,5651.25,5637.0,5639.75,35511
2024-09-18T14:00:00,5639.75,5696.25,5622.0,5646.0,136221
2024-09-18T15:00:00,5646.25,5667.0,5613.75,5621.0,103226
2024-09-19T10:00:00,5704.0,5727.5,5701.25,5707.25,59526
2024-09-19T11:00:00,5707.25,5720.0,5702.25,5712.25,37971
2024-09-19T12:00:00,5712.25,5729.0,5711.25,5723.25,27235
2024-09-19T13:00:00,5723.25,5737.5,5721.5,5733.25,27670
2024-09-19T14:00:00,5733.5,5735.75,5717.25,5727.25,34641
2024-09-19T15:00:00,5727.25,5729.25,5711.5,5717.25,54869
2024-09-23T10:00:00,5768.75,5784.5,5765.0,5779.0,170558
2024-09-23T11:00:00,5777.75,5782.5,5768.0,5776.75,130430
2024-09-23T12:00:00,5776.75,5777.5,5763.0,5766.25,112767
2024-09-23T13:00:00,5766.25,5773.75,5761.0,5773.0,93121
2024-09-23T14:00:00,5772.75,5775.25,5768.0,5774.5,65545
2024-09-23T15:00:00,5774.5,5779.5,5770.25,5776.25,135792
2024-09-24T10:00:00,5772.75,5776.25,5754.75,5774.0,253672
2024-09-24T11:00:00,5773.75,5790.5,5772.5,5785.25,150949
2024-09-24T12:00:00,5785.5,5791.25,5781.75,5783.75,84882
2024-09-24T13:00:00,5783.75,5789.5,5782.0,5784.0,69857
2024-09-24T14:00:00,5784.0,5786.5,5773.5,5784.0,96697
2024-09-24T15:00:00,5784.0,5794.25,5783.0,5792.75,158794
2024-09-25T10:00:00,5794.5,5798.75,5785.0,5791.25,147164
2024-09-25T11:00:00,5791.5,5793.5,5782.5,5787.0,106758
2024-09-25T12:00:00,5786.75,5787.5,5778.25,5779.0,91536
2024-09-25T13:00:00,5779.0,5782.5,5768.0,5782.0,117544
2024-09-25T14:00:00,5782.0,5783.0,5769.0,5779.5,81280
2024-09-25T15:00:00,5779.75,5782.0,5772.5,5779.5,133850
2024-09-26T10:00:00,5815.5,5821.75,5790.0,5792.0,256624
2024-09-26T11:00:00,5792.25,5805.5,5788.5,5803.75,165690
2024-09-26T12:00:00,5803.75,5804.0,5787.75,5790.25,110838
2024-09-26T13:00:00,5790.0,5797.25,5778.25,5795.0,114745
2024-09-26T14:00:00,5795.25,5807.0,5795.25,5802.0,92055
2024-09-26T15:00:00,5802.25,5808.25,5798.0,5803.25,143569
2024-09-27T10:00:00,5808.5,5821.5,5805.0,5816.25,176589
2024-09-27T11:00:00,5816.25,5816.5,5802.0,5802.5,119730
2024-09-27T12:00:00,5802.25,5804.5,5796.5,5799.75,102901
2024-09-27T13:00:00,5799.5,5804.75,5793.0,5802.25,83411
2024-09-27T14:00:00,5802.25,5804.5,5782.0,5800.5,161364
2024-09-27T15:00:00,5800.25,5801.25,5790.0,5791.25,180164
2024-09-30T10:00:00,5782.5,5792.5,5778.5,5788.75,140788
2024-09-30T11:00:00,5788.75,5794.5,5783.25,5792.25,95379
2024-09-30T12:00:00,5792.0,5798.75,5791.25,5792.0,82267
2024-09-30T13:00:00,5792.0,5793.5,5785.25,5792.25,80037
2024-09-30T14:00:00,5792.25,5792.5,5756.25,5781.75,244929
2024-09-30T15:00:00,5781.75,5820.25,5775.25,5816.25,337167
2024-10-01T10:00:00,5768.5,5777.0,5742.75,5753.75,362244
2024-10-01T11:00:00,5754.0,5768.25,5734.25,5757.0,232578
2024-10-01T12:00:00,5757.0,5769.75,5739.0,5757.75,221200
2024-10-01T13:00:00,5757.75,5767.75,5735.75,5767.25,192674
2024-10-01T14:00:00,5767.25,5783.75,5766.75,5778.25,162316
2024-10-01T15:00:00,5778.0,5779.25,5757.5,5760.25,202172
2024-10-02T10:00:00,5743.25,5770.0,5741.5,5755.75,246086
2024-10-02T11:00:00,5755.75,5772.25,5753.75,5768.25,144105
2024-10-02T12:00:00,5768.25,5771.0,5750.75,5751.25,80494
2024-10-02T13:00:00,5751.25,5764.0,5748.0,5763.25,96054
2024-10-02T14:00:00,5763.25,5766.25,5749.75,5761.25,75229
2024-10-02T15:00:00,5761.25,5767.25,5759.25,5760.5,128126
2024-10-03T10:00:00,5750.5,5770.0,5733.75,5737.75,313393
2024-10-03T11:00:00,5738.0,5761.5,5733.5,5756.5,150753
2024-10-03T12:00:00,5756.5,5763.5,5729.25,5735.0,143557
2024-10-03T13:00:00,5735.0,5745.5,5725.75,5742.0,134459
2024-10-03T14:00:00,5742.0,5745.5,5735.5,5739.0,67910
2024-10-03T15:00:00,5739.0,5754.25,5731.25,5749.25,168754
2024-10-04T10:00:00,5771.5,5781.75,5749.5,5769.75,276244
2024-10-04T11:00:00,5769.5,5777.0,5752.0,5774.0,177739
2024-10-04T12:00:00,5774.25,5785.25,5763.75,5780.5,111338
2024-10-04T13:00:00,5780.75,5786.25,5765.75,5772.25,91639
2024-10-04T14:00:00,5772.5,5786.0,5767.0,5785.5,82904
2024-10-04T15:00:00,5785.25,5804.75,5781.75,5799.75,165757
2024-10-07T10:00:00,5776.0,5788.75,5775.5,5782.0,139752
2024-10-07T11:00:00,5782.0,5786.75,5775.0,5780.25,96831
2024-10-07T12:00:00,5780.25,5780.75,5769.75,5775.0,86220
2024-10-07T13:00:00,5777.0,5778.75,5766.75,5773.0,69054
2024-10-07T14:00:00,5773.0,5773.25,5734.25,5736.5,185070
2024-10-07T15:00:00,5736.5,5755.75,5735.0,5743.75,163618
2024-10-08T10:00:00,5776.5,5795.0,5773.0,5787.5,180070
2024-10-08T11:00:00,5787.5,5793.0,5782.0,5792.5,89943
2024-10-08T12:00:00,5792.25,5793.0,5783.5,5788.5,68554
2024-10-08T13:00:00,5788.0,5788.25,5774.5,5786.75,86520
2024-10-08T14:00:00,5786.75,5798.25,5786.25,5796.5,66887
2024-10-08T15:00:00,5796.75,5806.75,5793.0,5800.75,180964
2024-10-09T10:00:00,5804.25,5818.75,5803.0,5818.0,153758
2024-10-09T11:00:00,5818.0,5840.0,5818.0,5838.5,134708
2024-10-09T12:00:00,5838.5,5838.75,5824.5,5828.0,93074
2024-10-09T13:00:00,5828.0,5835.5,5823.5,5826.5,100755
2024-10-09T14:00:00,5826.5,5834.5,5823.5,5831.5,88436
2024-10-09T15:00:00,5831.25,5846.5,5826.25,5840.0,201807
2024-10-10T10:00:00,5821.25,5834.0,5818.5,5821.75,129275
2024-10-10T11:00:00,5821.75,5837.25,5818.25,5837.0,84587
2024-10-10T12:00:00,5837.0,5843.25,5825.0,5829.25,114363
2024-10-10T13:00:00,5829.25,5834.25,5814.75,5829.5,112477
2024-10-10T14:00:00,5829.5,5829.5,5811.5,5820.0,79389
2024-10-10T15:00:00,5820.25,5833.0,5815.25,5829.0,159175
2024-10-11T10:00:00,5838.25,5866.25,5834.25,5855.75,210354
2024-10-11T11:00:00,5855.5,5863.0,5854.75,5861.5,86695
2024-10-11T12:00:00,5861.25,5861.25,5845.0,5853.5,90440
2024-10-11T13:00:00,5853.5,5858.5,5848.5,5856.0,61768
2024-10-11T14:00:00,5856.0,5864.0,5852.75,5861.75,75768
2024-10-11T15:00:00,5862.0,5868.25,5859.0,5859.75,161765
2024-10-14T10:00:00,5898.75,5903.75,5891.75,5894.25,123925
2024-10-14T11:00:00,5894.0,5900.25,5888.75,5900.0,94709
2024-10-14T12:00:00,5900.25,5905.5,5899.5,5904.0,52108
2024-10-14T13:00:00,5904.0,5907.25,5901.0,5901.5,40001
2024-10-14T14:00:00,5901.5,5912.25,5898.5,5908.0,74353
2024-10-14T15:00:00,5908.25,5918.5,5905.5,5909.25,183783
2024-10-15T10:00:00,5907.25,5911.5,5877.75,5884.5,281899
2024-10-15T11:00:00,5884.75,5893.25,5877.5,5879.0,149797
2024-10-15T12:00:00,5879.25,5890.75,5878.25,5883.0,94952
2024-10-15T13:00:00,5883.25,5884.75,5873.0,5874.75,99498
2024-10-15T14:00:00,5874.75,5879.0,5864.5,5866.0,99621
2024-10-15T15:00:00,5866.0,5867.0,5850.0,5862.75,277462
2024-10-16T10:00:00,5855.25,5875.5,5854.25,5865.0,164515
2024-10-16T11:00:00,5865.0,5873.0,5861.5,5866.5,89875
2024-10-16T12:00:00,5866.25,5878.25,5866.0,5878.0,58306
2024-10-16T13:00:00,5878.25,5881.25,5873.25,5880.5,66253
2024-10-16T14:00:00,5880.75,5892.75,5879.0,5888.5,82523
2024-10-16T15:00:00,5888.5,5890.75,5884.75,5886.25,138456
2024-10-17T10:00:00,5903.75,5907.25,5891.25,5894.0,188781
2024-10-17T11:00:00,5894.25,5910.75,5886.5,5910.25,112268
2024-10-17T12:00:00,5910.25,5913.5,5900.5,5907.25,78716
2024-10-17T13:00:00,5907.25,5910.5,5904.0,5907.0,66400
2024-10-17T14:00:00,5907.0,5907.5,5887.25,5896.25,137767
2024-10-17T15:00:00,5896.5,5897.0,5884.75,5886.25,153420
2024-10-18T10:00:00,5893.5,5901.0,5891.25,5896.25,117402
2024-10-18T11:00:00,5896.75,5905.75,5895.75,5900.0,85995
2024-10-18T12:00:00,5900.0,5914.0,5897.75,5908.0,72955
2024-10-18T13:00:00,5908.0,5912.5,5906.0,5907.0,61954
2024-10-18T14:00:00,5907.0,5915.5,5899.25,5909.5,73825
2024-10-18T15:00:00,5909.5,5909.5,5901.25,5906.25,139367
2024-10-21T10:00:00,5900.25,5908.5,5880.0,5885.25,185023
2024-10-21T11:00:00,5885.25,5886.25,5865.0,5882.75,194868
2024-10-21T12:00:00,5882.75,5888.5,5877.25,5887.75,80056
2024-10-21T13:00:00,5888.0,5893.5,5885.5,5892.25,58759
2024-10-21T14:00:00,5892.5,5892.75,5881.75,5883.5,58209
2024-10-21T15:00:00,5883.5,5897.75,5881.25,5897.0,170766
2024-10-22T10:00:00,5871.5,5881.0,5868.5,5878.25,163708
2024-10-22T11:00:00,5878.5,5884.0,5874.0,5879.0,85300
2024-10-22T12:00:00,5879.0,5885.5,5874.5,5884.75,75494
2024-10-22T13:00:00,5884.75,5899.25,5881.75,5899.0,88957
2024-10-22T14:00:00,5899.0,5904.25,5887.5,5889.25,86529
2024-10-22T15:00:00,5889.25,5901.75,5888.0,5892.5,138913
2024-10-23T10:00:00,5870.0,5874.25,5858.0,5862.25,187438
2024-10-23T11:00:00,5862.5,5865.0,5845.0,5856.0,190727
2024-10-23T12:00:00,5856.0,5856.0,5833.5,5838.5,151369
2024-10-23T13:00:00,5838.75,5838.75,5815.5,5816.5,156135
2024-10-23T14:00:00,5816.75,5829.75,5801.0,5829.0,191388
2024-10-23T15:00:00,5829.0,5839.25,5824.25,5837.0,219713
2024-10-24T10:00:00,5850.75,5856.5,5842.25,5845.0,168829
2024-10-24T11:00:00,5845.0,5851.0,5827.25,5837.25,151456
2024-10-24T12:00:00,5837.25,5847.25,5822.5,5846.0,137390
2024-10-24T13:00:00,5846.0,5853.0,5841.25,5842.0,91268
2024-10-24T14:00:00,5842.25,5850.75,5837.75,5845.25,82917
2024-10-24T15:00:00,5845.0,5856.25,5839.75,5849.25,174113
2024-10-25T10:00:00,5888.75,5900.75,5885.75,5890.25,195695
2024-10-25T11:00:00,5890.25,5894.25,5872.0,5876.5,148888
2024-10-25T12:00:00,5876.5,5883.25,5872.5,5875.25,84975
2024-10-25T13:00:00,5875.25,5875.25,5839.75,5846.25,215966
2024-10-25T14:00:00,5846.5,5859.75,5835.0,5856.75,157986
2024-10-25T15:00:00,5857.0,5857.25,5840.0,5845.5,179129
2024-10-28T10:00:00,5869.5,5879.75,5866.5,5874.0,125058
2024-10-28T11:00:00,5874.0,5875.25,5862.0,5864.0,109441
2024-10-28T12:00:00,5862.75,5871.5,5860.0,5864.5,86181
2024-10-28T13:00:00,5864.75,5872.25,5860.0,5871.25,68727
2024-10-28T14:00:00,5871.5,5872.75,5862.75,5865.75,78805
2024-10-28T15:00:00,5865.5,5871.5,5859.5,5862.75,146412
2024-10-29T10:00:00,5852.75,5872.25,5848.25,5868.0,193290
2024-10-29T11:00:00,5868.0,5870.0,5859.0,5867.5,108218
2024-10-29T12:00:00,5867.5,5874.75,5862.0,5873.75,103244
2024-10-29T13:00:00,5873.75,5881.75,5868.75,5873.5,91946
2024-10-29T14:00:00,5873.5,5883.0,5870.75,5878.5,79470
2024-10-29T15:00:00,5878.25,5883.25,5867.5,5871.75,159792
2024-10-30T10:00:00,5871.0,5883.0,5870.25,5877.0,169258
2024-10-30T11:00:00,5877.0,5886.75,5869.0,5884.5,123024
2024-10-30T12:00:00,5884.5,5885.5,5872.75,5873.25,89380
2024-10-30T13:00:00,5873.0,5876.25,5855.25,5858.75,124866
2024-10-30T14:00:00,5858.75,5870.75,5858.75,5864.5,92803
2024-10-30T15:00:00,5864.75,5864.75,5846.25,5853.0,212085
2024-10-31T10:00:00,5788.25,5788.75,5760.0,5761.25,274824
2024-10-31T11:00:00,5761.5,5767.25,5750.5,5756.5,194126
2024-10-31T12:00:00,5760.0,5769.0,5755.25,5763.25,129070
2024-10-31T13:00:00,5763.25,5770.0,5751.0,5754.0,103486
2024-10-31T14:00:00,5753.75,5758.75,5747.0,5756.5,142987
2024-10-31T15:00:00,5756.75,5770.5,5734.5,5735.5,389010
2024-11-01T10:00:00,5779.5,5803.0,5773.75,5792.0,278158
2024-11-01T11:00:00,5792.0,5801.0,5781.0,5784.0,162651
2024-11-01T12:00:00,5784.0,5790.5,5773.75,5777.0,121429
2024-11-01T13:00:00,5777.0,5786.0,5762.75,5763.25,159457
2024-11-01T14:00:00,5763.0,5771.75,5757.75,5768.5,119648
2024-11-01T15:00:00,5768.5,5776.5,5752.5,5756.75,226818
2024-11-04T10:00:00,5760.75,5771.5,5758.0,5762.5,166977
2024-11-04T11:00:00,5762.5,5768.25,5728.25,5734.0,175815
2024-11-04T12:00:00,5734.25,5754.75,5724.25,5750.75,154389
2024-11-04T13:00:00,5750.75,5758.75,5737.75,5753.0,119294
2024-11-04T14:00:00,5753.0,5758.25,5747.0,5751.0,76267
2024-11-04T15:00:00,5751.25,5753.0,5737.5,5744.0,191668
2024-11-05T10:00:00,5786.25,5798.75,5781.0,5786.25,182861
2024-11-05T11:00:00,5786.25,5802.75,5781.25,5801.0,131192
2024-11-05T12:00:00,5801.0,5811.0,5797.75,5807.25,91308
2024-11-05T13:00:00,5807.0,5810.75,5792.5,5799.0,113910
2024-11-05T14:00:00,5798.75,5805.5,5793.0,5796.25,91811
2024-11-05T15:00:00,5796.25,5813.5,5793.75,5813.25,183227
2024-11-06T10:00:00,5908.25,5938.75,5908.25,5917.25,287671
2024-11-06T11:00:00,5917.5,5936.75,5910.5,5936.0,153539
2024-11-06T12:00:00,5936.25,5943.0,5931.25,5940.75,90765
2024-11-06T13:00:00,5940.5,5955.0,5939.5,5950.5,104090
2024-11-06T14:00:00,5950.5,5956.75,5945.5,5953.0,93568
2024-11-06T15:00:00,5953.0,5967.0,5952.0,5957.75,249494
2024-11-07T10:00:00,5985.75,5996.25,5984.0,5994.5,157418
2024-11-07T11:00:00,5994.5,5999.25,5987.25,5997.75,106303
2024-11-07T12:00:00,5998.0,6002.0,5994.0,6000.5,74792
2024-11-07T13:00:00,6000.5,6001.0,5988.0,5994.0,85115
2024-11-07T14:00:00,5994.0,6006.75,5985.5,6006.75,155785
2024-11-07T15:00:00,6006.75,6013.0,5998.5,6002.5,239655
2024-11-08T10:00:00,6014.5,6023.0,6008.5,6021.25,156969
2024-11-08T11:00:00,6021.0,6025.5,6016.75,6022.75,90987
2024-11-08T12:00:00,6023.0,6027.0,6017.75,6024.75,89179
2024-11-08T13:00:00,6024.75,6036.0,6023.25,6034.0,77035
2024-11-08T14:00:00,6034.0,6040.5,6030.75,6033.0,82903
2024-11-08T15:00:00,6033.0,6033.75,6020.0,6027.25,228701
2024-11-11T10:00:00,6035.5,6043.5,6029.0,6040.5,153225
2024-11-11T11:00:00,6040.5,6043.5,6033.25,6038.5,86055
2024-11-11T12:00:00,6038.25,6039.5,6026.0,6026.0,86477
2024-11-11T13:00:00,6026.0,6030.25,6013.5,6026.25,130818
2024-11-11T14:00:00,6026.25,6028.5,6024.0,6027.25,55479
2024-11-11T15:00:00,6027.25,6033.5,6023.5,6032.0,152058
2024-11-12T10:00:00,6032.75,6033.5,6015.5,6015.75,169603
2024-11-12T11:00:00,6015.75,6019.5,6006.5,6008.0,158864
2024-11-12T12:00:00,6007.75,6010.75,5988.75,5990.0,155332
2024-11-12T13:00:00,5990.25,6021.25,5986.75,6017.5,162257
2024-11-12T14:00:00,6017.75,6027.75,6016.75,6024.0,108607
2024-11-12T15:00:00,6023.75,6025.75,6008.75,6012.5,210975
2024-11-13T10:00:00,6013.5,6016.5,5991.75,6014.25,230014
2024-11-13T11:00:00,6014.25,6026.0,6009.25,6023.25,141432
2024-11-13T12:00:00,6023.5,6034.75,6022.0,6034.0,115577
2024-11-13T13:00:00,6034.25,6035.25,6026.25,6032.0,90966
2024-11-13T14:00:00,6032.25,6032.5,6013.25,6015.0,136551
2024-11-13T15:00:00,6015.0,6028.25,6008.0,6016.0,237600
2024-11-14T10:00:00,6005.5,6011.25,5992.75,6003.25,205971
2024-11-14T11:00:00,6003.0,6011.5,5996.75,5998.5,122664
2024-11-14T12:00:00,5998.5,6000.5,5978.75,5992.0,177587
2024-11-14T13:00:00,5992.0,5999.25,5979.25,5980.75,111187
2024-11-14T14:00:00,5980.5,6000.5,5980.25,5995.25,115884
2024-11-14T15:00:00,5995.25,5995.25,5968.75,5977.0,312251
2024-11-15T10:00:00,5926.25,5927.0,5899.0,5903.25,344835
2024-11-15T11:00:00,5903.5,5913.25,5893.75,5896.5,195519
2024-11-15T12:00:00,5896.5,5898.5,5885.0,5893.0,151039
2024-11-15T13:00:00,5892.75,5895.25,5876.75,5883.25,141377
2024-11-15T14:00:00,5883.5,5896.5,5878.5,5888.25,153926
2024-11-15T15:00:00,5888.25,5902.0,5886.5,5896.75,300173
2024-11-18T10:00:00,5894.75,5921.25,5894.0,5920.25,200607
2024-11-18T11:00:00,5920.25,5933.0,5917.0,5920.75,153480
2024-11-18T12:00:00,5920.75,5924.5,5914.75,5924.25,111740
2024-11-18T13:00:00,5924.25,5924.5,5907.5,5921.0,104575
2024-11-18T14:00:00,5921.0,5921.75,5908.25,5918.75,116127
2024-11-18T15:00:00,5918.5,5921.75,5913.0,5920.25,170751
2024-11-19T10:00:00,5888.5,5917.5,5882.25,5913.5,247067
2024-11-19T11:00:00,5913.5,5929.0,5912.5,5925.0,147268
2024-11-19T12:00:00,5925.0,5932.25,5917.0,5927.75,113078
2024-11-19T13:00:00,5927.75,5947.5,5925.25,5945.75,119632
2024-11-19T14:00:00,5945.75,5946.5,5927.0,5932.25,140531
2024-11-19T15:00:00,5932.25,5942.25,5929.75,5939.0,191571
2024-11-20T10:00:00,5908.5,5916.25,5880.0,5908.25,291268
2024-11-20T11:00:00,5908.25,5922.25,5889.5,5917.75,203074
2024-11-20T12:00:00,5917.5,5921.25,5895.5,5905.25,147605
2024-11-20T13:00:00,5905.25,5911.75,5895.75,5902.0,103126
2024-11-20T14:00:00,5902.0,5913.75,5896.5,5909.25,92268
2024-11-20T15:00:00,5909.25,5942.75,5906.25,5939.0,232982
2024-11-21T10:00:00,5930.5,5950.5,5907.25,5950.25,365142
2024-11-21T11:00:00,5950.25,5965.5,5943.75,5953.0,212494
2024-11-21T12:00:00,5953.0,5975.75,5944.75,5971.5,151106
2024-11-21T13:00:00,5971.25,5982.5,5970.5,5978.5,121435
2024-11-21T14:00:00,5978.5,5981.25,5969.25,5979.75,114500
2024-11-21T15:00:00,5979.75,5985.0,5969.75,5970.0,172982
2024-11-22T10:00:00,5990.75,5992.0,5962.75,5989.5,286789
2024-11-22T11:00:00,5989.75,5990.75,5968.75,5981.75,177911
2024-11-22T12:00:00,5982.0,5990.75,5978.25,5989.0,123895
2024-11-22T13:00:00,5989.0,5993.5,5980.75,5986.0,106437
2024-11-22T14:00:00,5986.0,5988.0,5973.25,5985.75,109796
2024-11-22T15:00:00,5985.75,5992.75,5972.75,5986.0,218827
2024-11-25T10:00:00,6023.75,6024.0,6006.0,6010.5,289396
2024-11-25T11:00:00,6010.5,6015.25,6002.0,6003.0,162018
2024-11-25T12:00:00,6003.0,6006.75,5982.5,5995.25,187766
2024-11-25T13:00:00,5995.25,6007.0,5994.75,6003.75,102155
2024-11-25T14:00:00,6003.75,6005.0,5995.5,6001.5,88610
2024-11-25T15:00:00,6001.75,6009.0,5997.5,6005.75,201320
2024-11-26T10:00:00,6020.25,6025.75,6011.25,6021.25,199834
2024-11-26T11:00:00,6021.0,6029.5,6019.25,6028.25,118651
2024-11-26T12:00:00,6028.25,6032.0,6021.25,6031.5,79863
2024-11-26T13:00:00,6031.5,6032.75,6026.75,6032.25,62005
2024-11-26T14:00:00,6032.25,6034.75,6023.0,6030.75,112076
2024-11-26T15:00:00,6030.75,6044.0,6030.0,6037.25,203952
2024-11-27T10:00:00,6032.0,6032.5,6013.75,6016.75,213457
2024-11-27T11:00:00,6017.25,6019.75,6008.25,6009.75,151491
2024-11-27T12:00:00,6009.75,6012.25,6000.25,6011.75,110809
2024-11-27T13:00:00,6011.5,6019.0,6009.5,6017.0,85167
2024-11-27T14:00:00,6017.25,6019.0,6012.0,6015.0,68308
2024-11-27T15:00:00,6015.0,6018.0,6007.25,6015.75,160668
2024-11-29T09:30:00,6022.25,6033.0,6019.0,6033.0,106620
2024-11-29T10:30:00,6032.75,6045.0,6032.75,6044.5,144078
2024-11-29T11:30:00,6044.5,6055.25,6044.25,6053.5,107579
2024-11-29T12:30:00,6053.5,6060.0,6049.75,6051.25,192603
2024-12-02T10:00:00,6054.25,6061.25,6050.0,6052.5,146447
2024-12-02T11:00:00,6052.25,6064.0,6050.25,6061.75,94156
2024-12-02T12:00:00,6062.0,6065.0,6059.0,6061.0,62592
2024-12-02T13:00:00,6061.0,6064.0,6059.0,6063.0,52074
2024-12-02T14:00:00,6063.0,6065.0,6056.0,6064.5,64644
2024-12-02T15:00:00,6064.5,6068.5,6059.75,6062.25,182073
2024-12-03T10:00:00,6057.5,6060.5,6047.5,6052.75,140431
2024-12-03T11:00:00,6053.0,6059.5,6047.75,6049.75,128197
2024-12-03T12:00:00,6049.75,6061.5,6049.5,6061.5,67376
2024-12-03T13:00:00,6061.5,6063.0,6057.0,6058.5,64737
2024-12-03T14:00:00,6058.5,6066.0,6055.75,6064.75,72959
2024-12-03T15:00:00,6064.5,6066.0,6059.5,6063.0,154290
2024-12-04T10:00:00,6081.75,6086.75,6072.5,6085.5,190249
2024-12-04T11:00:00,6085.5,6088.25,6084.0,6087.0,83332
2024-12-04T12:00:00,6087.0,6088.75,6082.5,6087.5,74513
2024-12-04T13:00:00,6087.5,6089.0,6075.25,6083.0,109416
2024-12-04T14:00:00,6083.0,6094.75,6080.75,6092.75,110917
2024-12-04T15:00:00,6092.5,6102.25,6091.75,6099.25,181007
2024-12-05T10:00:00,6100.25,6104.75,6090.25,6092.0,168686
2024-12-05T11:00:00,6091.75,6100.0,6090.75,6100.0,95716
2024-12-05T12:00:00,6100.0,6107.25,6098.5,6106.5,81539
2024-12-05T13:00:00,6106.5,6106.75,6091.0,6096.0,146488
2024-12-05T14:00:00,6096.0,6099.25,6091.5,6094.25,98916
2024-12-05T15:00:00,6094.25,6096.5,6085.5,6088.75,209636
2024-12-06T10:00:00,6109.75,6111.0,6102.25,6107.0,146815
2024-12-06T11:00:00,6106.75,6107.5,6095.5,6098.25,132769
2024-12-06T12:00:00,6098.25,6098.75,6090.5,6093.5,112184
2024-12-06T13:00:00,6093.5,6103.75,6092.75,6100.5,104272
2024-12-06T14:00:00,6100.5,6100.75,6090.0,6093.25,102359
2024-12-06T15:00:00,6093.25,6101.25,6091.25,6098.75,157216
2024-12-09T10:00:00,6093.5,6094.5,6071.25,6072.75,245468
2024-12-09T11:00:00,6072.75,6080.0,6065.0,6078.75,184794
2024-12-09T12:00:00,6078.75,6079.5,6071.5,6072.0,96180
2024-12-09T13:00:00,6072.0,6083.25,6069.0,6078.75,103083
2024-12-09T14:00:00,6079.0,6079.0,6064.0,6069.0,117329
2024-12-09T15:00:00,6069.0,6069.5,6060.0,6065.75,236704
2024-12-10T10:00:00,6068.75,6075.25,6066.75,6068.25,161016
2024-12-10T11:00:00,6068.0,6071.0,6061.25,6063.75,156310
2024-12-10T12:00:00,6063.75,6068.5,6060.0,6061.5,118204
2024-12-10T13:00:00,6061.75,6064.5,6058.5,6058.75,94268
2024-12-10T14:00:00,6059.0,6059.5,6054.0,6055.0,118355
2024-12-10T15:00:00,6055.0,6055.25,6039.75,6047.5,288098
2024-12-11T10:00:00,6083.75,6090.25,6080.75,6085.25,201473
2024-12-11T11:00:00,6085.25,6096.75,6082.5,6095.5,124663
2024-12-11T12:00:00,6095.75,6100.0,6093.75,6099.25,108216
2024-12-11T13:00:00,6099.25,6102.5,6095.0,6096.0,90773
2024-12-11T14:00:00,6096.0,6100.0,6093.5,6097.25,102183
2024-12-11T15:00:00,6097.25,6098.75,6090.25,6092.5,192295
2024-12-12T10:00:00,6078.0,6085.75,6067.5,6084.0,263772
2024-12-12T11:00:00,6083.75,6087.75,6073.5,6074.0,156570
2024-12-12T12:00:00,6074.0,6085.0,6073.5,6083.75,146769
2024-12-12T13:00:00,6083.75,6085.5,6073.0,6073.5,126345
2024-12-12T14:00:00,6073.5,6076.5,6064.0,6067.0,157972
2024-12-12T15:00:00,6066.75,6069.5,6059.5,6059.75,227522
2024-12-13T10:00:00,6075.25,6075.75,6047.75,6048.0,382679
2024-12-13T11:00:00,6048.0,6060.0,6043.5,6051.25,288314
2024-12-13T12:00:00,6051.25,6053.25,6041.5,6042.25,188169
2024-12-13T13:00:00,6042.25,6057.5,6041.25,6054.5,165926
2024-12-13T14:00:00,6054.5,6059.75,6052.5,6056.5,125419
2024-12-13T15:00:00,6056.5,6060.25,6050.75,6055.75,253171
2024-12-16T10:00:00,6075.25,6083.25,6064.75,6079.75,288763
2024-12-16T11:00:00,6079.5,6082.5,6076.75,6082.25,160369
2024-12-16T12:00:00,6082.25,6086.25,6078.25,6085.25,162293
2024-12-16T13:00:00,6085.5,6090.5,6084.25,6089.0,127927
2024-12-16T14:00:00,6088.75,6089.5,6085.5,6087.75,107762
2024-12-16T15:00:00,6087.75,6090.5,6073.0,6080.0,210156
2024-12-17T10:00:00,6055.0,6055.5,6043.0,6050.5,172032
2024-12-17T11:00:00,6050.5,6063.5,6049.75,6061.0,121038
2024-12-17T12:00:00,6061.25,6061.75,6054.25,6059.75,91162
2024-12-17T13:00:00,6059.75,6059.75,6051.75,6054.25,70323
2024-12-17T14:00:00,6054.25,6054.75,6044.25,6046.0,84915
2024-12-17T15:00:00,6046.0,6059.5,6040.75,6054.0,147734
2024-12-18T10:00:00,6056.5,6074.5,6055.0,6070.25,63157
2024-12-18T11:00:00,6070.25,6073.25,6057.0,6068.25,66795
2024-12-18T12:00:00,6068.25,6073.75,6062.75,6066.25,51599
2024-12-18T13:00:00,6066.0,6067.25,6061.75,6064.75,28954
2024-12-18T14:00:00,6066.0,6066.0,5970.75,5974.25,117493
2024-12-18T15:00:00,5974.5,5979.25,5865.25,5871.0,214824
2024-12-19T10:00:00,5913.5,5917.75,5886.5,5906.5,70965
2024-12-19T11:00:00,5905.5,5922.5,5886.5,5907.0,51880
2024-12-19T12:00:00,5906.75,5910.0,5882.75,5899.0,34987
2024-12-19T13:00:00,5898.75,5921.0,5881.25,5920.75,35350
2024-12-19T14:00:00,5920.5,5920.75,5888.25,5888.25,30817
2024-12-19T15:00:00,5888.25,5902.0,5866.75,5869.25,50028
2024-12-23T10:00:00,5993.5,5995.5,5965.0,5979.25,224146
2024-12-23T11:00:00,5979.0,6015.0,5977.75,6014.25,119262
2024-12-23T12:00:00,6014.5,6020.5,6002.5,6015.5,119370
2024-12-23T13:00:00,6015.5,6029.75,6013.5,6027.0,90465
2024-12-23T14:00:00,6027.0,6033.5,6019.0,6019.5,84248
2024-12-23T15:00:00,6019.25,6043.0,6012.0,6037.25,242922
2024-12-24T09:30:00,6045.5,6060.0,6042.25,6059.0,104438
2024-12-24T10:30:00,6059.25,6081.25,6059.0,6079.0,128509
2024-12-24T11:30:00,6079.0,6085.5,6075.0,6077.0,85689
2024-12-24T12:30:00,6077.0,6099.5,6075.5,6098.5,165543
2024-12-26T10:00:00,6081.75,6090.75,6076.25,6090.5,130470
2024-12-26T11:00:00,6090.5,6101.25,6086.75,6100.5,79216
2024-12-26T12:00:00,6100.75,6107.5,6085.75,6092.0,95140
2024-12-26T13:00:00,6092.0,6100.75,6090.0,6095.75,83463
2024-12-26T14:00:00,6095.75,6100.5,6088.5,6100.0,64516
2024-12-26T15:00:00,6100.0,6104.0,6093.0,6095.0,117404
2024-12-27T10:00:00,6044.75,6047.0,5997.75,6014.25,319559
2024-12-27T11:00:00,6013.75,6023.5,5992.0,5996.0,186221
2024-12-27T12:00:00,5996.0,6000.25,5982.75,5996.0,164338
2024-12-27T13:00:00,5996.0,6017.25,5993.75,6015.75,110356
2024-12-27T14:00:00,6015.5,6033.75,6012.25,6031.0,125536
2024-12-27T15:00:00,6030.75,6031.5,6003.0,6028.5,276446
2024-12-30T10:00:00,5927.25,5948.5,5918.25,5945.25,288970
2024-12-30T11:00:00,5945.25,5971.0,5938.5,5968.0,161611
2024-12-30T12:00:00,5968.0,5990.25,5966.5,5986.75,136838
2024-12-30T13:00:00,5987.0,5993.25,5975.25,5987.0,118530
2024-12-30T14:00:00,5987.0,5988.75,5969.0,5984.5,105052
2024-12-30T15:00:00,5984.25,5987.75,5956.25,5958.0,215007
2024-12-31T10:00:00,5973.5,5980.25,5954.75,5960.0,170256
2024-12-31T11:00:00,5960.0,5961.25,5938.25,5943.25,145901
2024-12-31T12:00:00,5943.25,5947.0,5921.75,5945.5,139630
2024-12-31T13:00:00,5945.25,5950.25,5920.5,5926.5,132094
2024-12-31T14:00:00,5926.75,5938.75,5917.25,5937.0,125438
2024-12-31T15:00:00,5937.0,5949.0,5923.5,5935.0,261368
2025-01-02T10:00:00,5975.0,5985.0,5935.5,5948.0,292631
2025-01-02T11:00:00,5948.5,5960.0,5924.0,5951.25,175528
2025-01-02T12:00:00,5951.25,5959.25,5879.75,5899.0,251068
2025-01-02T13:00:00,5899.25,5901.25,5874.75,5889.0,179477
2025-01-02T14:00:00,5889.25,5911.0,5883.75,5892.5,134619
2025-01-02T15:00:00,5892.5,5925.25,5892.25,5917.25,213520
2025-01-03T10:00:00,5950.5,5965.0,5934.0,5962.25,234827
2025-01-03T11:00:00,5962.0,5980.75,5951.5,5974.75,141777
2025-01-03T12:00:00,5974.75,5981.25,5969.25,5977.5,91536
2025-01-03T13:00:00,5977.5,5989.5,5972.25,5984.0,83682
2025-01-03T14:00:00,5984.0,5996.75,5981.75,5991.5,76757
2025-01-03T15:00:00,5991.5,5992.0,5980.75,5988.0,184939
2025-01-06T10:00:00,6049.25,6063.25,6047.0,6059.5,205401
2025-01-06T11:00:00,6059.75,6068.25,6056.25,6065.5,100027
2025-01-06T12:00:00,6065.5,6065.5,6043.5,6047.0,117294
2025-01-06T13:00:00,6047.25,6047.75,6025.0,6026.0,158639
2025-01-06T14:00:00,6026.0,6027.75,6011.25,6012.0,159680
2025-01-06T15:00:00,6011.75,6023.75,6004.0,6022.5,238082
2025-01-07T10:00:00,6031.0,6031.0,5969.5,6001.5,436968
2025-01-07T11:00:00,6001.5,6004.5,5971.5,5973.75,247177
2025-01-07T12:00:00,5973.75,5984.25,5962.75,5975.75,155176
2025-01-07T13:00:00,5976.0,5991.0,5974.0,5977.25,113681
2025-01-07T14:00:00,5976.75,5983.0,5965.5,5967.25,107170
2025-01-07T15:00:00,5967.5,5968.5,5935.0,5955.0,306090
2025-01-08T10:00:00,5939.5,5953.75,5925.5,5950.0,288939
2025-01-08T11:00:00,5950.0,5965.25,5937.75,5960.25,150887
2025-01-08T12:00:00,5960.25,5960.75,5917.0,5934.5,183107
2025-01-08T13:00:00,5934.5,5961.75,5933.75,5943.75,164222
2025-01-08T14:00:00,5944.25,5971.75,5937.0,5951.0,196089
2025-01-08T15:00:00,5951.25,5963.25,5944.5,5959.25,199756
2025-01-10T10:00:00,5890.25,5893.0,5852.0,5871.25,394737
2025-01-10T11:00:00,5871.25,5874.0,5848.0,5851.25,227010
2025-01-10T12:00:00,5851.25,5877.5,5845.25,5875.75,152077
2025-01-10T13:00:00,5875.75,5907.25,5870.0,5906.5,166843
2025-01-10T14:00:00,5906.5,5906.75,5873.5,5882.75,170819
2025-01-10T15:00:00,5882.75,5885.75,5858.0,5866.75,276680
2025-01-13T10:00:00,5838.25,5851.75,5818.75,5839.0,291428
2025-01-13T11:00:00,5838.75,5842.25,5818.75,5820.0,190971
2025-01-13T12:00:00,5819.75,5856.25,5816.5,5855.5,183638
2025-01-13T13:00:00,5855.25,5863.75,5849.25,5860.75,147909
2025-01-13T14:00:00,5860.75,5871.0,5850.25,5865.75,143926
2025-01-13T15:00:00,5865.5,5878.25,5859.5,5875.5,215346
2025-01-14T10:00:00,5882.25,5906.0,5877.25,5877.5,256610
2025-01-14T11:00:00,5877.75,5879.25,5846.75,5846.75,231430
2025-01-14T12:00:00,5846.75,5864.75,5842.5,5861.5,165247
2025-01-14T13:00:00,5861.25,5898.0,5860.0,5895.0,138132
2025-01-14T14:00:00,5895.25,5898.75,5864.0,5865.5,157705
2025-01-14T15:00:00,5865.75,5883.25,5848.75,5882.0,353140
2025-01-15T10:00:00,5981.0,5991.75,5972.5,5973.0,261169
2025-01-15T11:00:00,5973.25,5981.75,5955.75,5961.25,192193
2025-01-15T12:00:00,5961.0,5980.75,5959.5,5971.0,134081
2025-01-15T13:00:00,5971.25,5988.25,5971.0,5986.75,93292
2025-01-15T14:00:00,5987.0,5999.0,5986.0,5995.5,100442
2025-01-15T15:00:00,5995.75,6001.25,5987.75,5988.75,215986
2025-01-16T10:00:00,5981.75,5995.0,5973.25,5994.75,268289
2025-01-16T11:00:00,5994.75,6004.25,5978.25,5995.25,200624
2025-01-16T12:00:00,5995.0,5998.5,5987.75,5989.5,114721
2025-01-16T13:00:00,5989.75,5995.5,5969.0,5973.5,133737
2025-01-16T14:00:00,5973.5,5991.0,5970.25,5989.25,118698
2025-01-16T15:00:00,5989.5,5993.5,5974.0,5976.25,208483
2025-01-17T10:00:00,6020.5,6039.25,6017.75,6038.75,206720
2025-01-17T11:00:00,6039.25,6049.0,6035.0,6040.75,140502
2025-01-17T12:00:00,6040.5,6049.0,6035.75,6046.75,87557
2025-01-17T13:00:00,6046.75,6051.5,6039.75,6043.75,96365
2025-01-17T14:00:00,6043.75,6045.5,6037.5,6039.75,87677
2025-01-17T15:00:00,6039.75,6043.5,6031.0,6033.0,222688
2025-01-21T10:00:00,6062.5,6063.25,6043.5,6061.0,243697
2025-01-21T11:00:00,6061.0,6072.25,6055.5,6071.0,138264
2025-01-21T12:00:00,6071.0,6082.25,6066.75,6081.75,107101
2025-01-21T13:00:00,6081.75,6086.5,6078.0,6083.5,92177
2025-01-21T14:00:00,6083.75,6085.5,6074.25,6079.25,100630
2025-01-21T15:00:00,6079.25,6087.25,6077.25,6086.5,185545
2025-01-22T10:00:00,6122.25,6128.0,6117.0,6122.5,186392
2025-01-22T11:00:00,6122.25,6135.0,6119.5,6133.5,134588
2025-01-22T12:00:00,6133.75,6135.75,6130.25,6130.5,74078
2025-01-22T13:00:00,6130.5,6133.25,6126.75,6127.25,94791
2025-01-22T14:00:00,6127.25,6133.25,6124.75,6133.0,96686
2025-01-22T15:00:00,6132.75,6133.25,6119.5,6120.0,210609
2025-01-23T10:00:00,6118.5,6125.0,6112.0,6124.75,129733
2025-01-23T11:00:00,6124.75,6134.75,6119.75,6128.5,167621
2025-01-23T12:00:00,6128.5,6133.0,6124.75,6132.75,70909
2025-01-23T13:00:00,6132.75,6139.0,6131.75,6133.75,73290
2025-01-23T14:00:00,6133.75,6136.5,6129.25,6134.5,82584
2025-01-23T15:00:00,6134.25,6154.0,6132.5,6153.5,211074
2025-01-24T10:00:00,6157.25,6159.5,6144.5,6145.75,166999
2025-01-24T11:00:00,6145.75,6157.5,6144.75,6149.5,117460
2025-01-24T12:00:00,6149.5,6154.5,6139.25,6141.0,111213
2025-01-24T13:00:00,6140.75,6143.25,6125.75,6128.25,139804
2025-01-24T14:00:00,6128.25,6133.25,6123.25,6127.75,130773
2025-01-24T15:00:00,6127.75,6135.0,6122.0,6132.75,195579
2025-01-27T10:00:00,6036.75,6048.0,6017.5,6031.75,317931
2025-01-27T11:00:00,6031.75,6033.5,6013.25,6019.25,228317
2025-01-27T12:00:00,6019.5,6033.5,6012.75,6013.25,175988
2025-01-27T13:00:00,6013.25,6026.0,6011.75,6017.5,131759
2025-01-27T14:00:00,6017.75,6043.25,6014.75,6021.75,176014
2025-01-27T15:00:00,6021.5,6048.75,6015.5,6046.75,328685
2025-01-28T10:00:00,6039.75,6082.25,6038.75,6081.75,252148
2025-01-28T11:00:00,6082.0,6087.25,6060.25,6077.0,214834
2025-01-28T12:00:00,6076.75,6092.5,6075.0,6090.0,143101
2025-01-28T13:00:00,6090.0,6099.25,6086.5,6089.25,120011
2025-01-28T14:00:00,6089.5,6104.25,6083.75,6103.0,110394
2025-01-28T15:00:00,6102.75,6105.5,6095.25,6096.25,208582
2025-01-29T10:00:00,6083.5,6091.25,6074.75,6078.25,152844
2025-01-29T11:00:00,6078.25,6082.0,6069.25,6072.75,125343
2025-01-29T12:00:00,6072.75,6084.5,6069.25,6070.75,86149
2025-01-29T13:00:00,6071.0,6076.75,6046.25,6065.25,189327
2025-01-29T14:00:00,6065.25,6083.5,6042.25,6073.5,281476
2025-01-29T15:00:00,6073.5,6087.5,6055.75,6068.5,282455
2025-01-30T10:00:00,6099.25,6100.0,6063.5,6064.25,233470
2025-01-30T11:00:00,6064.25,6093.25,6056.5,6090.5,179435
2025-01-30T12:00:00,6090.5,6090.5,6070.25,6083.0,131112
2025-01-30T13:00:00,6083.25,6101.0,6081.5,6100.0,110818
2025-01-30T14:00:00,6100.0,6107.25,6095.75,6107.0,101491
2025-01-30T15:00:00,6106.75,6116.25,6067.75,6099.25,374908
2025-01-31T10:00:00,6128.75,6144.25,6127.75,6142.5,185472
2025-01-31T11:00:00,6142.5,6147.75,6133.25,6137.0,138118
2025-01-31T12:00:00,6137.0,6145.5,6127.75,6139.0,144181
2025-01-31T13:00:00,6139.0,6141.5,6095.75,6101.75,299943
2025-01-31T14:00:00,6101.5,6106.75,6066.75,6083.5,281558
2025-01-31T15:00:00,6083.5,6083.5,6057.75,6064.75,369576
2025-02-03T10:00:00,5965.25,6032.0,5950.25,6025.0,511274
2025-02-03T11:00:00,6025.0,6038.5,6003.25,6019.0,243163
2025-02-03T12:00:00,6018.75,6033.0,6003.75,6019.25,195101
2025-02-03T13:00:00,6019.5,6036.25,6006.5,6034.25,125169
2025-02-03T14:00:00,6034.25,6049.25,6031.25,6043.25,99981
2025-02-03T15:00:00,6043.25,6046.75,6020.0,6023.0,198888
2025-02-04T10:00:00,6035.0,6058.25,6034.25,6049.25,195813
2025-02-04T11:00:00,6049.25,6066.75,6049.25,6059.5,127022
2025-02-04T12:00:00,6059.5,6062.25,6039.25,6055.25,145254
2025-02-04T13:00:00,6055.5,6058.0,6046.25,6052.75,78027
2025-02-04T14:00:00,6052.5,6068.75,6051.0,6060.25,111748
2025-02-04T15:00:00,6060.0,6067.75,6055.0,6062.5,166628
2025-02-05T10:00:00,6041.0,6054.25,6033.75,6050.0,270272
2025-02-05T11:00:00,6050.0,6073.5,6045.25,6071.25,160067
2025-02-05T12:00:00,6071.5,6076.75,6067.5,6071.25,101915
2025-02-05T13:00:00,6071.25,6078.75,6066.5,6074.0,83628
2025-02-05T14:00:00,6074.0,6081.5,6073.5,6075.75,66467
2025-02-05T15:00:00,6075.5,6088.5,6073.5,6086.25,176473
2025-02-06T10:00:00,6096.25,6103.25,6085.25,6090.0,185014
2025-02-06T11:00:00,6090.0,6101.0,6089.5,6095.0,101082
2025-02-06T12:00:00,6095.25,6101.75,6091.25,6100.25,65090
2025-02-06T13:00:00,6100.25,6104.0,6094.25,6095.5,86811
2025-02-06T14:00:00,6095.25,6098.5,6070.0,6081.0,152754
2025-02-06T15:00:00,6080.75,6108.5,6078.75,6107.0,189056
2025-02-07T10:00:00,6120.5,6120.5,6052.5,6075.5,361779
2025-02-07T11:00:00,6075.75,6086.5,6053.75,6056.75,274171
2025-02-07T12:00:00,6056.75,6069.5,6046.5,6062.25,228498
2025-02-07T13:00:00,6062.25,6078.5,6051.75,6053.25,123624
2025-02-07T14:00:00,6053.25,6056.75,6043.75,6052.0,125206
2025-02-07T15:00:00,6051.75,6053.75,6041.25,6049.25,191234
2025-02-10T10:00:00,6075.75,6094.5,6074.0,6089.75,152316
2025-02-10T11:00:00,6089.75,6092.5,6079.0,6084.75,105825
2025-02-10T12:00:00,6084.75,6087.25,6072.25,6086.75,88829
2025-02-10T13:00:00,6086.75,6093.5,6086.0,6091.5,62916
2025-02-10T14:00:00,6091.5,6096.0,6087.0,6090.25,86227
2025-02-10T15:00:00,6090.25,6093.0,6083.0,6088.5,159038
2025-02-11T10:00:00,6072.5,6092.0,6066.5,6086.75,159235
2025-02-11T11:00:00,6086.75,6090.0,6080.0,6081.75,94451
2025-02-11T12:00:00,6081.75,6084.0,6070.5,6077.0,126357
2025-02-11T13:00:00,6077.0,6093.0,6074.75,6085.75,95084
2025-02-11T14:00:00,6085.75,6098.75,6083.75,6094.25,91718
2025-02-11T15:00:00,6094.25,6096.75,6086.25,6092.5,156817
2025-02-12T10:00:00,6052.5,6072.25,6034.25,6063.0,274195
2025-02-12T11:00:00,6063.0,6074.5,6040.0,6073.25,173237
2025-02-12T12:00:00,6073.0,6084.5,6069.25,6083.25,154568
2025-02-12T13:00:00,6083.25,6084.75,6068.25,6071.0,103567
2025-02-12T14:00:00,6071.25,6081.5,6064.25,6078.25,101368
2025-02-12T15:00:00,6078.25,6079.75,6064.75,6072.75,177075
2025-02-13T10:00:00,6086.5,6113.75,6080.5,6109.25,271720
2025-02-13T11:00:00,6109.5,6113.5,6095.75,6099.25,132924
2025-02-13T12:00:00,6099.25,6108.25,6095.25,6100.0,94485
2025-02-13T13:00:00,6100.25,6111.25,6088.0,6110.5,188901
2025-02-13T14:00:00,6110.5,6131.5,6109.0,6127.5,146455
2025-02-13T15:00:00,6127.5,6138.0,6126.5,6135.25,216813
2025-02-14T10:00:00,6140.0,6145.25,6132.25,6140.25,150144
2025-02-14T11:00:00,6140.25,6143.75,6129.0,6137.75,116760
2025-02-14T12:00:00,6137.5,6137.75,6125.75,6134.25,94602
2025-02-14T13:00:00,6134.25,6143.0,6132.0,6140.25,73838
2025-02-14T14:00:00,6140.25,6142.5,6133.5,6137.75,73685
2025-02-14T15:00:00,6137.75,6138.0,6130.0,6132.0,163153
2025-02-18T10:00:00,6135.75,6140.5,6127.5,6140.0,173829
2025-02-18T11:00:00,6140.0,6143.5,6131.75,6137.0,102702
2025-02-18T12:00:00,6137.25,6140.0,6132.25,6138.0,66450
2025-02-18T13:00:00,6138.0,6141.25,6129.0,6131.0,83519
2025-02-18T14:00:00,6131.25,6135.0,6118.25,6133.25,133961
2025-02-18T15:00:00,6133.25,6148.5,6131.0,6148.0,174145
2025-02-19T10:00:00,6133.0,6142.5,6129.25,6135.0,156216
2025-02-19T11:00:00,6135.0,6151.75,6134.75,6151.0,107379
2025-02-19T12:00:00,6150.75,6153.75,6142.25,6149.5,88931
2025-02-19T13:00:00,6149.75,6154.25,6140.25,6149.0,84343
2025-02-19T14:00:00,6149.25,6166.5,6147.75,6165.25,121686
2025-02-19T15:00:00,6165.25,6165.25,6152.0,6163.25,197361
2025-02-20T10:00:00,6116.75,6128.0,6102.75,6106.0,313366
2025-02-20T11:00:00,6106.0,6117.5,6103.5,6107.0,160799
2025-02-20T12:00:00,6107.0,6123.75,6105.25,6113.0,110635
2025-02-20T13:00:00,6112.75,6120.25,6109.0,6118.75,93054
2025-02-20T14:00:00,6118.75,6134.0,6117.75,6131.5,119138
2025-02-20T15:00:00,6131.5,6139.75,6125.5,6137.25,201136
2025-02-21T10:00:00,6115.5,6116.75,6087.5,6098.25,285290
2025-02-21T11:00:00,6098.25,6105.25,6091.75,6098.25,154675
2025-02-21T12:00:00,6098.5,6101.75,6066.25,6068.25,188772
2025-02-21T13:00:00,6068.25,6068.75,6045.5,6047.5,280959
2025-02-21T14:00:00,6047.5,6053.5,6024.5,6030.25,261389
2025-02-21T15:00:00,6030.0,6039.25,6025.0,6030.25,305121
2025-02-24T10:00:00,6017.25,6024.0,5994.5,6006.75,365773
2025-02-24T11:00:00,6006.75,6037.75,6004.25,6029.25,233664
2025-02-24T12:00:00,6029.25,6048.5,6027.75,6036.0,152860
2025-02-24T13:00:00,6036.25,6047.0,6033.25,6036.25,110578
2025-02-24T14:00:00,6036.25,6044.25,6023.5,6027.5,123288
2025-02-24T15:00:00,6027.5,6030.25,5996.0,6002.25,264608
2025-02-25T10:00:00,5981.0,5981.75,5933.5,5951.75,444909
2025-02-25T11:00:00,5952.0,5967.5,5924.0,5960.25,293292
2025-02-25T12:00:00,5960.25,5976.75,5949.5,5976.75,156084
2025-02-25T13:00:00,5976.5,5990.5,5964.25,5976.0,191088
2025-02-25T14:00:00,5976.0,5984.75,5958.5,5981.25,199879
2025-02-25T15:00:00,5981.25,5995.5,5964.25,5970.5,316865
2025-02-26T10:00:00,6004.75,6020.5,6000.0,6016.5,249375
2025-02-26T11:00:00,6016.5,6023.75,6006.0,6008.0,183083
2025-02-26T12:00:00,6008.0,6021.75,5978.5,5983.75,236552
2025-02-26T13:00:00,5983.75,5986.25,5948.5,5953.0,239992
2025-02-26T14:00:00,5952.75,5973.75,5945.5,5955.0,210158
2025-02-26T15:00:00,5955.0,5980.25,5951.5,5972.0,244641
2025-02-27T10:00:00,5951.0,5991.75,5931.5,5961.0,484903
2025-02-27T11:00:00,5961.25,5989.0,5949.0,5951.0,247887
2025-02-27T12:00:00,5951.0,5971.25,5940.0,5960.75,198036
2025-02-27T13:00:00,5960.75,5978.25,5959.5,5963.5,166976
2025-02-27T14:00:00,5963.5,5965.0,5909.25,5918.75,301054
2025-02-27T15:00:00,5919.0,5919.75,5873.0,5877.5,478136
2025-02-28T10:00:00,5884.25,5913.0,5876.0,5912.5,338147
2025-02-28T11:00:00,5912.5,5914.25,5881.75,5897.25,233114
2025-02-28T12:00:00,5897.25,5907.0,5859.5,5860.25,238163
2025-02-28T13:00:00,5860.25,5889.0,5848.0,5859.5,333181
2025-02-28T14:00:00,5859.5,5906.25,5859.0,5904.5,236536
2025-02-28T15:00:00,5904.5,5971.0,5900.25,5964.0,536808
2025-03-03T10:00:00,5951.25,5974.75,5930.5,5947.25,392721
2025-03-03T11:00:00,5947.5,5968.75,5934.5,5953.5,242787
2025-03-03T12:00:00,5953.5,5965.5,5937.25,5943.25,144189
2025-03-03T13:00:00,5943.25,5944.75,5897.75,5914.75,328729
2025-03-03T14:00:00,5914.5,5929.5,5882.5,5883.5,263585
2025-03-03T15:00:00,5883.75,5884.25,5821.75,5863.0,563167
2025-03-04T10:00:00,5778.75,5783.75,5744.0,5762.5,572232
2025-03-04T11:00:00,5762.75,5787.5,5744.75,5781.5,368462
2025-03-04T12:00:00,5781.25,5807.25,5774.75,5786.75,276793
2025-03-04T13:00:00,5786.75,5830.25,5782.25,5824.5,263944
2025-03-04T14:00:00,5824.25,5853.25,5823.5,5850.5,253363
2025-03-04T15:00:00,5850.25,5875.75,5768.25,5790.75,510395
2025-03-05T10:00:00,5780.0,5817.0,5774.5,5789.5,341477
2025-03-05T11:00:00,5789.25,5789.25,5750.75,5779.5,276471
2025-03-05T12:00:00,5779.25,5829.5,5778.0,5828.0,227682
2025-03-05T13:00:00,5828.0,5836.25,5797.75,5835.25,234345
2025-03-05T14:00:00,5835.0,5864.25,5828.75,5851.25,203552
2025-03-05T15:00:00,5851.25,5869.5,5834.0,5850.75,276921
2025-03-06T10:00:00,5763.5,5820.0,5759.75,5806.5,380221
2025-03-06T11:00:00,5806.75,5821.25,5763.0,5764.25,303787
2025-03-06T12:00:00,5764.0,5768.75,5729.0,5749.5,321198
2025-03-06T13:00:00,5749.25,5760.25,5722.75,5740.0,221031
2025-03-06T14:00:00,5739.75,5768.5,5720.0,5729.0,271333
2025-03-06T15:00:00,5729.0,5761.75,5723.5,5747.75,387166
2025-03-07T10:00:00,5756.5,5768.0,5701.25,5726.0,362354
2025-03-07T11:00:00,5726.0,5729.75,5673.0,5687.75,263078
2025-03-07T12:00:00,5688.0,5747.75,5674.5,5718.5,265665
2025-03-07T13:00:00,5718.75,5770.0,5718.0,5769.75,228248
2025-03-07T14:00:00,5769.75,5790.25,5758.25,5769.0,196883
2025-03-07T15:00:00,5769.0,5791.0,5745.25,5775.0,287003
2025-03-10T10:00:00,5689.5,5689.5,5646.5,5655.0,378256
2025-03-10T11:00:00,5655.0,5682.0,5651.75,5654.0,264654
2025-03-10T12:00:00,5653.75,5667.0,5640.0,5645.75,183278
2025-03-10T13:00:00,5645.75,5647.25,5616.75,5619.75,196332
2025-03-10T14:00:00,5619.75,5631.25,5586.25,5588.75,217627
2025-03-10T15:00:00,5588.75,5640.75,5571.5,5623.75,517379
2025-03-11T10:00:00,5613.25,5635.75,5554.5,5562.5,410227
2025-03-11T11:00:00,5562.5,5614.75,5556.25,5586.5,283308
2025-03-11T12:00:00,5586.0,5591.25,5550.0,5557.0,223628
2025-03-11T13:00:00,5557.25,5568.5,5534.0,5557.25,212872
2025-03-11T14:00:00,5557.25,5643.75,5555.75,5630.25,303881
2025-03-11T15:00:00,5630.25,5641.0,5575.0,5576.0,385196
2025-03-12T10:00:00,5608.0,5619.25,5568.25,5569.75,283469
2025-03-12T11:00:00,5569.5,5606.25,5550.25,5604.75,219891
2025-03-12T12:00:00,5605.0,5626.5,5595.75,5604.25,200752
2025-03-12T13:00:00,5604.5,5631.5,5592.75,5593.5,152282
2025-03-12T14:00:00,5593.75,5633.0,5591.75,5626.0,137240
2025-03-12T15:00:00,5625.75,5626.0,5595.25,5603.0,264036
2025-03-13T10:00:00,5563.25,5603.75,5557.0,5572.75,290018
2025-03-13T11:00:00,5572.75,5582.5,5536.25,5537.5,281670
2025-03-13T12:00:00,5537.75,5558.75,5525.75,5538.75,236623
2025-03-13T13:00:00,5538.5,5546.0,5509.25,5513.25,172398
2025-03-13T14:00:00,5513.25,5555.5,5512.0,5552.0,186550
2025-03-13T15:00:00,5551.75,5559.0,5514.0,5528.25,309513
2025-03-14T10:00:00,5595.25,5613.75,5564.0,5613.5,374590
2025-03-14T11:00:00,5613.5,5635.5,5610.25,5632.25,270312
2025-03-14T12:00:00,5632.0,5635.25,5611.0,5631.75,223358
2025-03-14T13:00:00,5631.5,5639.0,5615.5,5617.25,188334
2025-03-14T14:00:00,5617.25,5635.75,5613.0,5628.5,160140
2025-03-14T15:00:00,5628.5,5648.75,5624.0,5637.5,304998
2025-03-17T10:00:00,5667.0,5673.25,5646.75,5650.0,386123
2025-03-17T11:00:00,5650.25,5662.5,5638.0,5648.5,213361
2025-03-17T12:00:00,5648.5,5663.0,5642.5,5656.25,188788
2025-03-17T13:00:00,5656.0,5684.0,5649.5,5681.25,155851
2025-03-17T14:00:00,5681.25,5707.5,5681.0,5702.25,141922
2025-03-17T15:00:00,5702.0,5703.5,5678.25,5680.5,232232
2025-03-18T10:00:00,5617.0,5629.75,5610.25,5616.75,150087
2025-03-18T11:00:00,5617.0,5618.5,5600.0,5605.0,114967
2025-03-18T12:00:00,5605.5,5627.25,5602.0,5617.5,99177
2025-03-18T13:00:00,5617.5,5624.5,5601.25,5617.5,78371
2025-03-18T14:00:00,5617.5,5631.25,5606.5,5623.0,64617
2025-03-18T15:00:00,5622.75,5626.25,5607.5,5620.25,137978
2025-03-19T10:00:00,5648.25,5662.5,5641.75,5643.75,72900
2025-03-19T11:00:00,5643.75,5672.0,5642.25,5667.0,64133
2025-03-19T12:00:00,5666.75,5671.0,5655.5,5658.25,45048
2025-03-19T13:00:00,5658.25,5660.5,5635.5,5640.25,30564
2025-03-19T14:00:00,5639.0,5694.25,5632.0,5691.25,79069
2025-03-19T15:00:00,5691.0,5718.5,5674.75,5679.5,120530
2025-03-20T10:00:00,5674.25,5714.25,5672.5,5702.25,49300
2025-03-20T11:00:00,5702.5,5707.5,5685.0,5689.75,29852
2025-03-20T12:00:00,5689.75,5702.5,5664.25,5667.0,45824
2025-03-20T13:00:00,5667.0,5680.5,5655.0,5660.0,31064
2025-03-20T14:00:00,5660.0,5671.75,5645.25,5652.5,33982
2025-03-20T15:00:00,5651.75,5674.25,5651.25,5664.25,41701
2025-03-24T10:00:00,5802.0,5811.5,5794.5,5810.5,177113
2025-03-24T11:00:00,5810.5,5815.0,5805.5,5814.0,111968
2025-03-24T12:00:00,5813.75,5819.25,5802.5,5805.75,149820
2025-03-24T13:00:00,5806.0,5808.75,5798.5,5805.75,106517
2025-03-24T14:00:00,5805.75,5811.25,5795.0,5811.0,150958
2025-03-24T15:00:00,5811.0,5825.5,5809.25,5813.5,220383
2025-03-25T10:00:00,5819.75,5837.25,5812.25,5832.75,154255
2025-03-25T11:00:00,5832.5,5835.0,5818.0,5820.25,93644
2025-03-25T12:00:00,5820.25,5823.75,5814.5,5822.25,87261
2025-03-25T13:00:00,5822.25,5828.25,5812.75,5813.75,89788
2025-03-25T14:00:00,5813.75,5822.25,5809.5,5811.75,97080
2025-03-25T15:00:00,5811.75,5828.5,5811.25,5826.25,181549
2025-03-26T10:00:00,5808.5,5817.25,5797.0,5806.25,218906
2025-03-26T11:00:00,5806.5,5810.5,5772.5,5778.0,183570
2025-03-26T12:00:00,5778.25,5785.5,5764.0,5765.75,166326
2025-03-26T13:00:00,5765.75,5773.5,5750.5,5751.5,162472
2025-03-26T14:00:00,5751.5,5766.25,5743.0,5745.25,119838
2025-03-26T15:00:00,5745.25,5767.25,5743.25,5758.25,230813
2025-03-27T10:00:00,5753.75,5778.75,5745.75,5778.75,207108
2025-03-27T11:00:00,5778.75,5779.75,5749.0,5750.25,160906
2025-03-27T12:00:00,5750.25,5770.0,5736.25,5736.75,156447
2025-03-27T13:00:00,5736.75,5752.5,5733.75,5737.0,133917
2025-03-27T14:00:00,5737.0,5762.75,5736.0,5746.25,140149
2025-03-27T15:00:00,5746.0,5771.25,5737.5,5740.5,260974
2025-03-28T10:00:00,5707.5,5711.25,5649.5,5655.5,350099
2025-03-28T11:00:00,5655.5,5665.0,5644.5,5646.25,226596
2025-03-28T12:00:00,5646.25,5655.0,5631.0,5632.0,170758
2025-03-28T13:00:00,5632.0,5633.0,5618.75,5630.75,174057
2025-03-28T14:00:00,5630.75,5636.5,5619.75,5628.75,143085
2025-03-28T15:00:00,5628.75,5634.25,5617.25,5624.5,295029
2025-03-31T10:00:00,5562.75,5585.5,5559.25,5581.75,264498
2025-03-31T11:00:00,5581.75,5606.75,5577.75,5598.5,209953
2025-03-31T12:00:00,5598.5,5611.75,5584.5,5598.5,155166
2025-03-31T13:00:00,5598.75,5617.25,5592.25,5596.75,134528
2025-03-31T14:00:00,5596.75,5645.0,5595.25,5629.25,214446
2025-03-31T15:00:00,5629.25,5672.75,5628.75,5656.25,463166
2025-04-01T10:00:00,5637.0,5662.75,5600.25,5661.5,311316
2025-04-01T11:00:00,5661.5,5683.5,5658.0,5680.75,226531
2025-04-01T12:00:00,5681.0,5694.75,5658.0,5671.75,192261
2025-04-01T13:00:00,5671.75,5676.5,5653.5,5654.25,124209
2025-04-01T14:00:00,5654.5,5656.25,5625.75,5641.0,163258
2025-04-01T15:00:00,5640.75,5679.75,5638.5,5674.75,281782
2025-04-02T10:00:00,5650.75,5687.25,5646.5,5685.25,228042
2025-04-02T11:00:00,5685.25,5702.25,5673.0,5687.25,217776
2025-04-02T12:00:00,5687.5,5725.5,5685.25,5721.5,170420
2025-04-02T13:00:00,5721.75,5739.25,5696.75,5705.5,208779
2025-04-02T14:00:00,5705.5,5709.25,5673.75,5675.75,189408
2025-04-02T15:00:00,5675.75,5721.25,5675.5,5710.0,245891
2025-04-03T10:00:00,5508.5,5512.5,5460.25,5461.25,338273
2025-04-03T11:00:00,5461.0,5504.75,5455.0,5495.25,286153
2025-04-03T12:00:00,5495.0,5524.5,5490.25,5494.75,198398
2025-04-03T13:00:00,5494.75,5504.25,5477.5,5478.5,135500
2025-04-03T14:00:00,5478.5,5485.25,5458.75,5478.0,165687
2025-04-03T15:00:00,5478.0,5479.75,5428.5,5436.25,379644
2025-04-04T10:00:00,5287.0,5288.0,5153.5,5208.5,456121
2025-04-04T11:00:00,5208.25,5280.75,5192.25,5203.25,432027
2025-04-04T12:00:00,5203.5,5228.5,5161.75,5174.0,255542
2025-04-04T13:00:00,5174.25,5200.0,5136.0,5199.25,249588
2025-04-04T14:00:00,5199.75,5212.25,5107.5,5130.25,254276
2025-04-04T15:00:00,5130.5,5192.75,5103.0,5108.5,512645
2025-04-07T10:00:00,5007.75,5286.5,4983.75,5110.75,752557
2025-04-07T11:00:00,5110.5,5150.0,4975.0,5046.0,313499
2025-04-07T12:00:00,5045.25,5068.75,4996.75,5007.25,178195
2025-04-07T13:00:00,5007.25,5145.75,5006.25,5143.0,246572
2025-04-07T14:00:00,5143.25,5158.0,5075.5,5084.0,187920
2025-04-07T15:00:00,5084.25,5119.5,5052.75,5099.0,352133
2025-04-08T10:00:00,5280.25,5305.25,5231.75,5231.75,252025
2025-04-08T11:00:00,5232.25,5246.75,5192.75,5220.75,224844
2025-04-08T12:00:00,5220.75,5226.25,5121.5,5123.75,248058
2025-04-08T13:00:00,5123.25,5142.75,5071.25,5118.75,252243
2025-04-08T14:00:00,5118.75,5129.25,5064.5,5067.5,178915
2025-04-08T15:00:00,5067.5,5072.25,4940.5,5017.5,399927
2025-04-09T10:00:00,5048.25,5087.25,4980.0,4981.5,218003
2025-04-09T11:00:00,4981.5,5047.5,4980.0,5009.25,153846
2025-04-09T12:00:00,5009.0,5076.75,4997.0,5062.75,118132
2025-04-09T13:00:00,5062.75,5420.5,5025.0,5403.5,578147
2025-04-09T14:00:00,5403.5,5454.25,5360.5,5364.25,357529
2025-04-09T15:00:00,5364.25,5520.0,5352.0,5490.5,452095
2025-04-10T10:00:00,5343.25,5373.75,5314.0,5316.5,247509
2025-04-10T11:00:00,5316.5,5341.0,5231.5,5238.0,216719
2025-04-10T12:00:00,5238.25,5258.0,5146.75,5249.25,306769
2025-04-10T13:00:00,5248.75,5308.75,5180.25,5295.0,257057
2025-04-10T14:00:00,5295.5,5351.5,5255.75,5314.75,221889
2025-04-10T15:00:00,5315.25,5348.75,5234.5,5299.5,364691
2025-04-11T10:00:00,5314.75,5336.75,5251.5,5282.75,204525
2025-04-11T11:00:00,5282.5,5325.5,5259.5,5321.25,138806
2025-04-11T12:00:00,5321.25,5381.25,5311.75,5369.75,142274
2025-04-11T13:00:00,5370.0,5418.25,5340.25,5399.25,185149
2025-04-11T14:00:00,5399.5,5403.0,5368.0,5374.5,127922
2025-04-11T15:00:00,5374.5,5410.0,5373.25,5390.25,235501
2025-04-14T10:00:00,5458.25,5492.25,5449.25,5477.0,143773
2025-04-14T11:00:00,5477.0,5484.5,5404.75,5409.5,156992
2025-04-14T12:00:00,5410.0,5432.25,5391.0,5407.75,138752
2025-04-14T13:00:00,5408.0,5448.0,5405.5,5442.5,104304
2025-04-14T14:00:00,5442.5,5466.25,5440.25,5460.5,79464
2025-04-14T15:00:00,5460.5,5479.0,5436.0,5442.5,186566
2025-04-15T10:00:00,5467.5,5485.0,5433.0,5458.0,212676
2025-04-15T11:00:00,5458.25,5472.5,5446.5,5462.25,121878
2025-04-15T12:00:00,5462.25,5468.75,5436.75,5442.0,84356
2025-04-15T13:00:00,5442.0,5451.25,5425.25,5434.75,108969
2025-04-15T14:00:00,5435.0,5444.0,5419.5,5438.0,89032
2025-04-15T15:00:00,5438.25,5444.75,5422.75,5428.25,159701
2025-04-16T10:00:00,5348.5,5379.25,5346.0,5372.0,151208
2025-04-16T11:00:00,5372.25,5401.0,5363.0,5366.75,142456
2025-04-16T12:00:00,5366.5,5370.25,5354.25,5358.25,94685
2025-04-16T13:00:00,5358.25,5366.5,5287.25,5289.0,177303
2025-04-16T14:00:00,5289.0,5317.0,5275.0,5276.25,169988
2025-04-16T15:00:00,5276.5,5310.75,5251.0,5305.5,285797
2025-04-17T10:00:00,5333.75,5339.0,5285.5,5297.25,172269
2025-04-17T11:00:00,5297.5,5335.75,5297.0,5314.5,143948
2025-04-17T12:00:00,5314.75,5351.5,5309.0,5346.75,173101
2025-04-17T13:00:00,5346.75,5351.0,5323.25,5343.0,86157
2025-04-17T14:00:00,5343.0,5359.5,5332.25,5332.5,107447
2025-04-17T15:00:00,5332.75,5335.5,5304.25,5311.25,181371
2025-04-21T10:00:00,5220.25,5220.5,5188.25,5190.25,154019
2025-04-21T11:00:00,5190.0,5195.0,5151.75,5154.25,130400
2025-04-21T12:00:00,5154.25,5176.5,5153.75,5156.25,102118
2025-04-21T13:00:00,5156.25,5161.25,5130.25,5132.5,110772
2025-04-21T14:00:00,5132.5,5149.75,5127.25,5131.25,97796
2025-04-21T15:00:00,5131.25,5193.0,5130.5,5183.5,246211
2025-04-22T10:00:00,5264.0,5294.5,5262.25,5292.0,181305
2025-04-22T11:00:00,5292.0,5311.25,5283.0,5307.25,174342
2025-04-22T12:00:00,5307.5,5339.25,5307.5,5321.0,192760
2025-04-22T13:00:00,5321.25,5332.5,5262.25,5263.0,225947
2025-04-22T14:00:00,5263.0,5319.75,5262.25,5313.0,125479
2025-04-22T15:00:00,5313.0,5321.0,5287.5,5314.25,225275
2025-04-23T10:00:00,5482.0,5499.75,5453.5,5472.75,256056
2025-04-23T11:00:00,5472.75,5483.0,5401.5,5420.5,250232
2025-04-23T12:00:00,5420.5,5432.25,5385.0,5428.0,160242
2025-04-23T13:00:00,5427.75,5441.75,5407.5,5429.75,123470
2025-04-23T14:00:00,5429.75,5435.0,5403.5,5409.25,108478
2025-04-23T15:00:00,5409.25,5417.25,5383.75,5398.5,240402
2025-04-24T10:00:00,5439.75,5478.75,5434.75,5470.0,220901
2025-04-24T11:00:00,5470.25,5484.75,5463.75,5473.25,157394
2025-04-24T12:00:00,5473.25,5504.5,5468.0,5500.0,142874
2025-04-24T13:00:00,5500.25,5502.0,5485.75,5498.75,95501
2025-04-24T14:00:00,5499.0,5514.75,5496.25,5506.75,101150
2025-04-24T15:00:00,5506.5,5520.0,5488.75,5510.5,228203
2025-04-25T10:00:00,5492.25,5523.25,5480.25,5508.25,201304
2025-04-25T11:00:00,5507.75,5518.5,5500.0,5514.0,103181
2025-04-25T12:00:00,5514.25,5535.5,5512.75,5534.75,96567
2025-04-25T13:00:00,5534.75,5554.5,5511.25,5523.25,164155
2025-04-25T14:00:00,5523.25,5551.75,5519.0,5542.5,116317
2025-04-25T15:00:00,5542.25,5552.75,5531.5,5548.75,179861
2025-04-28T10:00:00,5545.5,5564.25,5539.25,5548.75,164857
2025-04-28T11:00:00,5548.25,5555.0,5513.0,5518.0,143315
2025-04-28T12:00:00,5517.75,5519.5,5499.75,5507.5,123091
2025-04-28T13:00:00,5507.5,5521.5,5492.0,5519.75,98855
2025-04-28T14:00:00,5520.0,5533.25,5516.5,5530.0,87590
2025-04-28T15:00:00,5530.5,5565.75,5529.0,5551.75,188062
2025-04-29T10:00:00,5549.25,5573.0,5536.25,5572.5,187481
2025-04-29T11:00:00,5572.5,5575.5,5551.0,5560.0,125450
2025-04-29T12:00:00,5560.0,5577.25,5547.25,5553.0,106350
2025-04-29T13:00:00,5553.0,5594.25,5549.75,5590.25,121615
2025-04-29T14:00:00,5590.5,5597.25,5583.5,5586.25,113600
2025-04-29T15:00:00,5586.25,5596.5,5580.5,5583.5,181067
2025-04-30T10:00:00,5459.5,5515.75,5457.0,5510.5,248353
2025-04-30T11:00:00,5510.5,5539.5,5509.25,5536.25,203851
2025-04-30T12:00:00,5535.75,5544.25,5515.0,5536.75,120578
2025-04-30T13:00:00,5537.0,5552.5,5512.25,5546.25,122083
2025-04-30T14:00:00,5546.25,5572.5,5532.25,5537.25,178412
2025-04-30T15:00:00,5537.25,5606.75,5534.75,5584.0,343012
2025-05-01T10:00:00,5630.75,5675.5,5629.0,5675.0,197378
2025-05-01T11:00:00,5675.0,5682.5,5637.75,5645.0,166134
2025-05-01T12:00:00,5644.75,5653.75,5631.5,5637.5,133141
2025-05-01T13:00:00,5637.5,5660.75,5637.0,5646.75,91989
2025-05-01T14:00:00,5646.75,5668.25,5645.5,5658.5,98450
2025-05-01T15:00:00,5658.5,5665.75,5618.75,5625.0,213567
2025-05-02T10:00:00,5676.0,5703.75,5672.0,5698.25,175208
2025-05-02T11:00:00,5698.5,5704.75,5684.75,5703.0,124359
2025-05-02T12:00:00,5703.0,5721.5,5702.0,5715.75,146514
2025-05-02T13:00:00,5715.75,5718.75,5704.0,5713.0,91401
2025-05-02T14:00:00,5713.0,5724.75,5705.0,5711.75,94072
2025-05-02T15:00:00,5711.5,5719.5,5700.25,5705.75,251931
2025-05-05T10:00:00,5669.5,5691.0,5662.75,5689.0,170729
2025-05-05T11:00:00,5688.75,5692.25,5677.25,5689.0,106244
2025-05-05T12:00:00,5689.0,5698.75,5687.0,5695.5,72583
2025-05-05T13:00:00,5695.25,5700.0,5687.25,5695.75,67529
2025-05-05T14:00:00,5695.75,5706.25,5694.5,5697.0,69572
2025-05-05T15:00:00,5697.25,5698.0,5669.25,5674.5,192755
2025-05-06T10:00:00,5611.5,5652.75,5608.5,5645.25,179324
2025-05-06T11:00:00,5645.5,5657.5,5639.5,5641.5,115743
2025-05-06T12:00:00,5641.25,5671.75,5628.75,5629.75,165101
2025-05-06T13:00:00,5630.0,5643.75,5620.25,5622.0,95810
2025-05-06T14:00:00,5622.0,5648.5,5621.75,5648.5,118471
2025-05-06T15:00:00,5648.25,5651.5,5624.0,5625.5,216807
2025-05-07T10:00:00,5651.0,5656.5,5626.25,5631.0,127145
2025-05-07T11:00:00,5631.0,5638.0,5620.0,5636.0,139021
2025-05-07T12:00:00,5636.0,5651.0,5627.25,5649.25,84592
2025-05-07T13:00:00,5649.25,5655.75,5624.5,5627.75,103917
2025-05-07T14:00:00,5627.75,5649.0,5596.0,5645.0,215358
2025-05-07T15:00:00,5645.25,5675.0,5611.25,5648.75,316044
2025-05-08T10:00:00,5677.75,5688.0,5653.0,5662.0,178706
2025-05-08T11:00:00,5661.75,5733.5,5656.5,5721.25,254806
2025-05-08T12:00:00,5721.25,5741.0,5720.75,5739.0,124151
2025-05-08T13:00:00,5738.75,5739.75,5713.0,5714.25,94140
2025-05-08T14:00:00,5714.0,5728.75,5711.25,5720.75,91906
2025-05-08T15:00:00,5720.5,5732.0,5682.5,5686.5,244192
2025-05-09T10:00:00,5704.75,5708.75,5662.5,5680.5,186269
2025-05-09T11:00:00,5680.5,5691.0,5673.5,5690.75,117455
2025-05-09T12:00:00,5690.75,5691.5,5665.5,5668.5,94694
2025-05-09T13:00:00,5668.75,5688.5,5663.0,5687.0,82803
2025-05-09T14:00:00,5687.0,5687.75,5675.5,5683.5,59384
2025-05-09T15:00:00,5683.25,5694.0,5676.0,5677.75,162098
2025-05-12T10:00:00,5829.0,5840.75,5807.25,5826.25,247295
2025-05-12T11:00:00,5826.5,5833.5,5816.25,5817.5,138874
2025-05-12T12:00:00,5817.75,5849.5,5815.75,5847.0,115466
2025-05-12T13:00:00,5847.0,5861.0,5846.0,5852.25,132516
2025-05-12T14:00:00,5854.25,5862.25,5849.25,5851.5,114720
2025-05-12T15:00:00,5851.75,5866.25,5844.0,5864.5,262547
2025-05-13T10:00:00,5888.5,5915.0,5887.75,5906.75,220584
2025-05-13T11:00:00,5906.75,5920.25,5903.0,5912.25,143122
2025-05-13T12:00:00,5912.25,5919.5,5905.25,5915.75,106237
2025-05-13T13:00:00,5915.5,5927.0,5912.25,5915.0,108877
2025-05-13T14:00:00,5915.25,5923.25,5910.5,5922.0,103632
2025-05-13T15:00:00,5921.75,5926.75,5903.5,5909.25,164730
2025-05-14T10:00:00,5910.5,5914.5,5898.75,5910.5,149602
2025-05-14T11:00:00,5910.25,5919.0,5892.5,5915.25,141956
2025-05-14T12:00:00,5915.25,5921.0,5906.0,5909.75,86938
2025-05-14T13:00:00,5909.75,5910.0,5890.0,5908.5,108502
2025-05-14T14:00:00,5908.25,5917.5,5900.5,5911.5,99883
2025-05-14T15:00:00,5911.5,5916.5,5898.75,5909.75,214582
2025-05-15T10:00:00,5895.25,5905.5,5887.0,5900.5,159843
2025-05-15T11:00:00,5900.75,5929.0,5899.25,5925.25,159138
2025-05-15T12:00:00,5925.5,5936.75,5922.25,5936.5,118713
2025-05-15T13:00:00,5936.5,5944.5,5931.5,5933.25,106563
2025-05-15T14:00:00,5933.5,5937.75,5921.25,5931.75,127637
2025-05-15T15:00:00,5931.75,5939.0,5917.5,5938.25,221884
2025-05-16T10:00:00,5945.0,5948.25,5924.75,5936.5,173887
2025-05-16T11:00:00,5936.75,5948.5,5935.75,5942.5,100405
2025-05-16T12:00:00,5942.25,5957.25,5941.0,5954.5,93407
2025-05-16T13:00:00,5954.75,5967.25,5953.25,5960.5,90244
2025-05-16T14:00:00,5960.5,5972.75,5958.75,5968.0,87317
2025-05-16T15:00:00,5968.0,5977.5,5964.25,5975.25,208767
2025-05-19T10:00:00,5943.5,5964.75,5941.75,5951.5,181628
2025-05-19T11:00:00,5951.75,5969.5,5951.0,5962.5,104066
2025-05-19T12:00:00,5962.5,5979.5,5960.75,5977.25,90364
2025-05-19T13:00:00,5977.25,5987.5,5975.0,5975.25,121134
2025-05-19T14:00:00,5975.5,5977.5,5965.0,5975.75,100118
2025-05-19T15:00:00,5976.0,5984.5,5962.75,5981.0,204608
2025-05-20T10:00:00,5959.0,5971.0,5953.75,5960.0,137383
2025-05-20T11:00:00,5960.0,5966.75,5955.0,5962.75,102383
2025-05-20T12:00:00,5962.5,5966.5,5952.75,5964.5,84479
2025-05-20T13:00:00,5964.75,5969.0,5955.25,5961.0,85017
2025-05-20T14:00:00,5960.75,5962.75,5936.25,5939.75,140085
2025-05-20T15:00:00,5939.5,5961.0,5926.75,5959.25,216397
2025-05-21T10:00:00,5928.5,5944.25,5918.5,5936.5,165442
2025-05-21T11:00:00,5936.25,5952.75,5933.75,5947.5,130462
2025-05-21T12:00:00,5947.5,5956.25,5944.5,5946.25,85321
2025-05-21T13:00:00,5946.5,5948.0,5867.0,5891.25,319776
2025-05-21T14:00:00,5891.0,5893.5,5867.25,5869.75,163477
2025-05-21T15:00:00,5869.75,5876.0,5847.75,5859.25,275059
2025-05-22T10:00:00,5870.5,5880.5,5843.5,5857.5,206179
2025-05-22T11:00:00,5857.75,5872.5,5851.75,5871.25,153344
2025-05-22T12:00:00,5871.0,5885.0,5858.75,5859.75,122580
2025-05-22T13:00:00,5859.75,5887.25,5854.75,5883.0,126735
2025-05-22T14:00:00,5883.0,5890.0,5877.75,5887.25,98918
2025-05-22T15:00:00,5887.25,5895.0,5853.75,5858.75,238634
2025-05-23T10:00:00,5793.0,5814.5,5791.5,5796.0,195320
2025-05-23T11:00:00,5796.25,5822.25,5792.75,5805.25,146218
2025-05-23T12:00:00,5805.25,5821.25,5800.0,5815.0,108402
2025-05-23T13:00:00,5815.0,5840.0,5812.0,5833.75,107812
2025-05-23T14:00:00,5833.75,5843.75,5825.25,5832.75,116663
2025-05-23T15:00:00,5832.75,5840.0,5810.25,5817.0,219757
2025-05-26T10:00:00,5885.75,5886.5,5874.5,5875.75,11303
2025-05-26T11:00:00,5875.75,5888.25,5871.0,5887.25,10378
2025-05-26T12:00:00,5887.5,5892.5,5884.25,5891.0,7019
2025-05-27T10:00:00,5886.25,5911.25,5885.5,5905.75,172190
2025-05-27T11:00:00,5905.5,5916.5,5904.75,5915.0,109298
2025-05-27T12:00:00,5915.0,5932.25,5914.25,5924.75,116125
2025-05-27T13:00:00,5924.75,5936.25,5924.25,5935.75,75710
2025-05-27T14:00:00,5935.75,5938.75,5929.0,5929.25,78099
2025-05-27T15:00:00,5929.25,5936.25,5923.75,5936.0,203644
2025-05-28T10:00:00,5934.75,5936.0,5916.25,5917.75,164314
2025-05-28T11:00:00,5917.75,5925.75,5913.75,5914.75,121934
2025-05-28T12:00:00,5915.0,5926.75,5914.5,5923.75,78311
2025-05-28T13:00:00,5923.75,5930.5,5918.5,5921.5,84292
2025-05-28T14:00:00,5921.25,5929.0,5903.25,5922.25,113735
2025-05-28T15:00:00,5922.0,5932.75,5894.5,5901.5,237785
2025-05-29T10:00:00,5936.0,5940.0,5908.5,5932.75,193586
2025-05-29T11:00:00,5932.75,5933.75,5888.5,5895.0,157422
2025-05-29T12:00:00,5895.0,5925.25,5884.0,5921.5,130291
2025-05-29T13:00:00,5921.25,5928.25,5907.5,5909.0,88265
2025-05-29T14:00:00,5909.25,5919.0,5899.5,5911.5,107715
2025-05-29T15:00:00,5911.75,5930.75,5906.25,5923.5,192533
2025-05-30T10:00:00,5891.5,5920.5,5890.75,5908.0,171781
2025-05-30T11:00:00,5908.25,5915.0,5894.5,5901.0,133193
2025-05-30T12:00:00,5901.25,5907.75,5853.25,5865.0,227438
2025-05-30T13:00:00,5865.0,5888.75,5860.75,5879.75,130506
2025-05-30T14:00:00,5879.75,5910.0,5879.25,5908.0,140539
2025-05-30T15:00:00,5908.25,5932.75,5907.0,5914.75,350159
2025-06-02T10:00:00,5886.75,5916.0,5870.5,5914.0,216279
2025-06-02T11:00:00,5914.0,5921.25,5901.5,5918.75,125094
2025-06-02T12:00:00,5918.75,5922.5,5910.25,5920.5,79586
2025-06-02T13:00:00,5920.5,5927.0,5915.5,5920.25,77236
2025-06-02T14:00:00,5920.25,5940.5,5916.0,5939.25,118097
2025-06-02T15:00:00,5939.5,5949.0,5937.25,5947.25,165126
2025-06-03T10:00:00,5944.75,5964.5,5938.25,5963.75,158322
2025-06-03T11:00:00,5964.0,5977.5,5963.75,5976.75,129186
2025-06-03T12:00:00,5977.0,5987.25,5972.75,5985.25,89378
2025-06-03T13:00:00,5985.5,5991.25,5980.75,5981.25,92644
2025-06-03T14:00:00,5981.5,5985.0,5968.25,5983.5,135657
2025-06-03T15:00:00,5983.5,5985.5,5974.25,5981.75,193669
2025-06-04T10:00:00,5994.75,5997.25,5974.25,5994.75,213756
2025-06-04T11:00:00,5994.5,5998.25,5983.25,5988.0,126348
2025-06-04T12:00:00,5988.0,5989.0,5977.0,5986.75,103087
2025-06-04T13:00:00,5986.75,5995.25,5986.75,5995.0,66614
2025-06-04T14:00:00,5995.25,5999.0,5987.5,5989.5,75850
2025-06-04T15:00:00,5989.5,5992.0,5978.0,5978.25,171952
2025-06-05T10:00:00,5961.5,5994.75,5958.0,5991.5,224571
2025-06-05T11:00:00,5991.5,6009.0,5989.25,6006.5,120884
2025-06-05T12:00:00,6006.25,6008.25,5960.75,5966.0,185224
2025-06-05T13:00:00,5966.0,5988.0,5961.25,5976.5,133677
2025-06-05T14:00:00,5976.75,5979.25,5948.75,5971.0,182337
2025-06-05T15:00:00,5970.75,5973.5,5928.75,5948.0,312700
2025-06-06T10:00:00,6019.75,6021.5,6002.75,6009.5,169860
2025-06-06T11:00:00,6009.5,6020.25,5988.75,6003.25,178037
2025-06-06T12:00:00,6003.5,6010.25,5984.5,5992.25,110523
2025-06-06T13:00:00,5992.25,6006.75,5987.25,6005.5,81476
2025-06-06T14:00:00,6005.75,6020.75,6005.5,6013.5,119196
2025-06-06T15:00:00,6013.5,6017.25,6005.25,6006.75,179145
2025-06-09T10:00:00,6004.5,6017.75,6004.5,6010.25,122878
2025-06-09T11:00:00,6010.5,6015.5,6006.25,6013.75,71533
2025-06-09T12:00:00,6014.0,6026.5,6010.0,6022.0,79949
2025-06-09T13:00:00,6022.25,6027.5,6016.25,6024.75,77308
2025-06-09T14:00:00,6024.75,6027.75,6020.0,6025.25,62568
2025-06-09T15:00:00,6025.0,6026.75,6008.5,6010.25,187245
2025-06-10T10:00:00,6020.0,6030.75,6019.25,6027.25,114257
2025-06-10T11:00:00,6028.25,6028.5,6005.0,6027.0,149365
2025-06-10T12:00:00,6027.0,6037.5,6026.5,6036.0,80389
2025-06-10T13:00:00,6035.0,6041.25,6027.0,6027.5,80764
2025-06-10T14:00:00,6027.75,6044.5,6015.25,6038.75,119787
2025-06-10T15:00:00,6038.5,6049.5,6030.25,6045.0,183682
2025-06-11T10:00:00,6050.25,6064.75,6046.5,6063.25,152316
2025-06-11T11:00:00,6061.5,6064.25,6048.5,6049.75,150075
2025-06-11T12:00:00,6050.0,6052.75,6033.5,6048.25,144041
2025-06-11T13:00:00,6048.0,6058.5,6037.5,6039.0,113178
2025-06-11T14:00:00,6039.0,6041.75,6006.25,6022.25,265358
2025-06-11T15:00:00,6022.0,6030.5,6011.0,6028.5,247004
2025-06-12T10:00:00,6021.0,6045.0,6019.75,6040.0,169846
2025-06-12T11:00:00,6040.25,6050.0,6029.0,6038.25,186190
2025-06-12T12:00:00,6038.0,6047.75,6032.5,6037.75,128989
2025-06-12T13:00:00,6038.0,6049.5,6037.0,6044.75,80078
2025-06-12T14:00:00,6044.75,6048.0,6038.0,6047.0,89632
2025-06-12T15:00:00,6046.75,6051.0,6037.25,6050.75,181392
2025-06-13T10:00:00,5993.5,6003.75,5977.25,6002.25,277562
2025-06-13T11:00:00,6002.5,6028.25,6000.25,6023.75,221800
2025-06-13T12:00:00,6023.5,6029.25,6013.75,6021.75,150744
2025-06-13T13:00:00,6021.5,6023.0,6000.5,6008.75,156156
2025-06-13T14:00:00,6009.0,6013.75,5967.0,5982.75,225279
2025-06-13T15:00:00,5982.75,5987.75,5965.25,5980.25,270392
2025-06-16T10:00:00,6041.25,6055.25,6040.5,6050.0,299909
2025-06-16T11:00:00,6049.75,6051.75,6038.5,6042.0,192379
2025-06-16T12:00:00,6042.25,6047.25,6035.5,6038.25,126628
2025-06-16T13:00:00,6038.5,6047.75,6031.75,6033.75,145649
2025-06-16T14:00:00,6033.75,6038.5,6029.0,6035.75,115356
2025-06-16T15:00:00,6035.5,6038.25,6027.0,6038.0,221599
2025-06-17T10:00:00,6018.0,6026.25,6012.75,6014.25,113006
2025-06-17T11:00:00,6013.75,6027.0,6011.75,6016.5,71404
2025-06-17T12:00:00,6016.75,6025.5,6004.25,6007.5,71013
2025-06-17T13:00:00,6007.25,6011.5,5984.75,5989.5,67872
2025-06-17T14:00:00,5989.5,5991.25,5976.75,5990.5,61140
2025-06-17T15:00:00,5990.5,5997.75,5982.0,5985.0,89481
2025-06-18T10:00:00,5998.25,6020.75,5998.0,6017.25,42625
2025-06-18T11:00:00,6015.5,6017.5,6004.5,6005.75,31988
2025-06-18T12:00:00,6005.75,6011.75,6002.0,6002.75,29818
2025-06-18T13:00:00,6002.5,6008.25,5988.5,6006.0,22275
2025-06-18T14:00:00,6015.25,6017.0,5975.25,5981.0,55796
2025-06-18T15:00:00,5981.0,5997.75,5973.25,5981.75,54415
2025-06-19T10:00:00,5926.25,5935.75,5924.0,5934.0,4143
2025-06-19T11:00:00,5934.0,5937.75,5921.5,5922.5,6070
2025-06-19T12:00:00,5922.25,5935.0,5922.25,5926.0,0
2025-06-23T10:00:00,6041.5,6058.25,6039.25,6039.75,156755
2025-06-23T11:00:00,6047.25,6051.75,6032.5,6033.5,111986
2025-06-23T12:00:00,6033.75,6036.0,5993.25,6010.75,235410
2025-06-23T13:00:00,6010.75,6069.75,6006.5,6061.5,194288
2025-06-23T14:00:00,6061.5,6067.5,6055.75,6061.25,85918
2025-06-23T15:00:00,6061.0,6081.5,6060.25,6076.75,173744
2025-06-24T10:00:00,6116.5,6129.75,6113.0,6125.25,131814
2025-06-24T11:00:00,6130.5,6138.25,6125.75,6134.25,102262
2025-06-24T12:00:00,6134.25,6148.75,6133.0,6143.25,75772
2025-06-24T13:00:00,6143.25,6150.5,6139.75,6148.5,75952
2025-06-24T14:00:00,6148.75,6151.5,6145.25,6149.75,55247
2025-06-24T15:00:00,6149.75,6155.25,6144.0,6144.0,185916
2025-06-25T10:00:00,6157.25,6159.5,6148.25,6153.75,129555
2025-06-25T11:00:00,6152.75,6153.0,6140.0,6144.75,102446
2025-06-25T12:00:00,6144.5,6148.5,6140.0,6143.0,61716
2025-06-25T13:00:00,6143.0,6147.25,6130.75,6138.5,92558
2025-06-25T14:00:00,6138.5,6141.5,6136.25,6140.0,58021
2025-06-25T15:00:00,6140.25,6149.75,6139.5,6147.5,171485
2025-06-26T10:00:00,6171.75,6182.0,6166.5,6180.0,140246
2025-06-26T11:00:00,6179.75,6185.0,6174.25,6181.5,107392
2025-06-26T12:00:00,6181.5,6187.5,6180.75,6184.75,69626
2025-06-26T13:00:00,6184.75,6192.5,6182.5,6189.25,70786
2025-06-26T14:00:00,6189.0,6198.0,6187.25,6190.75,95460
2025-06-26T15:00:00,6191.0,6200.0,6188.5,6196.25,207009
2025-06-27T10:00:00,6218.5,6230.75,6218.5,6222.75,176987
2025-06-27T11:00:00,6222.75,6236.0,6220.75,6234.0,92947
2025-06-27T12:00:00,6234.0,6239.0,6231.5,6234.75,87654
2025-06-27T13:00:00,6234.5,6234.75,6207.25,6216.5,152440
2025-06-27T14:00:00,6216.5,6218.75,6183.25,6187.25,205858
2025-06-27T15:00:00,6187.25,6226.75,6185.25,6223.5,259941
2025-06-30T10:00:00,6239.0,6242.75,6231.25,6234.75,138835
2025-06-30T11:00:00,6234.75,6244.0,6231.75,6239.25,108350
2025-06-30T12:00:00,6239.25,6245.75,6235.5,6241.0,77423
2025-06-30T13:00:00,6240.75,6242.75,6224.25,6232.5,102888
2025-06-30T14:00:00,6232.5,6243.5,6227.0,6243.5,117784
2025-06-30T15:00:00,6243.5,6265.5,6243.0,6251.5,358917
2025-07-01T10:00:00,6243.75,6253.0,6233.25,6237.5,202508
2025-07-01T11:00:00,6237.25,6247.75,6227.5,6242.0,189249
2025-07-01T12:00:00,6242.0,6254.25,6239.75,6243.5,136573
2025-07-01T13:00:00,6243.5,6261.5,6242.5,6258.75,103515
2025-07-01T14:00:00,6259.0,6260.25,6252.25,6253.0,78177
2025-07-01T15:00:00,6252.75,6260.75,6240.0,6249.0,256636
2025-07-02T10:00:00,6245.0,6264.0,6244.75,6259.5,182182
2025-07-02T11:00:00,6259.75,6266.75,6257.5,6264.75,106576
2025-07-02T12:00:00,6264.75,6268.25,6260.5,6268.0,74871
2025-07-02T13:00:00,6268.0,6269.25,6263.0,6266.0,68915
2025-07-02T14:00:00,6266.25,6271.5,6265.25,6270.5,70197
2025-07-02T15:00:00,6270.5,6276.5,6268.0,6275.25,168541
2025-07-03T09:30:00,6285.25,6315.25,6285.0,6310.0,136788
2025-07-03T10:30:00,6317.0,6324.75,6315.0,6324.25,119055
2025-07-03T11:30:00,6323.0,6331.25,6322.0,6328.25,100422
2025-07-03T12:30:00,6329.75,6333.25,6318.75,6323.0,169883
2025-07-04T10:00:00,6287.25,6292.75,6284.5,6290.25,8934
2025-07-04T11:00:00,6290.25,6292.0,6285.0,6289.5,8094
2025-07-04T12:00:00,6289.5,6290.0,6282.5,6283.5,6343
2025-07-07T10:00:00,6305.0,6306.5,6287.75,6290.0,145110
2025-07-07T11:00:00,6289.75,6292.5,6279.75,6285.75,106838
2025-07-07T12:00:00,6285.5,6291.25,6260.25,6266.0,204260
2025-07-07T13:00:00,6266.0,6282.5,6263.5,6268.25,118261
2025-07-07T14:00:00,6271.0,6271.75,6246.25,6269.75,139078
2025-07-07T15:00:00,6269.5,6278.0,6261.5,6275.5,195853
2025-07-08T10:00:00,6274.0,6282.5,6262.5,6268.0,204535
2025-07-08T11:00:00,6270.0,6279.75,6264.5,6278.0,122960
2025-07-08T12:00:00,6278.0,6288.75,6271.5,6275.25,141347
2025-07-08T13:00:00,6275.25,6280.75,6265.75,6279.25,92590
2025-07-08T14:00:00,6279.0,6280.75,6270.5,6272.75,64781
2025-07-08T15:00:00,6272.75,6276.25,6267.5,6271.5,91796
2025-07-09T10:00:00,6312.25,6312.5,6277.5,6281.25,266227
2025-07-09T11:00:00,6282.5,6292.75,6276.0,6286.5,150430
2025-07-09T12:00:00,6286.25,6291.25,6282.5,6287.5,80370
2025-07-09T13:00:00,6287.25,6295.25,6283.0,6291.75,86206
2025-07-09T14:00:00,6291.5,6303.25,6291.0,6301.5,78263
2025-07-09T15:00:00,6301.5,6309.5,6298.25,6307.0,140759
2025-07-10T10:00:00,6300.0,6317.25,6296.0,6314.75,166247
2025-07-10T11:00:00,6314.75,6324.5,6314.5,6323.0,103535
2025-07-10T12:00:00,6322.5,6324.25,6316.5,6322.0,75378
2025-07-10T13:00:00,6322.0,6334.5,6321.75,6332.5,72848
2025-07-10T14:00:00,6332.5,6335.5,6327.5,6329.25,62278
2025-07-10T15:00:00,6329.25,6333.25,6318.25,6324.5,152428
2025-07-11T10:00:00,6295.75,6307.5,6293.25,6302.25,130910
2025-07-11T11:00:00,6302.0,6308.75,6290.5,6301.25,120721
2025-07-11T12:00:00,6301.5,6308.25,6294.75,6307.5,81058
2025-07-11T13:00:00,6307.25,6310.0,6301.5,6309.0,74890
2025-07-11T14:00:00,6309.0,6312.75,6304.75,6307.75,75634
2025-07-11T15:00:00,6307.5,6311.25,6295.0,6299.25,196042
2025-07-14T10:00:00,6289.25,6299.75,6284.75,6297.5,148556
2025-07-14T11:00:00,6297.25,6306.25,6295.25,6302.0,107575
2025-07-14T12:00:00,6302.25,6307.75,6298.75,6305.5,62492
2025-07-14T13:00:00,6305.5,6313.25,6305.5,6310.0,64945
2025-07-14T14:00:00,6310.0,6315.0,6309.0,6312.75,52756
2025-07-14T15:00:00,6313.0,6314.5,6306.25,6310.75,155320
2025-07-15T10:00:00,6319.0,6326.5,6300.0,6301.0,203372
2025-07-15T11:00:00,6300.75,6316.0,6300.75,6310.5,141607
2025-07-15T12:00:00,6310.5,6312.25,6292.0,6294.25,110495
2025-07-15T13:00:00,6294.0,6308.75,6291.25,6308.25,84808
2025-07-15T14:00:00,6308.5,6311.0,6294.75,6295.0,91964
2025-07-15T15:00:00,6297.0,6300.0,6286.75,6288.25,133053
2025-07-16T10:00:00,6282.0,6295.0,6276.0,6282.75,228103
2025-07-16T11:00:00,6282.75,6295.0,6241.0,6281.0,414671
2025-07-16T12:00:00,6280.75,6292.75,6271.25,6292.25,118626
2025-07-16T13:00:00,6292.5,6299.5,6290.25,6292.5,86862
2025-07-16T14:00:00,6292.5,6305.25,6288.5,6305.25,78414
2025-07-16T15:00:00,6305.25,6308.75,6299.75,6303.0,155766
2025-07-17T10:00:00,6318.5,6323.25,6308.75,6319.0,149476
2025-07-17T11:00:00,6319.0,6333.75,6318.5,6333.25,104568
2025-07-17T12:00:00,6333.25,6336.5,6326.0,6329.5,81433
2025-07-17T13:00:00,6329.5,6335.75,6327.5,6335.5,63938
2025-07-17T14:00:00,6335.5,6342.75,6332.25,6340.75,73412
2025-07-17T15:00:00,6341.0,6345.5,6337.5,6342.0,218091
2025-07-18T10:00:00,6344.25,6353.5,6330.5,6332.5,164479
2025-07-18T11:00:00,6329.25,6340.25,6328.75,6340.0,105663
2025-07-18T12:00:00,6340.0,6340.5,6323.5,6325.25,132642
2025-07-18T13:00:00,6325.5,6334.25,6323.25,6329.75,89481
2025-07-18T14:00:00,6329.75,6333.0,6324.5,6331.25,65136
2025-07-18T15:00:00,6331.0,6337.0,6329.0,6334.75,144213
2025-07-21T10:00:00,6366.25,6372.5,6362.25,6368.75,123308
2025-07-21T11:00:00,6368.75,6374.0,6367.25,6369.5,75595
2025-07-21T12:00:00,6370.25,6371.75,6363.5,6370.75,80460
2025-07-21T13:00:00,6371.0,6373.75,6369.25,6370.0,49637
2025-07-21T14:00:00,6369.75,6370.75,6361.0,6361.5,75654
2025-07-21T15:00:00,6361.5,6362.0,6341.0,6345.25,240362
2025-07-22T10:00:00,6326.0,6337.75,6319.25,6336.75,190602
2025-07-22T11:00:00,6336.75,6338.5,6330.25,6335.5,86053
2025-07-22T12:00:00,6334.0,6338.5,6327.25,6336.0,96936
2025-07-22T13:00:00,6336.0,6349.75,6335.0,6341.0,96191
2025-07-22T14:00:00,6340.75,6352.75,6332.5,6350.75,105928
2025-07-22T15:00:00,6350.75,6353.75,6344.5,6345.5,167531
2025-07-23T10:00:00,6356.25,6364.5,6353.5,6363.75,123489
2025-07-23T11:00:00,6363.25,6381.5,6359.5,6377.75,169360
2025-07-23T12:00:00,6377.5,6383.25,6370.0,6375.5,125103
2025-07-23T13:00:00,6375.5,6385.75,6371.75,6382.0,106941
2025-07-23T14:00:00,6382.25,6393.75,6382.25,6389.5,97838
2025-07-23T15:00:00,6389.75,6399.25,6386.5,6399.25,185562
2025-07-24T10:00:00,6407.0,6412.5,6396.5,6411.5,140248
2025-07-24T11:00:00,6411.75,6415.5,6409.25,6411.75,100072
2025-07-24T12:00:00,6411.75,6412.25,6399.0,6405.5,108808
2025-07-24T13:00:00,6405.25,6416.75,6404.0,6409.0,79847
2025-07-24T14:00:00,6409.25,6418.25,6403.5,6409.0,94152
2025-07-24T15:00:00,6408.75,6414.5,6399.75,6401.75,206568
2025-07-25T10:00:00,6406.75,6416.0,6402.75,6412.75,107506
2025-07-25T11:00:00,6412.75,6415.5,6410.5,6413.75,66268
2025-07-25T12:00:00,6413.75,6424.5,6412.25,6423.25,77395
2025-07-25T13:00:00,6423.25,6428.75,6421.5,6426.25,54665
2025-07-25T14:00:00,6426.5,6430.5,6424.75,6427.25,56582
2025-07-25T15:00:00,6427.0,6431.0,6421.25,6425.5,160221
2025-07-28T10:00:00,6427.75,6434.25,6425.75,6428.0,128008
2025-07-28T11:00:00,6427.75,6429.25,6417.0,6427.25,102804
2025-07-28T12:00:00,6427.5,6430.25,6421.0,6422.5,69777
2025-07-28T13:00:00,6422.25,6425.25,6414.25,6414.75,76496
2025-07-28T14:00:00,6414.5,6416.5,6408.75,6414.5,88272
2025-07-28T15:00:00,6414.25,6424.25,6410.5,6422.75,151508
2025-07-29T10:00:00,6433.0,6434.5,6418.25,6419.75,133430
2025-07-29T11:00:00,6422.75,6423.25,6400.0,6412.25,207887
2025-07-29T12:00:00,6412.0,6415.5,6404.0,6415.0,102192
2025-07-29T13:00:00,6415.0,6419.25,6402.25,6409.0,113439
2025-07-29T14:00:00,6409.25,6411.75,6404.5,6406.5,77125
2025-07-29T15:00:00,6406.25,6409.25,6396.25,6406.0,187675
2025-07-30T10:00:00,6409.5,6419.75,6406.25,6415.0,105289
2025-07-30T11:00:00,6416.0,6416.25,6402.25,6414.0,107375
2025-07-30T12:00:00,6413.75,6419.75,6412.25,6417.0,63953
2025-07-30T13:00:00,6417.0,6422.25,6413.5,6419.5,50511
2025-07-30T14:00:00,6419.25,6429.75,6378.0,6380.25,239099
2025-07-30T15:00:00,6380.25,6399.0,6366.75,6397.5,372132
2025-07-31T10:00:00,6445.5,6450.0,6419.25,6419.25,214316
2025-07-31T11:00:00,6420.0,6427.5,6402.25,6427.5,210491
2025-07-31T12:00:00,6427.25,6435.25,6423.75,6430.0,92044
2025-07-31T13:00:00,6430.0,6430.0,6382.5,6386.5,209795
2025-07-31T14:00:00,6386.25,6403.0,6365.5,6393.25,184302
2025-07-31T15:00:00,6393.25,6400.0,6358.25,6371.0,361234
2025-08-01T10:00:00,6262.25,6286.75,6243.75,6267.0,404048
2025-08-01T11:00:00,6266.75,6287.5,6260.5,6287.25,196865
2025-08-01T12:00:00,6287.0,6297.0,6258.75,6260.25,195878
2025-08-01T13:00:00,6260.0,6265.0,6248.5,6252.75,182512
2025-08-01T14:00:00,6252.75,6278.0,6239.5,6260.5,194738
2025-08-01T15:00:00,6260.75,6280.25,6255.0,6263.5,301045
2025-08-04T10:00:00,6337.0,6345.0,6329.5,6339.0,194406
2025-08-04T11:00:00,6338.75,6347.75,6333.25,6345.5,119442
2025-08-04T12:00:00,6345.5,6351.25,6342.75,6348.0,85868
2025-08-04T13:00:00,6348.0,6352.0,6340.0,6344.5,80597
2025-08-04T14:00:00,6344.25,6350.5,6343.5,6345.25,75342
2025-08-04T15:00:00,6345.25,6358.5,6343.5,6357.0,220764
2025-08-05T10:00:00,6364.25,6364.25,6315.5,6324.25,316462
2025-08-05T11:00:00,6324.0,6332.0,6316.75,6325.75,179909
2025-08-05T12:00:00,6325.75,6342.0,6323.25,6334.5,136135
2025-08-05T13:00:00,6334.25,6348.75,6332.0,6346.75,82584
2025-08-05T14:00:00,6346.75,6347.75,6323.75,6329.5,127821
2025-08-05T15:00:00,6329.75,6336.75,6323.25,6325.25,185103
2025-08-06T10:00:00,6333.5,6355.0,6325.75,6353.75,223732
2025-08-06T11:00:00,6353.75,6374.25,6348.75,6371.75,174029
2025-08-06T12:00:00,6371.75,6375.0,6363.25,6367.5,98104
2025-08-06T13:00:00,6367.5,6372.0,6364.25,6367.25,69347
2025-08-06T14:00:00,6367.25,6377.0,6366.75,6371.0,78471
2025-08-06T15:00:00,6371.0,6379.5,6368.75,6371.5,170761
2025-08-07T10:00:00,6409.25,6412.75,6367.5,6371.25,270420
2025-08-07T11:00:00,6373.5,6374.5,6357.0,6362.25,166923
2025-08-07T12:00:00,6361.75,6369.5,6344.75,6355.75,149822
2025-08-07T13:00:00,6355.75,6362.5,6340.25,6351.0,127790
2025-08-07T14:00:00,6351.0,6354.0,6334.5,6348.75,118717
2025-08-07T15:00:00,6348.75,6368.5,6343.5,6367.5,186240
2025-08-08T10:00:00,6401.0,6413.0,6399.25,6400.5,194729
2025-08-08T11:00:00,6400.25,6407.25,6390.5,6405.75,151164
2025-08-08T12:00:00,6406.0,6416.0,6405.0,6407.75,124222
2025-08-08T13:00:00,6408.0,6415.75,6403.5,6414.25,96484
2025-08-08T14:00:00,6414.5,6419.0,6411.5,6415.25,72941
2025-08-08T15:00:00,6415.0,6419.0,6402.75,6413.75,195010
2025-08-11T10:00:00,6418.25,6421.5,6408.0,6409.25,138358
2025-08-11T11:00:00,6409.25,6420.5,6406.75,6420.25,103281
2025-08-11T12:00:00,6420.25,6431.5,6414.5,6414.75,125074
2025-08-11T13:00:00,6414.75,6417.5,6405.25,6409.0,93701
2025-08-11T14:00:00,6409.0,6410.0,6396.25,6406.0,109936
2025-08-11T15:00:00,6406.25,6407.0,6387.5,6400.25,197387
2025-08-12T10:00:00,6414.25,6443.25,6408.5,6439.5,218311
2025-08-12T11:00:00,6439.75,6453.75,6439.0,6453.25,152530
2025-08-12T12:00:00,6453.5,6461.25,6449.5,6458.0,79248
2025-08-12T13:00:00,6458.0,6462.5,6455.25,6461.75,66674
2025-08-12T14:00:00,6461.5,6467.25,6460.75,6461.5,73388
2025-08-12T15:00:00,6461.5,6470.0,6460.75,6467.5,176333
2025-08-13T10:00:00,6496.75,6497.5,6475.5,6478.0,190553
2025-08-13T11:00:00,6478.0,6482.75,6470.5,6474.25,141824
2025-08-13T12:00:00,6474.0,6479.0,6466.75,6470.25,83914
2025-08-13T13:00:00,6470.25,6477.75,6467.0,6475.5,90097
2025-08-13T14:00:00,6475.75,6483.25,6472.5,6480.25,95459
2025-08-13T15:00:00,6480.5,6491.25,6478.5,6489.0,171975
2025-08-14T10:00:00,6479.75,6495.25,6476.25,6487.0,163372
2025-08-14T11:00:00,6486.75,6487.5,6469.0,6479.75,153642
2025-08-14T12:00:00,6479.75,6482.25,6465.5,6481.0,108910
2025-08-14T13:00:00,6481.25,6490.25,6480.25,6486.75,89217
2025-08-14T14:00:00,6486.75,6489.0,6478.5,6485.5,92277
2025-08-14T15:00:00,6485.75,6496.0,6484.25,6488.75,162597
2025-08-15T10:00:00,6477.0,6483.25,6468.25,6472.5,148470
2025-08-15T11:00:00,6472.5,6479.5,6461.5,6470.75,137270
2025-08-15T12:00:00,6470.5,6479.5,6467.25,6477.5,91270
2025-08-15T13:00:00,6477.25,6485.0,6474.0,6484.25,73323
2025-08-15T14:00:00,6484.5,6485.5,6474.75,6479.25,87226
2025-08-15T15:00:00,6479.25,6479.5,6467.75,6471.5,187723
2025-08-18T10:00:00,6462.75,6475.25,6458.5,6468.25,144335
2025-08-18T11:00:00,6468.0,6470.5,6460.75,6463.25,79050
2025-08-18T12:00:00,6463.0,6469.75,6457.25,6460.75,77672
2025-08-18T13:00:00,6460.75,6474.25,6460.5,6463.5,82120
2025-08-18T14:00:00,6463.75,6471.75,6460.0,6470.5,70285
2025-08-18T15:00:00,6470.25,6474.75,6466.5,6468.75,137850
2025-08-19T10:00:00,6463.75,6476.25,6446.5,6446.75,247288
2025-08-19T11:00:00,6446.75,6453.75,6439.0,6442.25,143496
2025-08-19T12:00:00,6442.0,6446.0,6427.75,6431.25,130213
2025-08-19T13:00:00,6431.25,6435.75,6422.5,6432.75,107304
2025-08-19T14:00:00,6432.75,6433.5,6421.25,6425.75,84938
2025-08-19T15:00:00,6426.0,6434.25,6419.25,6432.5,190302
2025-08-20T10:00:00,6387.25,6396.5,6362.75,6367.25,301669
2025-08-20T11:00:00,6367.5,6402.75,6365.25,6385.0,228988
2025-08-20T12:00:00,6385.0,6408.5,6384.5,6397.0,134295
2025-08-20T13:00:00,6396.75,6413.25,6395.0,6406.0,116176
2025-08-20T14:00:00,6406.0,6407.25,6385.5,6400.5,140715
2025-08-20T15:00:00,6400.5,6424.25,6400.25,6416.5,163801
2025-08-21T10:00:00,6384.0,6412.25,6378.5,6404.25,196367
2025-08-21T11:00:00,6404.0,6408.5,6385.25,6388.25,159308
2025-08-21T12:00:00,6388.0,6392.75,6378.75,6381.0,115377
2025-08-21T13:00:00,6381.0,6394.5,6370.25,6391.5,112421
2025-08-21T14:00:00,6391.5,6395.25,6383.0,6393.75,82165
2025-08-21T15:00:00,6393.5,6397.5,6383.0,6388.5,155687
2025-08-22T10:00:00,6414.5,6492.75,6414.5,6487.25,400053
2025-08-22T11:00:00,6487.5,6496.25,6484.0,6485.0,142835
2025-08-22T12:00:00,6485.25,6490.0,6473.75,6478.0,106276
2025-08-22T13:00:00,6477.75,6495.0,6477.75,6489.0,96280
2025-08-22T14:00:00,6489.0,6491.5,6483.75,6485.75,76607
2025-08-22T15:00:00,6485.75,6487.75,6474.0,6483.25,225819
2025-08-25T10:00:00,6473.0,6476.75,6466.75,6474.0,138869
2025-08-25T11:00:00,6473.75,6480.25,6471.75,6479.25,93412
2025-08-25T12:00:00,6479.25,6482.75,6477.5,6479.75,56432
2025-08-25T13:00:00,6479.5,6480.0,6469.75,6474.75,80042
2025-08-25T14:00:00,6474.5,6475.25,6468.5,6468.75,66052
2025-08-25T15:00:00,6469.0,6471.0,6453.25,6454.5,177397
2025-08-26T10:00:00,6454.25,6461.75,6452.75,6456.0,132930
2025-08-26T11:00:00,6456.0,6458.0,6452.0,6456.5,85016
2025-08-26T12:00:00,6456.5,6464.75,6456.5,6462.25,72461
2025-08-26T13:00:00,6462.25,6465.25,6453.5,6457.75,75463
2025-08-26T14:00:00,6457.75,6469.5,6456.75,6468.25,71998
2025-08-26T15:00:00,6468.5,6485.0,6465.5,6480.75,271956
2025-08-27T10:00:00,6482.0,6492.75,6481.0,6490.5,129480
2025-08-27T11:00:00,6490.5,6495.5,6487.5,6494.25,82818
2025-08-27T12:00:00,6494.25,6494.75,6482.0,6491.5,97941
2025-08-27T13:00:00,6491.5,6496.75,6488.75,6496.25,49431
2025-08-27T14:00:00,6496.25,6502.25,6494.25,6498.75,67466
2025-08-27T15:00:00,6499.0,6502.5,6486.5,6494.25,181330
2025-08-28T10:00:00,6486.75,6499.5,6483.25,6496.5,167288
2025-08-28T11:00:00,6496.75,6504.25,6488.5,6498.0,130550
2025-08-28T12:00:00,6498.0,6513.0,6497.0,6504.25,105874
2025-08-28T13:00:00,6504.5,6513.0,6502.25,6511.75,65148
2025-08-28T14:00:00,6511.5,6518.5,6511.0,6517.75,72083
2025-08-28T15:00:00,6517.5,6523.0,6515.25,6517.0,193227
2025-08-29T10:00:00,6476.25,6477.75,6455.5,6462.5,296551
2025-08-29T11:00:00,6462.25,6472.0,6461.0,6462.25,121785
2025-08-29T12:00:00,6462.0,6474.75,6461.75,6471.25,74347
2025-08-29T13:00:00,6471.25,6474.5,6458.5,6470.75,92824
2025-08-29T14:00:00,6470.5,6471.75,6465.75,6469.25,64642
2025-08-29T15:00:00,6469.0,6476.0,6462.25,6475.25,264676
2025-09-02T10:00:00,6414.0,6425.0,6395.0,6399.25,240499
2025-09-02T11:00:00,6399.25,6402.5,6371.75,6374.75,188791
2025-09-02T12:00:00,6374.5,6392.5,6372.5,6392.25,131957
2025-09-02T13:00:00,6392.5,6413.75,6388.0,6406.75,150740
2025-09-02T14:00:00,6406.75,6412.5,6396.0,6403.75,115552
2025-09-02T15:00:00,6403.75,6427.25,6403.5,6426.0,243929
2025-09-03T10:00:00,6441.25,6463.75,6438.75,6461.0,212536
2025-09-03T11:00:00,6461.75,6464.25,6443.0,6445.5,183309
2025-09-03T12:00:00,6445.5,6453.25,6436.0,6440.0,129338
2025-09-03T13:00:00,6440.0,6450.5,6428.0,6431.75,123458
2025-09-03T14:00:00,6431.75,6434.75,6426.5,6431.0,107052
2025-09-03T15:00:00,6430.75,6459.25,6427.75,6458.5,222251
2025-09-04T10:00:00,6470.5,6479.25,6456.25,6477.75,209974
2025-09-04T11:00:00,6478.0,6487.75,6474.75,6483.25,132371
2025-09-04T12:00:00,6483.25,6487.25,6479.5,6481.0,79835
2025-09-04T13:00:00,6481.0,6496.25,6480.75,6493.0,92888
2025-09-04T14:00:00,6493.0,6498.25,6492.25,6498.0,69624
2025-09-04T15:00:00,6497.75,6512.75,6497.5,6511.25,218869
2025-09-05T10:00:00,6530.0,6530.25,6459.5,6460.25,425238
2025-09-05T11:00:00,6460.25,6488.0,6452.0,6475.75,247551
2025-09-05T12:00:00,6475.5,6486.25,6471.0,6483.5,124724
2025-09-05T13:00:00,6483.5,6484.25,6464.75,6470.25,111743
2025-09-05T14:00:00,6470.25,6482.0,6467.5,6481.75,85420
2025-09-05T15:00:00,6482.0,6493.0,6477.75,6490.75,232457
2025-09-08T10:00:00,6501.75,6516.0,6495.25,6512.0,169461
2025-09-08T11:00:00,6511.75,6516.5,6502.75,6512.0,132673
2025-09-08T12:00:00,6512.0,6512.0,6495.75,6503.5,123010
2025-09-08T13:00:00,6503.5,6505.75,6490.25,6493.75,91957
2025-09-08T14:00:00,6493.75,6503.75,6491.25,6500.25,85991
2025-09-08T15:00:00,6500.0,6508.0,6491.25,6507.0,201395
2025-09-09T10:00:00,6507.5,6515.0,6489.25,6500.5,241936
2025-09-09T11:00:00,6500.25,6505.5,6495.0,6499.75,136549
2025-09-09T12:00:00,6499.75,6509.5,6498.75,6507.75,91286
2025-09-09T13:00:00,6507.75,6517.25,6507.25,6515.25,108313
2025-09-09T14:00:00,6515.5,6518.5,6513.0,6516.0,81335
2025-09-09T15:00:00,6516.0,6526.25,6513.0,6521.0,172190
2025-09-10T10:00:00,6552.5,6562.25,6549.5,6550.75,193256
2025-09-10T11:00:00,6550.75,6553.0,6540.0,6549.5,169138
2025-09-10T12:00:00,6549.75,6550.75,6538.0,6546.0,103966
2025-09-10T13:00:00,6546.0,6551.0,6535.75,6540.0,111363
2025-09-10T14:00:00,6539.75,6540.75,6530.25,6536.5,109553
2025-09-10T15:00:00,6536.25,6543.5,6522.5,6539.0,235560
2025-09-11T10:00:00,6572.0,6586.5,6570.0,6583.0,215368
2025-09-11T11:00:00,6582.75,6595.0,6581.75,6588.75,147822
2025-09-11T12:00:00,6588.75,6593.75,6585.0,6588.0,95310
2025-09-11T13:00:00,6588.0,6592.5,6585.0,6592.0,81555
2025-09-11T14:00:00,6592.0,6594.0,6588.0,6592.0,91356
2025-09-11T15:00:00,6591.75,6600.0,6590.25,6592.0,206371
2025-09-12T10:00:00,6593.5,6598.75,6586.75,6597.75,214781
2025-09-12T11:00:00,6597.75,6598.0,6585.75,6589.75,170425
2025-09-12T12:00:00,6589.75,6595.75,6586.5,6594.25,142831
2025-09-12T13:00:00,6594.5,6598.5,6591.75,6597.25,128950
2025-09-12T14:00:00,6597.5,6606.0,6596.0,6602.0,140372
2025-09-12T15:00:00,6602.25,6603.5,6583.0,6587.5,334212
2025-09-15T10:00:00,6619.25,6623.0,6612.75,6622.5,240051
2025-09-15T11:00:00,6622.5,6623.5,6615.0,6619.0,193668
2025-09-15T12:00:00,6619.0,6621.75,6613.25,6613.75,140385
2025-09-15T13:00:00,6613.75,6619.5,6607.75,6619.0,137122
2025-09-15T14:00:00,6618.75,6619.0,6605.5,6612.75,130779
2025-09-15T15:00:00,6612.5,6622.75,6609.75,6621.75,188433
2025-09-16T10:00:00,6615.0,6617.5,6608.25,6610.75,114817
2025-09-16T11:00:00,6611.0,6613.5,6604.25,6609.0,98721
2025-09-16T12:00:00,6608.75,6613.25,6607.0,6611.75,59531
2025-09-16T13:00:00,6611.75,6616.75,6611.5,6614.25,50080
2025-09-16T14:00:00,6614.0,6676.25,6612.5,6618.5,56626
2025-09-16T15:00:00,6618.25,6679.25,6610.5,6668.5,828398
2025-09-17T10:00:00,6667.5,6668.5,6659.0,6661.75,169632
2025-09-17T11:00:00,6661.75,6665.25,6657.0,6661.25,113833
2025-09-17T12:00:00,6661.25,6662.25,6650.0,6652.0,109363
2025-09-17T13:00:00,6651.75,6667.0,6651.75,6665.5,77530
2025-09-17T14:00:00,6665.5,6686.5,6611.0,6645.75,448094
2025-09-17T15:00:00,6645.75,6676.0,6643.25,6660.25,371081
2025-09-18T10:00:00,6688.75,6718.0,6688.0,6695.75,253641
2025-09-18T11:00:00,6696.0,6708.5,6640.25,6694.0,166069
2025-09-18T12:00:00,6694.0,6710.5,6691.0,6709.0,101249
2025-09-18T13:00:00,6709.0,6711.0,6693.5,6696.0,123208
2025-09-18T14:00:00,6696.25,6704.0,6691.5,6701.25,98716
2025-09-18T15:00:00,6701.25,6703.5,6688.25,6692.25,215071
2025-09-19T10:00:00,6705.75,6708.25,6693.25,6699.5,153864
2025-09-19T11:00:00,6699.5,6703.25,6687.25,6700.0,138614
2025-09-19T12:00:00,6699.75,6712.25,6699.5,6710.0,107763
2025-09-19T13:00:00,6710.0,6714.0,6706.75,6712.0,70825
2025-09-19T14:00:00,6711.75,6717.0,6708.5,6717.0,73449
2025-09-19T15:00:00,6716.75,6731.5,6716.25,6721.75,293533
2025-09-22T10:00:00,6718.0,6734.75,6715.5,6734.25,148697
2025-09-22T11:00:00,6734.0,6737.5,6728.5,6729.75,110943
2025-09-22T12:00:00,6729.75,6749.25,6729.5,6748.25,123519
2025-09-22T13:00:00,6748.0,6752.0,6745.25,6747.5,73472
2025-09-22T14:00:00,6747.5,6752.5,6744.5,6752.25,68725
2025-09-22T15:00:00,6752.0,6756.75,6751.0,6751.75,189869
2025-09-23T10:00:00,6752.0,6755.5,6744.25,6745.75,138583
2025-09-23T11:00:00,6745.75,6747.5,6737.25,6738.0,105662
2025-09-23T12:00:00,6738.0,6741.25,6731.25,6734.0,119373
2025-09-23T13:00:00,6734.0,6735.25,6702.0,6714.0,218838
2025-09-23T14:00:00,6714.25,6715.75,6701.75,6703.0,136231
2025-09-23T15:00:00,6703.0,6718.5,6702.75,6715.75,226920
2025-09-24T10:00:00,6712.5,6719.0,6708.5,6711.5,143498
2025-09-24T11:00:00,6711.5,6713.75,6683.75,6685.5,164636
2025-09-24T12:00:00,6685.5,6693.0,6678.0,6687.0,176015
2025-09-24T13:00:00,6687.25,6700.0,6685.25,6687.5,112396
2025-09-24T14:00:00,6687.25,6693.5,6681.25,6693.25,110223
2025-09-24T15:00:00,6693.0,6696.0,6687.0,6692.25,182687
2025-09-25T10:00:00,6637.0,6672.5,6635.75,6668.75,256421
2025-09-25T11:00:00,6668.75,6675.0,6652.25,6670.25,196700
2025-09-25T12:00:00,6670.0,6673.0,6656.25,6659.0,135147
2025-09-25T13:00:00,6659.0,6664.25,6635.5,6636.5,155035
2025-09-25T14:00:00,6636.5,6662.5,6624.25,6659.75,217838
2025-09-25T15:00:00,6659.75,6663.75,6651.5,6660.75,201013
2025-09-26T10:00:00,6697.0,6703.75,6657.25,6663.0,275945
2025-09-26T11:00:00,6662.75,6679.5,6658.5,6665.25,150862
2025-09-26T12:00:00,6665.25,6694.0,6663.25,6692.5,125055
2025-09-26T13:00:00,6692.5,6696.5,6686.25,6692.5,84865
2025-09-26T14:00:00,6692.25,6700.5,6687.25,6698.25,92673
2025-09-26T15:00:00,6698.25,6699.0,6690.0,6696.25,157779
2025-09-29T10:00:00,6723.75,6731.25,6718.5,6723.25,150629
2025-09-29T11:00:00,6723.25,6725.25,6706.25,6711.0,160532
2025-09-29T12:00:00,6711.0,6716.0,6706.25,6708.5,95122
2025-09-29T13:00:00,6708.5,6709.0,6699.5,6707.25,101321
2025-09-29T14:00:00,6707.25,6714.0,6707.0,6711.5,68939
2025-09-29T15:00:00,6711.75,6716.25,6696.25,6714.5,227464
2025-09-30T10:00:00,6707.75,6713.0,6694.0,6709.75,215615
2025-09-30T11:00:00,6709.5,6713.75,6693.0,6707.0,163289
2025-09-30T12:00:00,6707.25,6718.0,6702.75,6705.0,110418
2025-09-30T13:00:00,6705.0,6707.75,6694.25,6702.0,129517
2025-09-30T14:00:00,6701.75,6723.25,6700.75,6721.0,138678
2025-09-30T15:00:00,6721.25,6743.5,6720.5,6737.25,338097
2025-10-01T10:00:00,6712.0,6735.75,6708.5,6733.25,175029
2025-10-01T11:00:00,6733.25,6747.5,6732.25,6744.75,127808
2025-10-01T12:00:00,6745.0,6746.75,6739.0,6744.25,85824
2025-10-01T13:00:00,6744.25,6756.5,6743.0,6754.75,94353
2025-10-01T14:00:00,6755.0,6769.0,6754.25,6767.0,104320
2025-10-01T15:00:00,6767.0,6769.5,6760.5,6760.5,213782
2025-10-02T10:00:00,6768.5,6769.25,6749.75,6749.75,184643
2025-10-02T11:00:00,6750.0,6758.25,6741.5,6757.5,174766
2025-10-02T12:00:00,6757.5,6760.0,6749.25,6758.25,98226
2025-10-02T13:00:00,6758.5,6765.0,6753.5,6762.75,84660
2025-10-02T14:00:00,6763.0,6771.5,6762.5,6768.0,87341
2025-10-02T15:00:00,6767.75,6770.5,6762.5,6766.25,177149
2025-10-03T10:00:00,6780.25,6795.5,6771.75,6793.75,188136
2025-10-03T11:00:00,6794.0,6799.25,6786.0,6797.75,120778
2025-10-03T12:00:00,6798.0,6800.0,6793.0,6795.25,78168
2025-10-03T13:00:00,6795.25,6795.5,6754.0,6764.5,264996
2025-10-03T14:00:00,6764.5,6779.75,6755.25,6771.5,173982
2025-10-03T15:00:00,6771.25,6775.5,6760.5,6765.25,213411
2025-10-06T10:00:00,6772.25,6780.75,6766.5,6780.0,165786
2025-10-06T11:00:00,6780.0,6791.75,6779.25,6790.5,107484
2025-10-06T12:00:00,6790.25,6791.25,6785.25,6789.75,77022
2025-10-06T13:00:00,6789.75,6796.0,6785.75,6795.25,90394
2025-10-06T14:00:00,6795.0,6797.75,6792.25,6793.5,72794
2025-10-06T15:00:00,6793.25,6793.75,6788.0,6788.5,171242
2025-10-07T10:00:00,6794.0,6795.25,6776.75,6780.25,178730
2025-10-07T11:00:00,6780.5,6782.25,6747.25,6753.25,339309
2025-10-07T12:00:00,6753.0,6766.25,6747.25,6754.5,169751
2025-10-07T13:00:00,6754.25,6764.75,6752.5,6753.75,101779
2025-10-07T14:00:00,6754.0,6761.5,6748.5,6761.25,105070
2025-10-07T15:00:00,6761.25,6765.25,6755.75,6762.5,183850
2025-10-08T10:00:00,6773.5,6793.0,6773.5,6789.0,180620
2025-10-08T11:00:00,6789.0,6801.25,6788.0,6799.5,112154
2025-10-08T12:00:00,6799.5,6802.75,6793.75,6798.75,76701
2025-10-08T13:00:00,6798.5,6801.75,6795.75,6797.75,60069
2025-10-08T14:00:00,6797.75,6802.75,6792.5,6793.5,90289
2025-10-08T15:00:00,6793.25,6803.25,6792.25,6802.0,179120
2025-10-09T10:00:00,6788.75,6792.0,6768.5,6782.75,233277
2025-10-09T11:00:00,6782.5,6788.0,6769.0,6782.25,157345
2025-10-09T12:00:00,6782.5,6785.25,6765.5,6767.0,133525
2025-10-09T13:00:00,6767.0,6772.75,6760.75,6770.75,160920
2025-10-09T14:00:00,6770.75,6772.25,6762.25,6767.75,100535
2025-10-09T15:00:00,6767.75,6782.0,6767.0,6781.0,211570
2025-10-10T10:00:00,6796.75,6800.25,6742.5,6757.75,254397
2025-10-10T11:00:00,6757.5,6757.75,6659.25,6682.75,640704
2025-10-10T12:00:00,6682.5,6692.25,6653.25,6655.25,297051
2025-10-10T13:00:00,6655.25,6673.5,6641.5,6660.0,233991
2025-10-10T14:00:00,6660.25,6665.0,6631.5,6635.75,170004
2025-10-10T15:00:00,6635.75,6646.25,6591.75,6595.0,422996
2025-10-13T10:00:00,6693.25,6697.0,6663.75,6666.75,279730
2025-10-13T11:00:00,6666.5,6696.75,6661.75,6694.25,166666
2025-10-13T12:00:00,6694.5,6708.75,6691.0,6707.5,147428
2025-10-13T13:00:00,6707.5,6711.5,6688.25,6697.25,126449
2025-10-13T14:00:00,6697.0,6707.75,6683.0,6685.5,106220
2025-10-13T15:00:00,6685.75,6700.75,6681.5,6694.75,209997
2025-10-14T10:00:00,6630.25,6666.25,6627.0,6660.25,277147
2025-10-14T11:00:00,6660.25,6694.25,6657.75,6687.5,219521
2025-10-14T12:00:00,6687.5,6720.25,6677.75,6707.5,209561
2025-10-14T13:00:00,6707.5,6722.5,6700.0,6715.25,157599
2025-10-14T14:00:00,6715.5,6717.75,6708.25,6713.0,131134
2025-10-14T15:00:00,6713.0,6717.5,6666.0,6686.0,388058
2025-10-15T10:00:00,6747.0,6766.75,6746.75,6754.25,216046
2025-10-15T11:00:00,6754.25,6755.75,6702.0,6715.5,314567
2025-10-15T12:00:00,6715.25,6727.5,6702.0,6703.75,199205
2025-10-15T13:00:00,6703.75,6708.0,6651.5,6706.0,314009
2025-10-15T14:00:00,6706.0,6721.5,6697.25,6720.5,149628
2025-10-15T15:00:00,6720.5,6721.5,6695.75,6715.25,287138
2025-10-16T10:00:00,6729.75,6750.5,6717.25,6733.75,269994
2025-10-16T11:00:00,6734.0,6743.75,6701.75,6707.75,268310
2025-10-16T12:00:00,6707.5,6714.0,6654.75,6695.75,368403
2025-10-16T13:00:00,6695.5,6704.75,6673.0,6680.0,241387
2025-10-16T14:00:00,6680.0,6681.5,6632.0,6667.0,321758
2025-10-16T15:00:00,6666.75,6674.25,6641.5,6668.5,290125
2025-10-17T10:00:00,6666.25,6697.5,6653.0,6655.5,299766
2025-10-17T11:00:00,6655.5,6682.25,6640.5,6677.0,270031
2025-10-17T12:00:00,6677.0,6696.75,6672.25,6680.0,178486
2025-10-17T13:00:00,6680.0,6690.75,6665.0,6688.75,146198
2025-10-17T14:00:00,6688.75,6711.5,6688.5,6704.0,125081
2025-10-17T15:00:00,6704.25,6718.0,6700.5,6703.75,213267
2025-10-20T10:00:00,6747.5,6775.5,6747.5,6773.0,183513
2025-10-20T11:00:00,6773.0,6774.0,6762.25,6766.5,147803
2025-10-20T12:00:00,6766.5,6771.75,6763.0,6771.25,98551
2025-10-20T13:00:00,6771.25,6782.0,6771.0,6778.75,82036
2025-10-20T14:00:00,6778.75,6783.0,6772.5,6777.25,82088
2025-10-20T15:00:00,6777.5,6782.5,6772.5,6773.25,180536
2025-10-21T10:00:00,6765.25,6786.25,6759.25,6785.75,239355
2025-10-21T11:00:00,6785.75,6787.25,6773.75,6782.75,161923
2025-10-21T12:00:00,6782.25,6789.75,6773.25,6774.75,140833
2025-10-21T13:00:00,6774.75,6783.0,6767.25,6781.75,130663
2025-10-21T14:00:00,6782.0,6785.0,6777.5,6779.5,98106
2025-10-21T15:00:00,6779.25,6784.0,6771.5,6772.25,148983
2025-10-22T10:00:00,6771.5,6775.25,6739.5,6759.75,327396
2025-10-22T11:00:00,6759.5,6763.25,6732.25,6748.75,266435
2025-10-22T12:00:00,6749.0,6750.75,6698.0,6732.0,292008
2025-10-22T13:00:00,6731.75,6735.25,6690.75,6705.25,217615
2025-10-22T14:00:00,6705.5,6724.0,6695.25,6723.25,168276
2025-10-22T15:00:00,6723.25,6742.25,6713.5,6737.0,245812
2025-10-23T10:00:00,6758.25,6762.25,6739.0,6760.5,227683
2025-10-23T11:00:00,6760.5,6765.5,6745.25,6761.0,152601
2025-10-23T12:00:00,6760.75,6774.0,6759.75,6772.75,123880
2025-10-23T13:00:00,6773.0,6783.5,6762.5,6782.25,179587
2025-10-23T14:00:00,6782.5,6785.75,6776.75,6784.0,87994
2025-10-23T15:00:00,6784.0,6785.75,6771.5,6774.75,175945
2025-10-24T10:00:00,6830.0,6835.5,6815.25,6823.0,212113
2025-10-24T11:00:00,6823.0,6841.25,6821.0,6835.75,146172
2025-10-24T12:00:00,6835.75,6841.25,6828.25,6836.0,84857
2025-10-24T13:00:00,6835.75,6840.75,6832.75,6836.75,61778
2025-10-24T14:00:00,6836.75,6839.75,6833.25,6838.0,73767
2025-10-24T15:00:00,6837.75,6841.0,6823.75,6827.5,215408
2025-10-27T10:00:00,6886.75,6892.5,6879.75,6883.0,186477
2025-10-27T11:00:00,6883.0,6892.25,6881.25,6890.25,109331
2025-10-27T12:00:00,6890.25,6895.0,6889.75,6893.75,71393
2025-10-27T13:00:00,6893.75,6896.0,6887.75,6895.5,75914
2025-10-27T14:00:00,6895.75,6898.75,6893.75,6897.5,80904
2025-10-27T15:00:00,6897.5,6911.75,6896.25,6907.75,233843
2025-10-28T10:00:00,6911.5,6919.0,6910.0,6913.75,128016
2025-10-28T11:00:00,6913.75,6917.5,6903.0,6910.75,100695
2025-10-28T12:00:00,6910.75,6930.0,6910.75,6924.25,159597
2025-10-28T13:00:00,6924.5,6932.5,6924.0,6931.5,111935
2025-10-28T14:00:00,6931.75,6939.75,6931.0,6937.0,96068
2025-10-28T15:00:00,6937.0,6944.75,6924.25,6925.75,218751
2025-10-29T10:00:00,6950.75,6952.0,6932.5,6938.0,158544
2025-10-29T11:00:00,6938.25,6942.75,6932.75,6934.75,127916
2025-10-29T12:00:00,6934.75,6942.5,6929.75,6940.0,104886
2025-10-29T13:00:00,6939.75,6942.5,6930.5,6935.0,73457
2025-10-29T14:00:00,6935.5,6944.5,6882.25,6914.75,365302
2025-10-29T15:00:00,6914.75,6928.75,6895.0,6928.0,288883
2025-10-30T10:00:00,6904.0,6913.75,6886.25,6898.25,273723
2025-10-30T11:00:00,6898.25,6909.5,6883.75,6887.75,161395
2025-10-30T12:00:00,6887.75,6905.75,6886.0,6898.25,122930
2025-10-30T13:00:00,6898.25,6900.5,6884.0,6898.25,115769
2025-10-30T14:00:00,6898.0,6898.25,6875.25,6877.5,146381
2025-10-30T15:00:00,6877.25,6878.25,6852.5,6853.75,296989
2025-10-31T10:00:00,6886.25,6899.5,6873.75,6896.5,198880
2025-10-31T11:00:00,6896.5,6899.5,6872.5,6873.5,209259
2025-10-31T12:00:00,6873.75,6876.25,6852.5,6855.0,199989
2025-10-31T13:00:00,6855.0,6866.5,6843.5,6860.5,181507
2025-10-31T14:00:00,6860.25,6879.25,6859.5,6878.0,133682
2025-10-31T15:00:00,6878.0,6900.0,6871.75,6872.25,333007
2025-11-03T10:00:00,6876.25,6880.5,6849.5,6874.25,275839
2025-11-03T11:00:00,6874.25,6886.75,6868.75,6884.75,158309
2025-11-03T12:00:00,6884.75,6890.5,6874.75,6889.25,127918
2025-11-03T13:00:00,6889.25,6893.25,6885.0,6886.75,84133
2025-11-03T14:00:00,6886.75,6889.5,6876.5,6885.0,116251
2025-11-03T15:00:00,6885.0,6887.5,6875.75,6885.5,171974
2025-11-04T10:00:00,6836.25,6849.25,6825.75,6831.25,213931
2025-11-04T11:00:00,6831.25,6838.0,6824.0,6831.5,167312
2025-11-04T12:00:00,6831.75,6831.75,6806.0,6809.25,177258
2025-11-04T13:00:00,6809.25,6813.25,6796.25,6810.5,140113
2025-11-04T14:00:00,6810.25,6816.0,6794.75,6801.25,130761
2025-11-04T15:00:00,6801.25,6815.0,6795.75,6803.5,221304
2025-11-05T10:00:00,6821.75,6831.25,6809.5,6827.0,234522
2025-11-05T11:00:00,6827.25,6846.5,6816.0,6842.5,161202
2025-11-05T12:00:00,6842.5,6857.75,6839.0,6851.0,116562
2025-11-05T13:00:00,6851.0,6857.5,6849.0,6855.5,75860
2025-11-05T14:00:00,6855.25,6855.25,6846.25,6851.25,78626
2025-11-05T15:00:00,6851.25,6854.5,6823.0,6824.0,220676
2025-11-06T10:00:00,6788.5,6800.75,6754.25,6756.25,361846
2025-11-06T11:00:00,6756.0,6766.75,6736.75,6738.75,254968
2025-11-06T12:00:00,6738.75,6762.5,6733.5,6757.75,187761
2025-11-06T13:00:00,6757.75,6769.0,6738.0,6762.0,149942
2025-11-06T14:00:00,6762.25,6784.5,6759.5,6777.0,149529
2025-11-06T15:00:00,6776.75,6780.75,6742.5,6750.5,237700
2025-11-07T10:00:00,6706.5,6716.25,6676.25,6677.25,329451
2025-11-07T11:00:00,6677.0,6684.0,6657.0,6663.25,235070
2025-11-07T12:00:00,6663.25,6686.5,6655.5,6683.25,206632
2025-11-07T13:00:00,6683.0,6705.0,6679.75,6700.25,197613
2025-11-07T14:00:00,6700.0,6744.0,6696.0,6743.5,211718
2025-11-07T15:00:00,6743.25,6755.5,6723.25,6753.5,288795
2025-11-10T10:00:00,6828.75,6835.75,6804.5,6805.5,235878
2025-11-10T11:00:00,6805.5,6811.0,6792.75,6809.0,218571
2025-11-10T12:00:00,6809.25,6840.75,6807.25,6837.75,149600
2025-11-10T13:00:00,6837.75,6849.0,6836.75,6842.25,114713
2025-11-10T14:00:00,6842.5,6860.5,6842.0,6856.5,103389
2025-11-10T15:00:00,6856.5,6865.75,6854.0,6857.0,248575
2025-11-11T10:00:00,6850.5,6850.5,6830.5,6834.75,217661
2025-11-11T11:00:00,6834.5,6851.0,6830.75,6841.0,185650
2025-11-11T12:00:00,6841.0,6866.25,6840.25,6864.75,147580
2025-11-11T13:00:00,6864.75,6876.75,6864.0,6875.75,143386
2025-11-11T14:00:00,6875.75,6878.0,6868.25,6875.0,97816
2025-11-11T15:00:00,6875.0,6879.75,6866.75,6872.75,182726
2025-11-12T10:00:00,6880.0,6885.25,6860.75,6866.25,225785
2025-11-12T11:00:00,6866.5,6872.75,6852.0,6860.25,204828
2025-11-12T12:00:00,6860.25,6881.25,6858.0,6879.25,161351
2025-11-12T13:00:00,6879.0,6884.25,6873.0,6878.75,112503
2025-11-12T14:00:00,6878.75,6880.5,6865.0,6870.5,120444
2025-11-12T15:00:00,6870.5,6884.0,6863.5,6876.0,185590
2025-11-13T10:00:00,6829.5,6850.5,6794.5,6805.75,322324
2025-11-13T11:00:00,6806.0,6809.25,6783.25,6793.0,272225
2025-11-13T12:00:00,6793.0,6806.0,6780.75,6782.5,208823
2025-11-13T13:00:00,6782.5,6788.75,6756.0,6767.75,213546
2025-11-13T14:00:00,6767.75,6777.5,6746.0,6758.0,213620
2025-11-13T15:00:00,6758.0,6771.5,6746.0,6762.0,309765
2025-11-14T10:00:00,6725.0,6766.75,6707.25,6761.0,375140
2025-11-14T11:00:00,6760.75,6788.75,6747.25,6786.0,225662
2025-11-14T12:00:00,6785.75,6795.5,6770.0,6779.25,172760
2025-11-14T13:00:00,6779.25,6782.25,6753.5,6771.25,196296
2025-11-14T14:00:00,6771.0,6787.5,6761.25,6785.0,136205
2025-11-14T15:00:00,6785.0,6789.75,6750.0,6758.25,235681
2025-11-17T10:00:00,6765.25,6769.5,6738.25,6744.5,239497
2025-11-17T11:00:00,6744.5,6767.25,6714.75,6767.0,230995
2025-11-17T12:00:00,6767.0,6767.5,6728.75,6729.5,148834
2025-11-17T13:00:00,6729.5,6736.25,6702.0,6702.75,198630
2025-11-17T14:00:00,6702.75,6706.25,6663.75,6664.5,235735
2025-11-17T15:00:00,6664.25,6694.75,6658.5,6693.5,332096
2025-11-18T10:00:00,6622.0,6638.75,6603.25,6607.5,468181
2025-11-18T11:00:00,6607.5,6659.75,6594.0,6647.25,325836
2025-11-18T12:00:00,6647.25,6679.75,6614.75,6672.75,254596
2025-11-18T13:00:00,6673.0,6687.5,6663.0,6666.25,212721
2025-11-18T14:00:00,6666.25,6685.5,6660.25,6680.0,207966
2025-11-18T15:00:00,6680.0,6685.5,6636.5,6637.75,322202
2025-11-19T10:00:00,6692.0,6709.0,6661.0,6664.75,318036
2025-11-19T11:00:00,6664.5,6670.25,6642.5,6660.0,263942
2025-11-19T12:00:00,6660.0,6664.75,6622.0,6648.5,226424
2025-11-19T13:00:00,6648.5,6668.25,6642.75,6660.75,183960
2025-11-19T14:00:00,6661.0,6663.5,6628.25,6647.75,165605
2025-11-19T15:00:00,6647.75,6683.5,6645.25,6661.75,266233
2025-11-20T10:00:00,6784.75,6791.25,6762.75,6763.0,280399
2025-11-20T11:00:00,6763.25,6763.5,6628.0,6636.0,553892
2025-11-20T12:00:00,6636.0,6658.0,6588.25,6606.5,496343
2025-11-20T13:00:00,6606.75,6654.0,6575.0,6584.25,351435
2025-11-20T14:00:00,6584.25,6617.0,6572.25,6615.0,249126
2025-11-20T15:00:00,6615.0,6615.25,6552.5,6559.0,376123
2025-11-21T10:00:00,6576.5,6590.5,6539.0,6558.5,424800
2025-11-21T11:00:00,6558.5,6638.5,6541.75,6638.0,309654
2025-11-21T12:00:00,6637.75,6647.0,6625.0,6633.25,231228
2025-11-21T13:00:00,6633.5,6672.75,6600.25,6654.0,263681
2025-11-21T14:00:00,6654.25,6677.5,6641.5,6649.5,212776
2025-11-21T15:00:00,6649.25,6654.0,6614.0,6622.75,315020
2025-11-24T10:00:00,6671.25,6703.75,6670.25,6696.75,265067
2025-11-24T11:00:00,6697.0,6716.25,6696.75,6706.25,171904
2025-11-24T12:00:00,6706.25,6725.25,6700.25,6722.0,143294
2025-11-24T13:00:00,6722.25,6729.0,6719.0,6723.75,97015
2025-11-24T14:00:00,6723.75,6729.5,6710.0,6714.5,126237
2025-11-24T15:00:00,6714.5,6731.75,6714.5,6718.75,260307
2025-11-25T10:00:00,6718.75,6740.75,6689.0,6728.5,324165
2025-11-25T11:00:00,6728.5,6749.75,6718.5,6747.5,165468
2025-11-25T12:00:00,6747.5,6774.25,6747.25,6763.75,172800
2025-11-25T13:00:00,6763.75,6774.5,6762.75,6769.0,100274
2025-11-25T14:00:00,6769.25,6771.5,6755.0,6769.75,132168
2025-11-25T15:00:00,6769.75,6792.5,6769.5,6780.25,223594
2025-11-26T10:00:00,6802.0,6825.0,6795.75,6824.5,232363
2025-11-26T11:00:00,6824.75,6846.5,6823.75,6843.0,170531
2025-11-26T12:00:00,6842.75,6846.75,6833.5,6840.5,125605
2025-11-26T13:00:00,6840.5,6845.0,6825.0,6833.0,168279
2025-11-26T14:00:00,6833.25,6843.25,6830.5,6838.0,104315
2025-11-26T15:00:00,6838.0,6845.25,6825.25,6825.25,192428
2025-11-28T09:30:00,6837.0,6844.25,6831.25,6838.5,37255
2025-11-28T10:30:00,6838.75,6852.5,6836.5,6851.0,46853
2025-11-28T11:30:00,6851.0,6856.0,6842.5,6854.25,59954
2025-11-28T12:30:00,6854.5,6863.75,6845.25,6860.5,127790
2025-12-01T10:00:00,6840.25,6844.0,6813.75,6842.25,229105
2025-12-01T11:00:00,6842.25,6850.0,6826.75,6845.0,162384
2025-12-01T12:00:00,6845.0,6853.5,6838.5,6846.0,111937
2025-12-01T13:00:00,6846.0,6855.75,6845.25,6853.75,68690
2025-12-01T14:00:00,6854.0,6854.25,6823.75,6827.75,160130
2025-12-01T15:00:00,6827.5,6836.25,6819.25,6829.25,230116
2025-12-02T10:00:00,6848.25,6862.0,6833.25,6860.25,230739
2025-12-02T11:00:00,6860.25,6863.5,6818.0,6830.5,297713
2025-12-02T12:00:00,6830.5,6853.25,6826.0,6826.25,144178
2025-12-02T13:00:00,6826.0,6840.75,6824.25,6835.75,126978
2025-12-02T14:00:00,6835.5,6850.75,6832.25,6848.0,121736
2025-12-02T15:00:00,6848.25,6853.5,6838.0,6839.25,173362
2025-12-03T10:00:00,6832.75,6853.5,6831.0,6847.0,231897
2025-12-03T11:00:00,6847.0,6859.5,6840.0,6845.75,165177
2025-12-03T12:00:00,6846.0,6865.0,6844.75,6863.0,123982
2025-12-03T13:00:00,6862.75,6869.25,6858.75,6863.0,89138
2025-12-03T14:00:00,6863.0,6871.75,6862.25,6870.25,72621
2025-12-03T15:00:00,6870.25,6873.25,6859.25,6862.5,189765
2025-12-04T10:00:00,6853.5,6868.75,6844.5,6855.75,203547
2025-12-04T11:00:00,6856.0,6868.75,6845.0,6867.25,158272
2025-12-04T12:00:00,6867.0,6868.75,6856.5,6866.0,104886
2025-12-04T13:00:00,6866.0,6871.0,6857.75,6864.25,87642
2025-12-04T14:00:00,6864.25,6865.5,6836.25,6855.5,179099
2025-12-04T15:00:00,6855.25,6869.0,6846.0,6867.25,201963
2025-12-05T10:00:00,6889.75,6905.0,6883.25,6887.5,220290
2025-12-05T11:00:00,6887.5,6892.25,6870.5,6880.75,224054
2025-12-05T12:00:00,6880.75,6885.0,6866.5,6883.5,137625
2025-12-05T13:00:00,6883.25,6890.5,6875.75,6882.5,100038
2025-12-05T14:00:00,6882.75,6885.0,6876.25,6883.25,86729
2025-12-05T15:00:00,6883.25,6883.75,6866.75,6876.75,182823
2025-12-08T10:00:00,6873.75,6877.25,6855.25,6856.5,171352
2025-12-08T11:00:00,6856.25,6860.75,6848.5,6853.25,149930
2025-12-08T12:00:00,6853.25,6862.75,6841.25,6860.75,134654
2025-12-08T13:00:00,6860.75,6863.5,6835.25,6841.0,133539
2025-12-08T14:00:00,6841.0,6848.0,6836.25,6843.0,100762
2025-12-08T15:00:00,6843.0,6857.75,6840.0,6856.5,171771
2025-12-09T10:00:00,6863.25,6868.5,6854.5,6864.0,142825
2025-12-09T11:00:00,6863.75,6872.75,6863.25,6868.75,108143
2025-12-09T12:00:00,6868.5,6872.5,6855.0,6861.75,100463
2025-12-09T13:00:00,6861.5,6864.0,6852.5,6859.5,89593
2025-12-09T14:00:00,6859.5,6860.25,6850.75,6855.25,73004
2025-12-09T15:00:00,6855.0,6857.5,6844.5,6849.5,141729
2025-12-10T10:00:00,6849.0,6852.5,6834.25,6840.25,168701
2025-12-10T11:00:00,6840.0,6856.5,6832.25,6853.75,134568
2025-12-10T12:00:00,6853.5,6860.0,6847.0,6856.25,78244
2025-12-10T13:00:00,6856.25,6858.5,6842.25,6846.25,86836
2025-12-10T14:00:00,6846.0,6898.5,6844.75,6896.75,323759
2025-12-10T15:00:00,6896.75,6908.0,6888.75,6892.0,267398
2025-12-11T10:00:00,6843.0,6884.75,6838.0,6874.0,326494
2025-12-11T11:00:00,6874.0,6886.5,6860.5,6871.5,213099
2025-12-11T12:00:00,6871.75,6897.25,6870.5,6889.75,160352
2025-12-11T13:00:00,6889.5,6903.25,6887.75,6896.25,125615
2025-12-11T14:00:00,6896.5,6909.25,6895.25,6905.25,105746
2025-12-11T15:00:00,6905.25,6908.75,6896.5,6908.0,197814
2025-12-12T10:00:00,6889.0,6889.5,6826.75,6831.0,476354
2025-12-12T11:00:00,6830.75,6838.25,6805.0,6819.25,501341
2025-12-12T12:00:00,6819.25,6846.0,6816.75,6840.25,261783
2025-12-12T13:00:00,6840.25,6856.75,6837.25,6839.25,217346
2025-12-12T14:00:00,6839.25,6840.5,6826.0,6833.5,187893
2025-12-12T15:00:00,6833.5,6838.75,6814.25,6831.25,340506
2025-12-15T10:00:00,6838.0,6839.25,6806.25,6824.75,371086
2025-12-15T11:00:00,6824.75,6844.0,6814.75,6822.0,218008
2025-12-15T12:00:00,6822.0,6828.0,6807.5,6818.5,164352
2025-12-15T13:00:00,6818.25,6827.5,6808.5,6823.5,138408
2025-12-15T14:00:00,6823.5,6831.5,6817.5,6830.5,116785
2025-12-15T15:00:00,6830.25,6830.75,6819.0,6820.75,194107
2025-12-16T10:00:00,6821.0,6880.5,6777.0,6803.0,159607
2025-12-16T11:00:00,6802.75,6862.0,6778.75,6851.5,863504
2025-12-16T12:00:00,6851.5,6857.75,6767.0,6823.5,209933
2025-12-16T13:00:00,6823.5,6854.5,6762.0,6846.5,206988
2025-12-16T14:00:00,6846.5,6853.5,6771.0,6791.75,0
2025-12-16T15:00:00,6791.75,6873.25,6790.25,6855.5,1402424
2025-12-17T10:00:00,6857.75,6862.25,6751.25,6810.0,637921
2025-12-17T11:00:00,6809.75,6821.0,6742.0,6806.25,278799
2025-12-17T12:00:00,6753.25,6815.0,6741.25,6749.25,0
2025-12-17T13:00:00,6749.0,6812.5,6749.0,6788.5,1045451
2025-12-17T14:00:00,6788.25,6796.25,6783.25,6794.5,130642
2025-12-17T15:00:00,6794.5,6796.5,6775.5,6776.75,281670
2025-12-18T10:00:00,6844.5,6870.5,6825.0,6864.75,328043
2025-12-18T11:00:00,6864.75,6872.0,6857.5,6860.0,193897
2025-12-18T12:00:00,6859.75,6860.0,6811.75,6847.25,374640
2025-12-18T13:00:00,6847.25,6860.75,6839.25,6845.75,167803
2025-12-18T14:00:00,6845.75,6846.25,6816.25,6820.5,212334
2025-12-18T15:00:00,6820.5,6850.0,6817.75,6828.75,294913
2025-12-19T10:00:00,6880.25,6887.5,6866.75,6872.25,204571
2025-12-19T11:00:00,6872.25,6888.25,6868.0,6879.75,140064
2025-12-19T12:00:00,6879.5,6893.25,6879.0,6889.0,89216
2025-12-19T13:00:00,6889.25,6893.75,6884.0,6884.75,66130
2025-12-19T14:00:00,6884.75,6892.75,6884.5,6888.5,57132
2025-12-19T15:00:00,6888.75,6891.0,6879.25,6888.75,242542
2025-12-22T10:00:00,6922.25,6923.75,6908.5,6918.5,154098
2025-12-22T11:00:00,6918.75,6932.25,6918.5,6932.25,111037
2025-12-22T12:00:00,6932.25,6936.25,6927.75,6934.75,75926
2025-12-22T13:00:00,6934.75,6935.0,6925.75,6927.25,74672
2025-12-22T14:00:00,6927.25,6932.5,6924.5,6930.25,67211
2025-12-22T15:00:00,6930.0,6933.75,6928.25,6929.5,166730
2025-12-23T10:00:00,6934.75,6946.5,6924.0,6944.75,146575
2025-12-23T11:00:00,6945.0,6951.75,6944.0,6950.75,85373
2025-12-23T12:00:00,6950.75,6953.75,6948.25,6951.5,60723
2025-12-23T13:00:00,6951.5,6959.0,6951.0,6956.75,56467
2025-12-23T14:00:00,6956.75,6961.25,6956.5,6960.0,53399
2025-12-23T15:00:00,6960.25,6963.75,6957.75,6960.5,149349
2025-12-24T09:30:00,6961.75,6967.0,6957.25,6965.75,68602
2025-12-24T10:30:00,6965.75,6975.25,6965.0,6975.0,75177
2025-12-24T11:30:00,6975.0,6985.5,6973.75,6984.0,80389
2025-12-24T12:30:00,6984.0,6988.0,6981.0,6982.5,115488
2025-12-26T10:00:00,6984.75,6986.75,6973.0,6984.75,100846
2025-12-26T11:00:00,6984.75,6986.25,6974.0,6976.75,59715
2025-12-26T12:00:00,6976.5,6978.75,6970.75,6974.75,56583
2025-12-26T13:00:00,6974.75,6979.75,6969.0,6978.75,53452
2025-12-26T14:00:00,6979.0,6981.25,6976.25,6978.0,45365
2025-12-26T15:00:00,6978.0,6981.5,6977.0,6980.0,104348
2025-12-29T10:00:00,6951.25,6959.75,6943.5,6949.25,145462
2025-12-29T11:00:00,6949.0,6952.0,6942.25,6946.5,81502
2025-12-29T12:00:00,6946.5,6948.0,6936.0,6945.5,66941
2025-12-29T13:00:00,6945.75,6954.75,6943.5,6948.0,60925
2025-12-29T14:00:00,6947.75,6960.75,6944.25,6959.0,74238
2025-12-29T15:00:00,6959.25,6962.5,6950.75,6955.25,120267
2025-12-30T10:00:00,6956.25,6957.0,6940.75,6951.5,126746
2025-12-30T11:00:00,6951.5,6961.5,6947.25,6947.5,93198
2025-12-30T12:00:00,6947.5,6952.0,6943.5,6951.25,61831
2025-12-30T13:00:00,6951.25,6954.25,6947.0,6952.75,47658
2025-12-30T14:00:00,6953.0,6954.5,6948.25,6950.0,48275
2025-12-30T15:00:00,6950.0,6953.25,6942.25,6945.0,127324
2025-12-31T10:00:00,6932.25,6933.25,6913.75,6915.5,108999
2025-12-31T11:00:00,6915.25,6926.75,6915.0,6926.0,72629
2025-12-31T12:00:00,6926.0,6926.75,6918.5,6920.5,58019
2025-12-31T13:00:00,6920.5,6933.5,6919.5,6931.25,54976
2025-12-31T14:00:00,6931.0,6935.25,6912.25,6913.25,94061
2025-12-31T15:00:00,6913.5,6914.25,6890.25,6891.75,271814
2026-01-02T10:00:00,6932.75,6939.75,6880.25,6884.0,337941
2026-01-02T11:00:00,6884.0,6895.75,6871.5,6880.5,224508
2026-01-02T12:00:00,6880.25,6897.25,6875.0,6880.75,136843
2026-01-02T13:00:00,6880.5,6886.75,6866.75,6873.75,112721
2026-01-02T14:00:00,6873.75,6908.75,6872.0,6900.25,137744
2026-01-02T15:00:00,6900.5,6906.0,6889.5,6900.25,202385
2026-01-05T10:00:00,6939.75,6957.5,6935.0,6952.25,195225
2026-01-05T11:00:00,6952.0,6963.5,6949.0,6957.75,123782
2026-01-05T12:00:00,6958.0,6960.25,6950.75,6954.5,99642
2026-01-05T13:00:00,6954.75,6956.75,6945.0,6954.5,87209
2026-01-05T14:00:00,6954.5,6956.25,6941.25,6944.75,87953
2026-01-05T15:00:00,6944.5,6951.0,6940.0,6946.25,201027
2026-01-06T10:00:00,6969.25,6977.25,6955.5,6959.0,211630
2026-01-06T11:00:00,6958.75,6962.75,6951.5,6962.0,149035
2026-01-06T12:00:00,6961.75,6978.0,6959.0,6977.75,103763
2026-01-06T13:00:00,6977.75,6985.0,6973.75,6984.75,86731
2026-01-06T14:00:00,6986.5,6990.0,6985.0,6987.25,74198
2026-01-06T15:00:00,6988.5,6991.5,6987.25,6989.25,107792
2026-01-07T10:00:00,6993.0,6994.5,6976.25,6991.0,212953
2026-01-07T11:00:00,6994.0,7002.5,6986.0,7002.25,132409
2026-01-07T12:00:00,7002.25,7006.75,6994.75,6997.0,103250
2026-01-07T13:00:00,6996.75,6998.5,6987.25,6995.0,103953
2026-01-07T14:00:00,6995.25,6995.75,6981.25,6984.25,107495
2026-01-07T15:00:00,6984.25,6985.0,6959.25,6962.75,241731
2026-01-08T10:00:00,6948.25,6966.0,6944.0,6964.5,232633
2026-01-08T11:00:00,6964.5,6967.25,6950.5,6965.5,168225
2026-01-08T12:00:00,6965.25,6972.5,6957.5,6967.25,101296
2026-01-08T13:00:00,6967.25,6968.25,6953.75,6955.0,104451
2026-01-08T14:00:00,6955.0,6960.0,6949.25,6955.25,92092
2026-01-08T15:00:00,6955.0,6967.0,6953.75,6960.75,166685
2026-01-09T10:00:00,6979.5,6999.75,6955.75,6983.75,306230
2026-01-09T11:00:00,6983.75,7005.25,6983.75,7003.75,166874
2026-01-09T12:00:00,7004.0,7010.0,7002.0,7004.5,91893
2026-01-09T13:00:00,7004.5,7014.0,6998.25,7010.25,98875
2026-01-09T14:00:00,7010.0,7017.0,7008.25,7013.75,73834
2026-01-09T15:00:00,7013.5,7017.5,7003.25,7004.5,187016
2026-01-12T10:00:00,7000.0,7004.5,6993.0,7002.75,161651
2026-01-12T11:00:00,7002.75,7012.5,7000.25,7009.5,92646
2026-01-12T12:00:00,7009.75,7012.25,7004.75,7010.5,52655
2026-01-12T13:00:00,7010.75,7018.0,7009.75,7016.25,53107
2026-01-12T14:00:00,7016.25,7024.5,7013.5,7024.0,61150
2026-01-12T15:00:00,7024.0,7025.25,7015.75,7016.0,148541
2026-01-13T10:00:00,7005.25,7008.25,6983.5,7000.5,243974
2026-01-13T11:00:00,7000.25,7015.25,6986.75,7012.25,156405
2026-01-13T12:00:00,7012.5,7014.5,6988.0,6992.25,139103
2026-01-13T13:00:00,6992.0,6999.5,6987.0,6990.75,103027
2026-01-13T14:00:00,6991.0,6995.25,6985.0,6992.5,98023
2026-01-13T15:00:00,6992.25,7003.25,6976.75,7000.75,203710
2026-01-14T10:00:00,6949.25,6971.25,6926.5,6933.5,326635
2026-01-14T11:00:00,6933.5,6957.0,6923.25,6928.0,205939
2026-01-14T12:00:00,6927.75,6936.75,6923.75,6928.25,142510
2026-01-14T13:00:00,6928.25,6944.5,6924.75,6943.5,131950
2026-01-14T14:00:00,6943.25,6948.5,6938.25,6943.25,105096
2026-01-14T15:00:00,6943.0,6970.25,6935.5,6968.0,333893
2026-01-15T10:00:00,6999.0,7012.0,6992.5,7007.25,211734
2026-01-15T11:00:00,7007.25,7016.5,7006.0,7013.25,108839
2026-01-15T12:00:00,7013.25,7017.25,7001.5,7002.25,92196
2026-01-15T13:00:00,7002.25,7015.25,7001.25,7009.75,68455
2026-01-15T14:00:00,7009.5,7009.5,6988.0,6989.75,135766
2026-01-15T15:00:00,6989.75,6992.75,6974.75,6984.75,216295
2026-01-16T10:00:00,6979.0,6987.75,6960.5,6978.25,250726
2026-01-16T11:00:00,6978.0,6995.0,6975.25,6987.0,165962
2026-01-16T12:00:00,6986.75,6990.0,6978.75,6979.25,78617
2026-01-16T13:00:00,6979.5,6992.75,6978.0,6986.75,62879
2026-01-16T14:00:00,6986.75,6997.5,6980.0,6987.25,110758
2026-01-16T15:00:00,6987.25,6989.25,6975.0,6976.5,188977
2026-01-20T10:00:00,6878.5,6904.75,6865.75,6895.0,286103
2026-01-20T11:00:00,6895.0,6902.75,6880.25,6894.0,208493
2026-01-20T12:00:00,6894.0,6896.25,6861.25,6867.25,198257
2026-01-20T13:00:00,6867.25,6871.5,6836.5,6843.5,170912
2026-01-20T14:00:00,6843.75,6849.75,6829.0,6834.75,170895
2026-01-20T15:00:00,6834.75,6838.0,6822.25,6833.25,321448
2026-01-21T10:00:00,6881.5,6908.75,6873.0,6904.75,249521
2026-01-21T11:00:00,6904.5,6905.75,6855.5,6856.75,252994
2026-01-21T12:00:00,6857.0,6866.25,6837.25,6862.75,240025
2026-01-21T13:00:00,6862.5,6871.75,6842.5,6866.5,151899
2026-01-21T14:00:00,6866.5,6945.0,6855.25,6942.25,345532
2026-01-21T15:00:00,6942.5,6945.25,6903.25,6911.0,329289
2026-01-22T10:00:00,6935.5,6951.75,6925.5,6943.0,216058
2026-01-22T11:00:00,6943.0,6962.0,6942.5,6954.25,124216
2026-01-22T12:00:00,6954.25,6968.25,6951.0,6967.0,101600
2026-01-22T13:00:00,6966.75,6969.0,6955.25,6957.25,82559
2026-01-22T14:00:00,6957.25,6966.75,6944.5,6944.5,88371
2026-01-22T15:00:00,6944.5,6952.25,6932.5,6946.0,227586
2026-01-23T10:00:00,6941.75,6961.25,6936.5,6958.75,170411
2026-01-23T11:00:00,6958.75,6964.0,6948.25,6951.75,135326
2026-01-23T12:00:00,6951.75,6958.0,6931.0,6933.5,136798
2026-01-23T13:00:00,6933.5,6947.0,6932.25,6943.5,107106
2026-01-23T14:00:00,6943.75,6956.25,6943.25,6949.5,87603
2026-01-23T15:00:00,6949.5,6950.25,6939.25,6945.5,181280
2026-01-26T10:00:00,6976.25,6988.0,6971.0,6983.75,157879
2026-01-26T11:00:00,6983.75,6987.5,6975.75,6984.75,105466
2026-01-26T12:00:00,6985.0,6991.0,6984.0,6986.0,68941
2026-01-26T13:00:00,6986.0,6995.5,6982.75,6989.75,78021
2026-01-26T14:00:00,6989.5,6993.75,6988.25,6989.5,65261
2026-01-26T15:00:00,6989.5,6991.5,6979.5,6980.75,167922
2026-01-27T10:00:00,7005.25,7014.75,6998.0,7013.25,156430
2026-01-27T11:00:00,7013.25,7018.5,7013.0,7013.0,93417
2026-01-27T12:00:00,7013.0,7014.5,7006.5,7007.0,90891
2026-01-27T13:00:00,7007.0,7015.25,7001.5,7013.25,73318
2026-01-27T14:00:00,7013.5,7017.0,7010.5,7013.75,50333
2026-01-27T15:00:00,7014.0,7017.25,7007.0,7008.75,156258
2026-01-28T10:00:00,7023.5,7025.75,7007.25,7007.5,163729
2026-01-28T11:00:00,7007.5,7015.5,6997.0,6999.25,120161
2026-01-28T12:00:00,6999.25,7008.75,6997.0,7000.5,89600
2026-01-28T13:00:00,7000.5,7006.5,6997.5,7002.5,58118
2026-01-28T14:00:00,7003.0,7012.75,6991.25,7001.25,146826
2026-01-28T15:00:00,7001.25,7015.0,6999.25,7006.75,193140
2026-01-29T10:00:00,6966.5,6967.25,6902.25,6910.75,457747
2026-01-29T11:00:00,6911.0,6940.75,6898.25,6937.5,290135
2026-01-29T12:00:00,6937.25,6967.75,6936.75,6939.5,186086
2026-01-29T13:00:00,6939.5,6968.75,6937.5,6956.5,130109
2026-01-29T14:00:00,6956.25,6973.25,6952.75,6962.0,108979
2026-01-29T15:00:00,6962.0,6999.0,6961.25,6990.0,232798
2026-01-30T10:00:00,6965.0,6989.0,6964.5,6975.5,113582
2026-02-02T13:00:00,7013.5,7014.75,7012.25,7013.0,528279
2026-02-02T14:00:00,7012.75,7016.75,7001.25,7003.0,79291
2026-02-02T15:00:00,7003.0,7012.5,6998.25,7003.0,207754
2026-02-03T10:00:00,6981.75,6984.25,6954.25,6978.0,350765
2026-02-03T11:00:00,6978.0,6978.75,6949.0,6952.75,202264
2026-02-03T12:00:00,6953.0,6953.75,6920.0,6923.0,235106
2026-02-03T13:00:00,6923.0,6931.5,6894.0,6894.5,189121
2026-02-03T14:00:00,6894.5,6918.5,6886.25,6914.5,249436
2026-02-03T15:00:00,6914.25,6944.25,6908.75,6941.0,255856
2026-02-04T10:00:00,6928.0,6955.0,6910.5,6931.5,390196
2026-02-04T11:00:00,6931.5,6934.75,6888.5,6911.25,275996
2026-02-04T12:00:00,6911.0,6916.5,6862.5,6882.0,294453
2026-02-04T13:00:00,6882.0,6900.5,6868.25,6891.5,201438
2026-02-04T14:00:00,6891.75,6930.25,6878.75,6928.25,226067
2026-02-04T15:00:00,6928.25,6930.5,6901.75,6906.5,193727
2026-02-05T10:00:00,6850.25,6858.5,6802.75,6817.25,420783
2026-02-05T11:00:00,6817.0,6859.5,6801.5,6856.0,259703
2026-02-05T12:00:00,6856.0,6870.25,6833.5,6848.5,165702
2026-02-05T13:00:00,6848.5,6857.0,6820.5,6826.75,119455
2026-02-05T14:00:00,6826.75,6859.0,6823.75,6834.5,127469
2026-02-05T15:00:00,6834.5,6852.75,6805.5,6818.0,233966
2026-02-06T10:00:00,6890.0,6912.75,6872.75,6898.25,316115
2026-02-06T11:00:00,6908.75,6922.25,6907.25,6916.5,191698
2026-02-06T12:00:00,6916.5,6937.5,6913.5,6933.25,124125
2026-02-06T13:00:00,6933.0,6938.75,6928.0,6932.25,86770
2026-02-06T14:00:00,6932.5,6940.0,6929.5,6935.5,82593
2026-02-06T15:00:00,6935.5,6965.5,6933.0,6949.0,249913
2026-02-09T10:00:00,6945.0,6986.0,6943.0,6983.75,179407
2026-02-09T11:00:00,6983.75,6997.5,6982.0,6995.5,106561
2026-02-09T12:00:00,6995.5,6998.0,6986.25,6987.0,72199
2026-02-09T13:00:00,6987.25,6993.75,6977.0,6988.25,90912
2026-02-09T14:00:00,6988.25,7000.5,6986.5,6995.5,72840
2026-02-09T15:00:00,6995.75,6998.75,6980.0,6980.25,183077
2026-02-10T10:00:00,6998.25,7006.5,6987.25,6994.5,183000
2026-02-10T11:00:00,6994.5,6997.25,6981.5,6988.5,130733
2026-02-10T12:00:00,6988.5,6998.75,6982.75,6995.25,75079
2026-02-10T13:00:00,6995.5,6995.5,6969.0,6977.0,126632
2026-02-10T14:00:00,6977.0,6982.25,6971.75,6978.5,75563
2026-02-10T15:00:00,6978.5,6980.5,6957.0,6961.25,200902
2026-02-11T10:00:00,6981.25,6987.5,6931.0,6963.0,356294
2026-02-11T11:00:00,6962.75,6974.0,6953.25,6960.25,170285
2026-02-11T12:00:00,6960.0,6979.75,6953.25,6967.25,126721
2026-02-11T13:00:00,6967.25,6969.75,6953.5,6967.0,112536
2026-02-11T14:00:00,6967.0,6979.25,6960.75,6968.75,110180
2026-02-11T15:00:00,6968.5,6970.5,6955.75,6958.75,168371
2026-02-12T10:00:00,6967.0,6976.0,6924.25,6925.0,261353
2026-02-12T11:00:00,6925.0,6926.25,6873.0,6884.5,445564
2026-02-12T12:00:00,6884.5,6894.0,6867.0,6867.75,232164
2026-02-12T13:00:00,6867.75,6891.5,6860.0,6885.0,201076
2026-02-12T14:00:00,6885.25,6898.0,6874.0,6889.75,166642
2026-02-12T15:00:00,6890.0,6893.75,6842.0,6850.75,297673
2026-02-13T10:00:00,6833.25,6880.75,6832.75,6860.0,306704
2026-02-13T11:00:00,6860.25,6890.25,6852.75,6882.5,174890
2026-02-13T12:00:00,6882.5,6897.75,6879.75,6886.25,106312
2026-02-13T13:00:00,6886.25,6897.75,6875.5,6881.25,106688
2026-02-13T14:00:00,6881.75,6888.5,6856.75,6858.75,108892
2026-02-13T15:00:00,6858.75,6867.75,6832.75,6850.25,239870
2026-02-17T10:00:00,6799.75,6831.25,6791.0,6819.75,281103
2026-02-17T11:00:00,6819.5,6866.75,6818.0,6858.75,229525
2026-02-17T12:00:00,6858.5,6859.75,6825.25,6844.25,136100
2026-02-17T13:00:00,6844.25,6881.5,6832.25,6875.25,143485
2026-02-17T14:00:00,6875.25,6883.75,6868.5,6870.0,106230
2026-02-17T15:00:00,6870.0,6875.5,6853.5,6862.25,195762
2026-02-18T10:00:00,6895.5,6921.5,6894.75,6919.5,203404
2026-02-18T11:00:00,6919.25,6923.75,6908.75,6909.0,113589
2026-02-18T12:00:00,6909.25,6923.0,6907.5,6919.25,80115
2026-02-18T13:00:00,6919.0,6925.75,6894.25,6903.5,118605
2026-02-18T14:00:00,6903.25,6907.5,6873.75,6879.25,145666
2026-02-18T15:00:00,6879.5,6905.75,6872.5,6895.25,209390
2026-02-19T10:00:00,6882.75,6894.5,6869.75,6886.0,205632
2026-02-19T11:00:00,6886.0,6891.0,6859.5,6867.75,142901
2026-02-19T12:00:00,6867.75,6880.5,6853.5,6856.5,119796
2026-02-19T13:00:00,6856.5,6871.0,6847.75,6869.75,111504
2026-02-19T14:00:00,6869.75,6873.0,6851.0,6857.75,99538
2026-02-19T15:00:00,6857.5,6878.75,6857.5,6878.25,145758
2026-02-20T10:00:00,6880.0,6925.0,6872.25,6919.0,371420
2026-02-20T11:00:00,6919.0,6923.25,6889.25,6916.75,207139
2026-02-20T12:00:00,6916.5,6919.75,6871.0,6905.25,227907
2026-02-20T13:00:00,6905.0,6931.5,6887.75,6924.0,239738
2026-02-20T14:00:00,6924.25,6929.0,6908.75,6911.25,106642
2026-02-20T15:00:00,6911.5,6926.25,6911.0,6924.75,160188
2026-02-23T10:00:00,6894.75,6902.0,6851.0,6852.0,260286
2026-02-23T11:00:00,6851.75,6860.25,6832.75,6849.0,208406
2026-02-23T12:00:00,6849.0,6854.25,6835.0,6850.0,102863
2026-02-23T13:00:00,6849.75,6869.25,6847.75,6849.5,106708
2026-02-23T14:00:00,6849.5,6852.25,6834.75,6840.0,95519
2026-02-23T15:00:00,6840.0,6854.5,6835.75,6854.25,202959
2026-02-24T10:00:00,6861.0,6895.0,6848.75,6883.0,246420
2026-02-24T11:00:00,6882.75,6898.25,6880.75,6894.0,136483
2026-02-24T12:00:00,6893.75,6907.5,6893.25,6903.25,106436
2026-02-24T13:00:00,6903.25,6910.5,6898.0,6903.75,81543
2026-02-24T14:00:00,6903.75,6906.0,6895.75,6900.75,87529
2026-02-24T15:00:00,6900.5,6912.75,6894.0,6903.0,185745
2026-02-25T10:00:00,6942.0,6944.75,6930.25,6937.0,153013
2026-02-25T11:00:00,6937.0,6953.0,6935.75,6949.25,122259
2026-02-25T12:00:00,6949.5,6954.75,6946.75,6954.5,73650
2026-02-25T13:00:00,6954.5,6956.0,6950.75,6953.75,47964
2026-02-25T14:00:00,6954.0,6962.0,6953.75,6959.5,63961
2026-02-25T15:00:00,6959.5,6965.75,6956.0,6959.5,172670
2026-02-26T10:00:00,6934.5,6938.25,6870.75,6905.0,388556
2026-02-26T11:00:00,6904.75,6918.75,6887.75,6889.75,183010
2026-02-26T12:00:00,6889.75,6898.5,6877.5,6881.75,112777
2026-02-26T13:00:00,6882.0,6909.75,6874.25,6901.5,144916
2026-02-26T14:00:00,6901.75,6924.75,6899.25,6918.25,120163
2026-02-26T15:00:00,6918.25,6926.25,6914.0,6921.25,170665
2026-02-27T10:00:00,6853.5,6885.75,6851.5,6877.25,213794
2026-02-27T11:00:00,6877.5,6888.25,6870.75,6873.75,148817
2026-02-27T12:00:00,6873.75,6888.25,6858.0,6869.25,148183
2026-02-27T13:00:00,6869.0,6872.25,6855.75,6865.0,91197
2026-02-27T14:00:00,6864.75,6875.25,6855.0,6858.5,99793
2026-02-27T15:00:00,6858.5,6894.0,6858.5,6888.0,360293
2026-03-02T10:00:00,6853.75,6877.75,6843.75,6866.0,256457
2026-03-02T11:00:00,6866.0,6894.5,6853.25,6887.0,200771
2026-03-02T12:00:00,6887.0,6897.75,6881.5,6896.75,100624
2026-03-02T13:00:00,6896.75,6898.75,6876.25,6877.0,88589
2026-03-02T14:00:00,6876.75,6911.25,6876.0,6906.5,120127
2026-03-02T15:00:00,6906.75,6908.0,6872.75,6887.0,283826
2026-03-03T10:00:00,6746.25,6762.0,6718.75,6741.75,332568
2026-03-03T11:00:00,6742.0,6807.75,6739.75,6798.75,292002
2026-03-03T12:00:00,6798.75,6808.0,6783.75,6797.25,165657
2026-03-03T13:00:00,6797.0,6842.75,6797.0,6836.25,190279
2026-03-03T14:00:00,6836.25,6849.75,6816.0,6836.0,191525
2026-03-03T15:00:00,6836.0,6843.25,6815.25,6825.75,211871
2026-03-04T10:00:00,6836.25,6886.25,6831.0,6881.0,235658
2026-03-04T11:00:00,6881.25,6889.75,6864.25,6880.5,173865
2026-03-04T12:00:00,6880.75,6887.25,6868.5,6885.0,101058
2026-03-04T13:00:00,6885.0,6891.75,6876.5,6888.5,88654
2026-03-04T14:00:00,6888.5,6894.0,6886.75,6891.25,72796
2026-03-04T15:00:00,6891.0,6893.0,6873.5,6873.5,189633
2026-03-05T10:00:00,6872.5,6877.5,6814.25,6842.75,258089
2026-03-05T11:00:00,6842.75,6845.25,6811.0,6831.75,187342
2026-03-05T12:00:00,6832.0,6845.75,6781.0,6785.75,224561
2026-03-05T13:00:00,6785.5,6803.75,6779.25,6787.25,168463
2026-03-05T14:00:00,6787.25,6799.25,6777.0,6791.75,138768
2026-03-05T15:00:00,6791.75,6839.0,6784.75,6835.0,305670
2026-03-06T10:00:00,6727.25,6778.0,6726.0,6768.0,273753
2026-03-06T11:00:00,6768.0,6779.0,6752.75,6768.5,184997
2026-03-06T12:00:00,6768.75,6777.5,6739.0,6749.5,136177
2026-03-06T13:00:00,6749.75,6780.5,6748.25,6759.0,146542
2026-03-06T14:00:00,6759.25,6775.25,6756.5,6768.75,113461
2026-03-06T15:00:00,6768.5,6778.75,6729.25,6742.5,286192
2026-03-09T10:00:00,6658.25,6701.5,6641.0,6693.5,269808
2026-03-09T11:00:00,6693.5,6717.25,6693.5,6712.5,186472
2026-03-09T12:00:00,6712.75,6741.0,6709.5,6730.75,167532
2026-03-09T13:00:00,6730.75,6731.75,6698.75,6705.75,124798
2026-03-09T14:00:00,6705.75,6731.25,6705.5,6719.25,122492
2026-03-09T15:00:00,6719.25,6818.5,6717.0,6801.75,431531
2026-03-10T10:00:00,6775.5,6829.75,6765.0,6829.25,233648
2026-03-10T11:00:00,6829.25,6837.5,6820.25,6831.5,170411
2026-03-10T12:00:00,6831.75,6836.25,6814.5,6832.5,141121
2026-03-10T13:00:00,6832.5,6852.0,6824.5,6838.5,195733
2026-03-10T14:00:00,6838.25,6840.0,6791.0,6802.5,266567
2026-03-10T15:00:00,6802.75,6813.0,6779.75,6788.0,243717
2026-03-11T10:00:00,6796.0,6818.0,6768.5,6797.5,270339
2026-03-11T11:00:00,6797.5,6803.5,6753.0,6758.75,220220
2026-03-11T12:00:00,6758.5,6779.75,6751.5,6779.25,154006
2026-03-11T13:00:00,6779.0,6784.5,6749.75,6766.25,160685
2026-03-11T14:00:00,6766.5,6774.5,6753.5,6769.25,121004
2026-03-11T15:00:00,6769.25,6782.5,6759.75,6779.75,145857
2026-03-12T10:00:00,6704.0,6727.75,6688.25,6700.5,309681
2026-03-12T11:00:00,6700.75,6719.0,6684.5,6708.75,263996
2026-03-12T12:00:00,6709.0,6729.25,6693.0,6704.25,245591
2026-03-12T13:00:00,6704.25,6719.25,6688.75,6697.5,161406
2026-03-12T14:00:00,6697.75,6708.25,6688.0,6689.5,120579
2026-03-12T15:00:00,6689.25,6702.75,6675.25,6676.25,234689
2026-03-13T10:00:00,6719.25,6726.75,6663.5,6667.0,373686
2026-03-13T11:00:00,6667.0,6683.25,6644.5,6647.5,324371
2026-03-13T12:00:00,6647.25,6666.25,6645.25,6647.25,253109
2026-03-13T13:00:00,6647.25,6665.0,6634.5,6639.75,196874
2026-03-13T14:00:00,6640.0,6662.0,6638.25,6655.75,184064
2026-03-13T15:00:00,6655.75,6655.75,6627.0,6637.0,296444
2026-03-16T10:00:00,6721.75,6728.0,6689.25,6711.75,341280
2026-03-16T11:00:00,6712.0,6770.75,6699.5,6748.5,304927
2026-03-16T12:00:00,6748.75,6755.5,6734.5,6748.0,249042
2026-03-16T13:00:00,6748.25,6762.5,6743.5,6751.0,190650
2026-03-16T14:00:00,6751.25,6767.0,6750.25,6760.0,163032
2026-03-16T15:00:00,6759.75,6784.75,6747.5,6753.75,295034
2026-03-17T10:00:00,6803.0,6803.25,6779.25,6794.25,286637
2026-03-17T11:00:00,6794.5,6797.0,6766.75,6773.75,221348
2026-03-17T12:00:00,6773.75,6780.5,6764.25,6773.5,160078
2026-03-17T13:00:00,6773.5,6784.0,6773.25,6781.0,123288
2026-03-17T14:00:00,6781.25,6787.5,6771.25,6775.25,110426
2026-03-17T15:00:00,6775.25,6780.5,6769.0,6772.0,190252
2026-03-18T10:00:00,6755.75,6757.25,6719.0,6733.75,211590
2026-03-18T11:00:00,6733.75,6743.0,6726.25,6733.0,169191
2026-03-18T12:00:00,6733.0,6738.75,6720.75,6728.0,125391
2026-03-18T13:00:00,6727.75,6731.5,6715.0,6729.75,120393
2026-03-18T14:00:00,6730.5,6737.5,6695.0,6695.75,212093
2026-03-18T15:00:00,6695.5,6709.5,6673.75,6677.25,261984
2026-03-19T10:00:00,6647.0,6655.5,6620.75,6638.75,236944
2026-03-19T11:00:00,6638.75,6658.25,6622.0,6640.0,232990
2026-03-19T12:00:00,6639.75,6652.0,6626.5,6632.25,176363
2026-03-19T13:00:00,6632.25,6639.5,6616.25,6633.25,130347
2026-03-19T14:00:00,6633.25,6649.75,6624.0,6645.75,143150
2026-03-19T15:00:00,6645.75,6692.0,6645.25,6658.75,392460
2026-03-20T10:00:00,6607.25,6613.75,6587.5,6596.75,249668
2026-03-20T11:00:00,6596.75,6617.75,6590.5,6605.75,189962
2026-03-20T12:00:00,6605.75,6616.0,6595.25,6603.75,132079
2026-03-20T13:00:00,6603.75,6608.75,6581.5,6590.0,146789
2026-03-20T14:00:00,6590.0,6593.0,6552.25,6556.75,172588
2026-03-20T15:00:00,6556.75,6562.75,6523.75,6562.5,361655
2026-03-23T10:00:00,6680.0,6701.5,6663.5,6688.75,212907
2026-03-23T11:00:00,6689.0,6704.75,6635.5,6637.25,256647
2026-03-23T12:00:00,6637.25,6653.75,6616.0,6632.75,210907
2026-03-23T13:00:00,6632.75,6660.25,6620.0,6658.0,139783
2026-03-23T14:00:00,6658.0,6674.25,6642.5,6667.0,133267
2026-03-23T15:00:00,6667.25,6667.75,6631.25,6631.5,211303
2026-03-24T10:00:00,6590.0,6635.25,6587.25,6615.0,344545
2026-03-24T11:00:00,6615.25,6646.0,6614.5,6625.75,190651
2026-03-24T12:00:00,6626.0,6638.0,6615.25,6626.5,155499
2026-03-24T13:00:00,6626.5,6629.25,6598.5,6618.25,195346
2026-03-24T14:00:00,6618.25,6641.75,6607.25,6623.75,163640
2026-03-24T15:00:00,6623.75,6632.25,6600.25,6607.0,194846
2026-03-25T10:00:00,6639.5,6667.5,6631.25,6662.25,239683
2026-03-25T11:00:00,6662.0,6665.5,6616.5,6644.5,251722
2026-03-25T12:00:00,6644.75,6658.25,6634.5,6652.75,156292
2026-03-25T13:00:00,6652.75,6669.5,6644.0,6654.25,146065
2026-03-25T14:00:00,6654.0,6660.5,6631.0,6640.0,105530
2026-03-25T15:00:00,6639.75,6648.5,6630.5,6642.0,187774
2026-03-26T10:00:00,6617.75,6622.0,6580.75,6594.5,231352
2026-03-26T11:00:00,6594.75,6602.0,6581.25,6587.75,160312
2026-03-26T12:00:00,6587.5,6589.5,6560.75,6568.5,153002
2026-03-26T13:00:00,6568.5,6573.0,6536.0,6538.25,128883
2026-03-26T14:00:00,6538.25,6548.5,6536.25,6546.25,123319
2026-03-26T15:00:00,6546.25,6547.25,6520.25,6523.0,234376
2026-03-27T10:00:00,6458.5,6477.0,6451.75,6470.5,233366
2026-03-27T11:00:00,6470.5,6490.25,6457.75,6471.25,205734
2026-03-27T12:00:00,6471.5,6473.0,6448.75,6455.5,149588
2026-03-27T13:00:00,6455.5,6468.0,6427.5,6429.5,158083
2026-03-27T14:00:00,6429.5,6435.25,6419.25,6421.5,169410
2026-03-27T15:00:00,6421.5,6424.75,6398.25,6407.5,321916
2026-03-30T10:00:00,6417.5,6443.5,6414.5,6442.75,224020
2026-03-30T11:00:00,6442.5,6455.75,6423.0,6441.0,177736
2026-03-30T12:00:00,6441.0,6442.25,6417.0,6420.0,122971
2026-03-30T13:00:00,6420.0,6425.5,6393.75,6402.75,155157
2026-03-30T14:00:00,6402.5,6404.75,6381.75,6384.75,117356
2026-03-30T15:00:00,6384.75,6394.25,6359.5,6387.75,306696
2026-03-31T10:00:00,6494.5,6497.25,6447.0,6454.0,245974
2026-03-31T11:00:00,6454.25,6490.5,6453.5,6465.25,201503
2026-03-31T12:00:00,6465.25,6563.5,6462.5,6534.75,322134
2026-03-31T13:00:00,6534.75,6554.0,6529.25,6532.0,230585
2026-03-31T14:00:00,6532.0,6557.25,6531.75,6554.25,142556
2026-03-31T15:00:00,6554.5,6583.25,6548.0,6569.25,405562
2026-04-01T10:00:00,6611.25,6637.0,6604.75,6633.5,241430
2026-04-01T11:00:00,6633.5,6649.75,6627.25,6647.0,162212
2026-04-01T12:00:00,6647.0,6649.5,6636.25,6646.0,115239
2026-04-01T13:00:00,6646.25,6653.75,6635.5,6635.75,103205
2026-04-01T14:00:00,6635.75,6637.25,6604.0,6611.5,204663
2026-04-01T15:00:00,6611.5,6634.75,6610.0,6619.5,267333
2026-04-02T10:00:00,6560.25,6644.5,6549.5,6618.75,447571
2026-04-02T11:00:00,6619.0,6624.5,6595.25,6605.25,262910
2026-04-02T12:00:00,6605.0,6614.25,6586.5,6600.25,153232
2026-04-02T13:00:00,6600.25,6615.25,6590.25,6597.25,113332
2026-04-02T14:00:00,6597.0,6615.25,6597.0,6609.0,95143
2026-04-02T15:00:00,6609.25,6625.25,6605.0,6623.25,199550
2026-04-06T10:00:00,6649.0,6661.0,6624.0,6638.5,213580
2026-04-06T11:00:00,6638.75,6644.25,6626.5,6642.25,100487
2026-04-06T12:00:00,6642.5,6649.0,6635.75,6643.0,68173
2026-04-06T13:00:00,6643.25,6644.0,6618.75,6628.25,96295
2026-04-06T14:00:00,6628.5,6650.25,6626.0,6647.0,84140
2026-04-06T15:00:00,6647.0,6653.5,6641.75,6653.0,122764
2026-04-07T10:00:00,6603.0,6616.5,6581.5,6588.25,266408
2026-04-07T11:00:00,6588.25,6606.25,6572.75,6600.75,225335
2026-04-07T12:00:00,6600.5,6633.0,6600.25,6623.5,200733
2026-04-07T13:00:00,6623.25,6646.5,6617.25,6630.0,143348
2026-04-07T14:00:00,6630.25,6633.0,6597.0,6602.25,127828
2026-04-07T15:00:00,6602.5,6659.5,6596.75,6655.5,375058
2026-04-08T10:00:00,6811.75,6818.5,6780.0,6794.0,312161
2026-04-08T11:00:00,6793.75,6816.25,6789.75,6814.0,198712
2026-04-08T12:00:00,6814.0,6827.5,6809.75,6825.75,129904
2026-04-08T13:00:00,6826.0,6829.75,6812.5,6822.75,118984
2026-04-08T14:00:00,6823.0,6831.25,6793.0,6794.0,188154
2026-04-08T15:00:00,6794.0,6825.25,6792.5,6823.75,272961
2026-04-09T10:00:00,6816.5,6821.0,6801.75,6816.75,182397
2026-04-09T11:00:00,6816.75,6853.25,6809.5,6852.25,258854
2026-04-09T12:00:00,6852.25,6872.0,6852.25,6862.75,185680
2026-04-09T13:00:00,6863.0,6876.0,6860.5,6869.75,125588
2026-04-09T14:00:00,6869.75,6870.5,6848.0,6855.25,157794
2026-04-09T15:00:00,6855.25,6871.25,6853.5,6862.0,214498
2026-04-10T10:00:00,6869.75,6882.0,6862.5,6875.75,193322
2026-04-10T11:00:00,6876.0,6883.0,6853.5,6856.75,188792
2026-04-10T12:00:00,6856.75,6863.25,6847.0,6856.75,130917
2026-04-10T13:00:00,6856.75,6857.5,6846.25,6856.75,94143
2026-04-10T14:00:00,6856.75,6859.5,6850.75,6855.5,77749
2026-04-10T15:00:00,6855.75,6862.25,6848.75,6855.5,189295
2026-04-13T10:00:00,6858.0,6868.25,6845.0,6867.0,204411
2026-04-13T11:00:00,6866.75,6867.0,6853.75,6856.25,136073
2026-04-13T12:00:00,6856.0,6890.0,6851.25,6884.5,223716
2026-04-13T13:00:00,6884.75,6890.0,6880.25,6883.25,89986
2026-04-13T14:00:00,6883.25,6896.75,6883.0,6894.75,80440
2026-04-13T15:00:00,6894.75,6924.75,6892.0,6921.25,244944
2026-04-14T10:00:00,6956.5,6979.0,6956.0,6977.0,183477
2026-04-14T11:00:00,6977.0,6995.25,6970.75,6990.5,153827
2026-04-14T12:00:00,6990.75,6999.5,6989.75,6991.25,101357
2026-04-14T13:00:00,6991.5,7003.25,6991.25,6999.5,85606
2026-04-14T14:00:00,6999.5,7001.5,6983.25,6989.75,116198
2026-04-14T15:00:00,6989.5,7008.0,6988.75,7006.0,220380
2026-04-15T10:00:00,7017.75,7033.0,7011.5,7029.0,182648
2026-04-15T11:00:00,7029.25,7037.5,7026.0,7032.0,131524
2026-04-15T12:00:00,7032.0,7040.25,7019.25,7027.25,137104
2026-04-15T13:00:00,7027.25,7042.25,7026.5,7037.0,88640
2026-04-15T14:00:00,7036.75,7060.5,7033.75,7058.25,128883
2026-04-15T15:00:00,7058.5,7064.5,7054.25,7060.0,227654
2026-04-16T10:00:00,7056.0,7063.0,7047.75,7060.5,182943
2026-04-16T11:00:00,7060.25,7085.75,7060.25,7084.0,210487
2026-04-16T12:00:00,7084.0,7089.0,7063.25,7069.5,149850
2026-04-16T13:00:00,7069.75,7076.5,7059.5,7067.75,122264
2026-04-16T14:00:00,7067.5,7073.5,7056.25,7068.75,105656
2026-04-16T15:00:00,7068.75,7080.75,7067.5,7076.5,165300
2026-04-17T10:00:00,7143.5,7174.75,7141.5,7166.0,262581
2026-04-17T11:00:00,7166.0,7175.0,7159.5,7169.0,190869
2026-04-17T12:00:00,7169.25,7185.75,7166.75,7181.0,118345
2026-04-17T13:00:00,7181.25,7183.75,7151.5,7164.5,187018
2026-04-17T14:00:00,7164.75,7166.75,7152.75,7158.0,130663
2026-04-17T15:00:00,7157.75,7165.5,7151.0,7161.25,201929
2026-04-20T10:00:00,7157.0,7157.5,7124.75,7131.75,230764
2026-04-20T11:00:00,7131.75,7145.25,7121.5,7136.0,196347
2026-04-20T12:00:00,7136.25,7141.25,7130.25,7136.75,85883
2026-04-20T13:00:00,7136.75,7144.25,7132.75,7137.75,83952
2026-04-20T14:00:00,7137.75,7146.75,7135.0,7143.0,91138
2026-04-20T15:00:00,7143.25,7149.25,7136.5,7148.25,167790
2026-04-21T10:00:00,7167.5,7172.5,7134.0,7135.25,202062
2026-04-21T11:00:00,7135.5,7141.5,7119.25,7126.5,251849
2026-04-21T12:00:00,7126.5,7138.25,7113.5,7114.75,140708
2026-04-21T13:00:00,7114.5,7133.25,7096.75,7116.75,254264
2026-04-21T14:00:00,7116.75,7128.0,7105.5,7122.0,146842
2026-04-21T15:00:00,7122.25,7138.5,7085.0,7100.5,349079
2026-04-22T10:00:00,7152.75,7166.25,7146.25,7159.25,183674
2026-04-22T11:00:00,7159.25,7164.0,7150.0,7154.75,129815
2026-04-22T12:00:00,7155.0,7160.25,7146.5,7147.75,102459
2026-04-22T13:00:00,7147.75,7163.0,7147.75,7158.25,98800
2026-04-22T14:00:00,7158.25,7160.5,7150.5,7154.5,71137
2026-04-22T15:00:00,7154.5,7173.0,7150.0,7170.25,179219
2026-04-23T10:00:00,7159.75,7178.5,7149.0,7175.0,173024
2026-04-23T11:00:00,7175.0,7181.5,7164.25,7168.75,143491
2026-04-23T12:00:00,7168.75,7170.25,7160.25,7166.25,104848
2026-04-23T13:00:00,7166.25,7168.25,7079.25,7123.5,474848
2026-04-23T14:00:00,7123.25,7152.25,7119.0,7128.25,214627
2026-04-23T15:00:00,7128.25,7146.75,7121.5,7142.25,217866
2026-04-24T10:00:00,7154.75,7171.75,7146.5,7170.0,197766
2026-04-24T11:00:00,7170.0,7197.25,7167.5,7193.5,221155
2026-04-24T12:00:00,7193.5,7195.75,7184.25,7191.5,118793
2026-04-24T13:00:00,7191.5,7200.5,7182.75,7192.25,101865
2026-04-24T14:00:00,7192.25,7193.5,7184.75,7190.75,83646
2026-04-24T15:00:00,7191.0,7200.0,7189.75,7194.75,196144
2026-04-27T10:00:00,7195.5,7199.0,7185.25,7190.75,157331
2026-04-27T11:00:00,7190.75,7192.75,7177.0,7188.75,121405
2026-04-27T12:00:00,7188.75,7197.75,7186.25,7196.0,77685
2026-04-27T13:00:00,7196.25,7207.25,7193.75,7203.5,84156
2026-04-27T14:00:00,7203.5,7207.25,7201.75,7203.0,59589
2026-04-27T15:00:00,7203.25,7211.25,7201.5,7207.0,168682
2026-04-28T10:00:00,7169.75,7177.5,7146.25,7159.0,246585
2026-04-28T11:00:00,7158.75,7164.75,7147.75,7153.75,154810
2026-04-28T12:00:00,7153.75,7159.75,7147.25,7155.5,107802
2026-04-28T13:00:00,7155.5,7165.5,7148.0,7164.5,89453
2026-04-28T14:00:00,7164.5,7170.5,7161.5,7169.25,90898
2026-04-28T15:00:00,7169.25,7176.25,7166.25,7171.5,171849
2026-04-29T10:00:00,7160.75,7175.25,7155.75,7168.0,141473
2026-04-29T11:00:00,7167.75,7168.5,7145.25,7153.5,184716
2026-04-29T12:00:00,7153.75,7160.75,7142.0,7150.25,114458
2026-04-29T13:00:00,7150.0,7160.75,7145.25,7159.25,88968
2026-04-29T14:00:00,7159.25,7160.25,7137.0,7158.75,154060
2026-04-29T15:00:00,7159.0,7170.75,7153.0,7170.25,200211
2026-04-30T10:00:00,7165.25,7194.75,7157.25,7192.0,243160
2026-04-30T11:00:00,7192.0,7204.25,7187.75,7199.25,166446
2026-04-30T12:00:00,7199.5,7207.5,7192.5,7197.0,103350
2026-04-30T13:00:00,7197.25,7225.5,7196.75,7224.75,110439
2026-04-30T14:00:00,7224.75,7242.0,7224.25,7237.5,127221
2026-04-30T15:00:00,7237.5,7251.75,7236.25,7238.25,289523
2026-05-01T10:00:00,7293.0,7300.75,7274.5,7278.5,211262
2026-05-01T11:00:00,7278.75,7295.75,7272.0,7285.25,142839
2026-05-01T12:00:00,7285.25,7287.75,7266.0,7270.25,127310
2026-05-01T13:00:00,7270.0,7283.75,7269.75,7279.5,70058
2026-05-01T14:00:00,7279.5,7280.75,7259.0,7262.75,102920
2026-05-01T15:00:00,7262.75,7277.0,7255.5,7257.5,192046
2026-05-04T10:00:00,7257.5,7271.0,7248.0,7258.75,163412
2026-05-04T11:00:00,7259.0,7264.25,7218.75,7225.25,317130
2026-05-04T12:00:00,7225.25,7228.25,7199.5,7215.0,214988
2026-05-04T13:00:00,7214.75,7236.25,7214.25,7232.75,116812
2026-05-04T14:00:00,7233.0,7239.5,7217.5,7223.75,110121
2026-05-04T15:00:00,7224.0,7231.5,7220.5,7231.25,175055
2026-05-05T10:00:00,7275.0,7286.25,7266.75,7280.75,223976
2026-05-05T11:00:00,7280.5,7285.75,7278.5,7279.5,105558
2026-05-05T12:00:00,7279.75,7288.0,7279.0,7284.0,69818
2026-05-05T13:00:00,7284.0,7291.5,7280.25,7289.25,61817
2026-05-05T14:00:00,7289.25,7296.25,7289.0,7292.75,65103
2026-05-05T15:00:00,7292.75,7299.75,7282.5,7287.0,193327
2026-05-06T10:00:00,7346.0,7372.0,7336.25,7371.25,242603
2026-05-06T11:00:00,7371.5,7375.0,7358.75,7365.75,170197
2026-05-06T12:00:00,7365.75,7369.75,7354.5,7359.0,87086
2026-05-06T13:00:00,7359.25,7371.0,7355.5,7371.0,64393
2026-05-06T14:00:00,7371.0,7384.5,7369.75,7379.25,106718
2026-05-06T15:00:00,7379.25,7395.75,7379.0,7387.0,249466
2026-05-07T10:00:00,7387.75,7409.5,7387.25,7409.25,182421
2026-05-07T11:00:00,7409.5,7410.0,7386.0,7388.0,171547
2026-05-07T12:00:00,7388.0,7388.5,7364.0,7368.5,235809
2026-05-07T13:00:00,7368.5,7374.75,7345.75,7365.25,236773
2026-05-07T14:00:00,7365.25,7370.5,7345.5,7359.75,162429
2026-05-07T15:00:00,7359.75,7367.5,7348.5,7364.25,251425
2026-05-08T10:00:00,7413.5,7422.75,7408.25,7417.75,183380
2026-05-08T11:00:00,7417.75,7420.75,7407.25,7416.0,136619
2026-05-08T12:00:00,7415.75,7424.25,7415.0,7415.75,86511
2026-05-08T13:00:00,7415.75,7426.0,7414.75,7418.75,80093
2026-05-08T14:00:00,7418.75,7427.75,7407.5,7410.75,104006
2026-05-08T15:00:00,7410.5,7422.0,7410.0,7421.25,200544
2026-05-11T10:00:00,7432.5,7445.75,7421.5,7443.0,190027
2026-05-11T11:00:00,7442.75,7449.75,7435.75,7448.5,113064
2026-05-11T12:00:00,7448.25,7450.5,7434.25,7439.5,105934
2026-05-11T13:00:00,7439.5,7454.75,7434.75,7448.0,88865
2026-05-11T14:00:00,7448.25,7452.75,7431.0,7431.25,86702
2026-05-11T15:00:00,7431.5,7439.0,7427.5,7438.75,208425
2026-05-12T10:00:00,7396.0,7408.75,7380.0,7383.0,259916
2026-05-12T11:00:00,7383.0,7385.5,7363.25,7369.75,205097
2026-05-12T12:00:00,7370.0,7380.0,7363.5,7366.25,120420
2026-05-12T13:00:00,7366.25,7397.25,7365.25,7396.0,148023
2026-05-12T14:00:00,7396.0,7410.5,7391.75,7405.25,135825
2026-05-12T15:00:00,7405.25,7433.75,7404.75,7428.0,246657
2026-05-13T10:00:00,7413.25,7434.5,7412.25,7433.0,171050
2026-05-13T11:00:00,7433.0,7447.0,7431.25,7442.0,116926
2026-05-13T12:00:00,7442.0,7467.75,7439.75,7465.25,133267
2026-05-13T13:00:00,7465.5,7474.0,7465.5,7466.25,78169
2026-05-13T14:00:00,7466.25,7483.75,7465.75,7471.5,108571
2026-05-13T15:00:00,7471.5,7482.25,7467.75,7468.5,183747
2026-05-14T10:00:00,7488.5,7520.0,7486.75,7516.5,185528
2026-05-14T11:00:00,7516.5,7537.5,7515.75,7537.25,146821
2026-05-14T12:00:00,7537.0,7540.0,7515.75,7522.75,164630
2026-05-14T13:00:00,7522.5,7527.5,7507.0,7521.5,138788
2026-05-14T14:00:00,7521.5,7528.0,7511.0,7527.5,111220
2026-05-14T15:00:00,7527.5,7531.25,7522.5,7526.0,179941
2026-05-15T10:00:00,7432.5,7467.75,7430.25,7450.5,293914
2026-05-15T11:00:00,7450.5,7460.5,7431.75,7443.75,190758
2026-05-15T12:00:00,7443.75,7458.0,7437.25,7450.25,120784
2026-05-15T13:00:00,7450.5,7471.0,7447.5,7470.75,101923
2026-05-15T14:00:00,7470.75,7475.75,7445.25,7457.0,132828
2026-05-15T15:00:00,7457.0,7458.5,7427.0,7432.5,273436
2026-05-18T10:00:00,7445.75,7448.0,7404.25,7423.0,295120
2026-05-18T11:00:00,7423.0,7430.5,7391.75,7403.0,206420
2026-05-18T12:00:00,7403.0,7419.0,7381.75,7404.75,191206
2026-05-18T13:00:00,7405.0,7414.75,7399.25,7410.0,104095
2026-05-18T14:00:00,7410.0,7411.25,7373.5,7376.5,154590
2026-05-18T15:00:00,7376.5,7428.0,7376.0,7426.5,315931
2026-05-19T10:00:00,7392.5,7393.0,7354.25,7370.75,319605
2026-05-19T11:00:00,7370.75,7378.75,7355.75,7368.75,192460
2026-05-19T12:00:00,7368.75,7402.0,7361.75,7400.25,159992
2026-05-19T13:00:00,7400.25,7415.25,7398.25,7406.75,137841
2026-05-19T14:00:00,7406.75,7411.75,7380.0,7383.0,132574
2026-05-19T15:00:00,7382.75,7400.5,7365.0,7377.5,263165
2026-05-20T10:00:00,7399.75,7433.75,7376.75,7430.75,318993
2026-05-20T11:00:00,7430.75,7458.0,7424.5,7441.25,236408
2026-05-20T12:00:00,7441.5,7444.25,7423.75,7432.5,136584
2026-05-20T13:00:00,7432.75,7446.0,7426.25,7437.25,103450
2026-05-20T14:00:00,7437.5,7447.25,7432.0,7440.25,85036
2026-05-20T15:00:00,7440.5,7455.0,7439.0,7451.75,165139
2026-05-21T10:00:00,7435.25,7443.75,7411.5,7426.75,234879
2026-05-21T11:00:00,7426.75,7435.75,7408.5,7430.0,195421
2026-05-21T12:00:00,7430.25,7437.0,7418.0,7426.25,107315
2026-05-21T13:00:00,7426.25,7486.75,7426.25,7474.5,244212
2026-05-21T14:00:00,7474.5,7478.75,7438.0,7447.75,195698
2026-05-21T15:00:00,7447.5,7469.75,7447.25,7465.0,208165
2026-05-22T10:00:00,7510.0,7510.0,7478.75,7499.5,177776
2026-05-22T11:00:00,7499.5,7515.25,7498.75,7510.75,105206
2026-05-22T12:00:00,7510.75,7512.25,7502.75,7507.25,80257
2026-05-22T13:00:00,7507.25,7524.0,7501.5,7508.25,133831
2026-05-22T14:00:00,7508.25,7511.5,7502.25,7505.5,77675
2026-05-22T15:00:00,7505.5,7506.75,7483.75,7490.5,171902
2026-05-26T10:00:00,7541.5,7555.25,7539.0,7547.75,153368
2026-05-26T11:00:00,7548.0,7548.75,7517.0,7523.25,180087
2026-05-26T12:00:00,7523.0,7534.0,7519.75,7523.5,96439
2026-05-26T13:00:00,7523.5,7528.0,7518.25,7524.0,69199
2026-05-26T14:00:00,7523.75,7533.75,7521.5,7524.75,72759
2026-05-26T15:00:00,7524.5,7542.5,7522.0,7539.25,166748
2026-05-27T10:00:00,7538.0,7547.0,7525.75,7530.0,221294
2026-05-27T11:00:00,7530.0,7535.0,7516.5,7524.25,156932
2026-05-27T12:00:00,7524.25,7539.75,7519.0,7531.0,93862
2026-05-27T13:00:00,7531.0,7533.75,7515.0,7530.75,96670
2026-05-27T14:00:00,7530.5,7544.25,7526.5,7542.0,78471
2026-05-27T15:00:00,7542.0,7545.25,7535.25,7539.75,160262
2026-05-28T10:00:00,7535.75,7574.0,7533.25,7562.75,262762
2026-05-28T11:00:00,7562.75,7577.0,7561.5,7574.75,123101
2026-05-28T12:00:00,7574.75,7582.75,7570.75,7581.0,80698
2026-05-28T13:00:00,7581.0,7583.75,7574.75,7581.0,74090
2026-05-28T14:00:00,7581.0,7583.0,7576.0,7576.75,80098
2026-05-28T15:00:00,7576.5,7586.5,7575.25,7581.75,171000
2026-05-29T10:00:00,7608.75,7611.5,7577.5,7590.75,283449
2026-05-29T11:00:00,7591.0,7604.75,7589.25,7594.75,157891
2026-05-29T12:00:00,7594.75,7608.5,7593.75,7598.25,109898
2026-05-29T13:00:00,7598.0,7600.5,7582.5,7583.5,101150
2026-05-29T14:00:00,7583.25,7598.25,7581.75,7585.25,114777
2026-05-29T15:00:00,7585.25,7607.0,7583.75,7594.5,323868
2026-06-01T10:00:00,7585.25,7596.25,7581.0,7585.0,183749
2026-06-01T11:00:00,7585.0,7603.0,7582.75,7595.5,159288
2026-06-01T12:00:00,7595.5,7609.25,7587.0,7607.75,130196
2026-06-01T13:00:00,7607.75,7632.25,7598.75,7624.25,167636
2026-06-01T14:00:00,7624.25,7628.25,7622.0,7624.25,63425
2026-06-01T15:00:00,7624.25,7626.5,7610.5,7613.75,179623
2026-06-02T10:00:00,7603.5,7625.25,7600.0,7625.25,164685
2026-06-02T11:00:00,7625.25,7632.0,7621.75,7624.75,122677
2026-06-02T12:00:00,7624.75,7627.75,7618.75,7626.5,82476
2026-06-02T13:00:00,7626.5,7627.5,7615.5,7616.5,76797
2026-06-02T14:00:00,7616.75,7621.25,7614.25,7619.0,66168
2026-06-02T15:00:00,7619.0,7625.25,7618.75,7623.5,146814
2026-06-03T10:00:00,7586.5,7597.25,7583.75,7588.75,163305
2026-06-03T11:00:00,7589.0,7592.25,7574.75,7579.25,122108
2026-06-03T12:00:00,7579.25,7582.0,7562.5,7578.25,138127
2026-06-03T13:00:00,7578.0,7585.0,7567.0,7583.0,95783
2026-06-03T14:00:00,7583.0,7588.0,7577.25,7583.5,81781
2026-06-03T15:00:00,7583.5,7583.5,7568.5,7572.5,247059
2026-06-04T10:00:00,7559.25,7570.5,7549.75,7569.75,175960
2026-06-04T11:00:00,7569.5,7587.5,7569.5,7581.0,133259
2026-06-04T12:00:00,7581.25,7597.5,7579.5,7596.5,88205
2026-06-04T13:00:00,7596.5,7605.5,7594.0,7604.75,71692
2026-06-04T14:00:00,7604.75,7608.0,7603.0,7604.5,68474
2026-06-04T15:00:00,7604.5,7611.5,7598.25,7599.75,185969
2026-06-05T10:00:00,7511.25,7533.5,7505.75,7523.0,287190
2026-06-05T11:00:00,7523.0,7526.25,7486.25,7490.25,206619
2026-06-05T12:00:00,7490.0,7490.5,7449.0,7469.75,241550
2026-06-05T13:00:00,7469.75,7477.75,7452.0,7471.25,171949
2026-06-05T14:00:00,7471.5,7472.5,7409.25,7416.25,259259
2026-06-05T15:00:00,7416.25,7423.0,7379.75,7400.25,469690
2026-06-08T10:00:00,7431.25,7473.5,7429.0,7473.25,235354
2026-06-08T11:00:00,7473.0,7476.75,7440.75,7450.0,192182
2026-06-08T12:00:00,7450.0,7462.25,7437.25,7441.5,122131
2026-06-08T13:00:00,7441.5,7446.5,7423.0,7433.75,153128
2026-06-08T14:00:00,7433.75,7447.0,7430.0,7432.0,104084
2026-06-08T15:00:00,7432.0,7434.25,7403.75,7415.75,254587
2026-06-09T10:00:00,7465.25,7472.25,7367.5,7399.0,420128
2026-06-09T11:00:00,7399.0,7405.75,7311.0,7312.25,353961
2026-06-09T12:00:00,7312.25,7327.25,7247.25,7287.5,427333
2026-06-09T13:00:00,7287.25,7361.5,7285.25,7347.5,230714
2026-06-09T14:00:00,7347.75,7393.5,7342.5,7389.5,166862
2026-06-09T15:00:00,7389.25,7398.75,7347.25,7391.75,323071
2026-06-10T10:00:00,7378.0,7404.75,7343.0,7349.25,235881
2026-06-10T11:00:00,7349.0,7364.75,7305.0,7340.25,271620
2026-06-10T12:00:00,7340.25,7346.0,7314.5,7324.0,130617
2026-06-10T13:00:00,7324.0,7334.5,7299.0,7327.25,131450
2026-06-10T14:00:00,7327.25,7338.5,7290.5,7295.25,122337
2026-06-10T15:00:00,7295.0,7302.25,7275.25,7276.0,254357
2026-06-11T10:00:00,7317.25,7335.75,7270.25,7275.5,296144
2026-06-11T11:00:00,7275.5,7314.25,7263.0,7300.25,198940
2026-06-11T12:00:00,7300.25,7323.0,7284.5,7284.75,155433
2026-06-11T13:00:00,7285.0,7386.5,7271.75,7369.25,299891
2026-06-11T14:00:00,7369.25,7383.25,7344.75,7377.5,169857
2026-06-11T15:00:00,7377.75,7420.0,7373.0,7394.5,350909
2026-06-12T10:00:00,7383.25,7443.5,7380.25,7440.5,335120
2026-06-12T11:00:00,7440.75,7461.75,7401.25,7405.75,245070
2026-06-12T12:00:00,7405.75,7439.5,7398.25,7432.25,164539
2026-06-12T13:00:00,7432.25,7447.0,7426.25,7430.5,111153
2026-06-12T14:00:00,7430.5,7441.25,7421.75,7428.0,114438
2026-06-12T15:00:00,7428.0,7439.75,7418.75,7433.75,212443
2026-06-15T10:00:00,7614.25,7625.0,7605.5,7623.0,301636
2026-06-15T11:00:00,7623.25,7644.5,7623.0,7643.25,247761
2026-06-15T12:00:00,7643.25,7648.75,7636.75,7640.5,194835
2026-06-15T13:00:00,7640.25,7646.5,7632.0,7633.5,171388
2026-06-15T14:00:00,7633.75,7636.25,7625.75,7631.5,155455
2026-06-15T15:00:00,7631.75,7634.5,7616.5,7630.0,350996
2026-06-16T10:00:00,7622.75,7634.0,7604.0,7611.0,308319
2026-06-16T11:00:00,7611.0,7619.25,7599.0,7610.0,251616
2026-06-16T12:00:00,7609.75,7622.25,7606.0,7610.5,166132
2026-06-16T13:00:00,7610.25,7611.5,7598.75,7605.75,132462
2026-06-16T14:00:00,7605.5,7607.5,7600.5,7602.0,111019
2026-06-16T15:00:00,7602.0,7603.0,7583.0,7588.0,269551
2026-06-17T10:00:00,7581.25,7604.25,7560.5,7572.5,242566
2026-06-17T11:00:00,7572.25,7591.25,7568.0,7588.75,131982
2026-06-17T12:00:00,7589.0,7593.25,7581.5,7582.75,74434
2026-06-17T13:00:00,7582.5,7589.75,7568.5,7588.75,100304
2026-06-17T14:00:00,7588.25,7590.75,7514.5,7540.75,344637
2026-06-17T15:00:00,7540.5,7552.0,7472.25,7492.5,419599
2026-06-18T10:00:00,7544.25,7570.75,7539.0,7566.25,215022
2026-06-18T11:00:00,7566.5,7568.75,7541.0,7560.5,156245
2026-06-18T12:00:00,7560.25,7570.5,7555.0,7564.0,96918
2026-06-18T13:00:00,7564.0,7579.0,7561.5,7567.0,77208
2026-06-18T14:00:00,7567.0,7568.0,7559.25,7561.5,80739
2026-06-18T15:00:00,7561.5,7580.75,7549.0,7564.5,266880
2026-06-22T10:00:00,7596.25,7599.25,7527.25,7543.0,268647
2026-06-22T11:00:00,7542.75,7559.25,7534.75,7542.5,183928
2026-06-22T12:00:00,7542.5,7550.25,7532.25,7546.0,119361
2026-06-22T13:00:00,7546.25,7549.5,7535.5,7542.75,73458
2026-06-22T14:00:00,7543.0,7553.75,7531.5,7533.0,83462
2026-06-22T15:00:00,7533.0,7545.75,7528.0,7540.25,206598
2026-06-23T10:00:00,7465.25,7491.0,7459.75,7464.75,271013
2026-06-23T11:00:00,7464.75,7468.5,7435.75,7453.75,188312
2026-06-23T12:00:00,7454.0,7475.25,7452.5,7469.75,116734
2026-06-23T13:00:00,7469.75,7476.5,7452.5,7453.25,108126
2026-06-23T14:00:00,7453.25,7461.25,7428.75,7436.0,139923
2026-06-23T15:00:00,7436.0,7453.0,7433.0,7434.75,277587
2026-06-24T10:00:00,7454.5,7494.25,7436.5,7493.75,263304
2026-06-24T11:00:00,7493.75,7496.5,7474.5,7480.25,183033
2026-06-24T12:00:00,7480.25,7485.5,7450.75,7453.0,153067
2026-06-24T13:00:00,7453.0,7461.25,7407.75,7414.0,202568
2026-06-24T14:00:00,7414.25,7443.25,7408.25,7415.5,182118
2026-06-24T15:00:00,7415.5,7431.5,7404.25,7428.25,253169
2026-06-25T10:00:00,7393.25,7475.75,7392.5,7449.5,339500
2026-06-25T11:00:00,7449.25,7462.25,7414.25,7437.5,151963
2026-06-25T12:00:00,7437.75,7458.75,7409.75,7420.25,124282
2026-06-25T13:00:00,7420.25,7438.0,7410.75,7429.5,92620
2026-06-25T14:00:00,7429.5,7456.75,7408.25,7434.5,129436
2026-06-25T15:00:00,7434.25,7435.0,7409.0,7428.75,187767
2026-06-26T10:00:00,7401.25,7436.25,7398.75,7418.0,189274
2026-06-26T11:00:00,7418.0,7459.5,7409.5,7447.5,166501
2026-06-26T12:00:00,7447.75,7449.0,7420.75,7438.25,94236
2026-06-26T13:00:00,7438.25,7452.25,7427.75,7430.0,73396
2026-06-26T14:00:00,7430.25,7439.5,7405.25,7409.0,101544
2026-06-26T15:00:00,7408.75,7431.75,7369.75,7375.5,240805
2026-06-29T10:00:00,7458.5,7472.5,7409.0,7468.0,349262
2026-06-29T11:00:00,7468.0,7475.75,7453.0,7475.0,147484
2026-06-29T12:00:00,7475.25,7481.75,7470.0,7477.25,92138
2026-06-29T13:00:00,7477.25,7498.75,7477.25,7494.0,93935
2026-06-29T14:00:00,7494.0,7502.0,7491.25,7496.75,74063
2026-06-29T15:00:00,7497.0,7505.0,7491.5,7496.75,185798
2026-06-30T10:00:00,7526.75,7541.75,7515.5,7520.5,186731
2026-06-30T11:00:00,7520.5,7547.75,7520.0,7545.75,120765
2026-06-30T12:00:00,7545.5,7558.25,7545.25,7555.75,81409
2026-06-30T13:00:00,7555.75,7559.25,7548.5,7552.0,64142
2026-06-30T14:00:00,7552.25,7561.75,7550.5,7558.75,67901
2026-06-30T15:00:00,7558.75,7567.75,7544.5,7545.0,307765
2026-07-01T10:00:00,7536.75,7554.5,7533.0,7553.5,181587
2026-07-01T11:00:00,7553.5,7578.5,7552.5,7572.5,145716
2026-07-01T12:00:00,7572.5,7579.0,7557.5,7559.75,94911
2026-07-01T13:00:00,7559.75,7568.5,7554.75,7556.75,81605
2026-07-01T14:00:00,7556.75,7561.5,7549.25,7553.5,78021
2026-07-01T15:00:00,7553.5,7561.75,7536.5,7541.75,202894
2026-07-02T10:00:00,7588.75,7593.5,7540.25,7557.25,312420
2026-07-02T11:00:00,7557.25,7559.0,7520.75,7526.75,252493
2026-07-02T12:00:00,7527.0,7529.5,7498.0,7501.5,164644
2026-07-02T13:00:00,7501.5,7503.0,7479.5,7482.0,141867
2026-07-02T14:00:00,7482.25,7514.75,7480.0,7509.0,125172
2026-07-02T15:00:00,7509.25,7534.0,7491.75,7526.5,226794
2026-07-06T10:00:00,7564.25,7582.25,7558.5,7582.0,149651
2026-07-06T11:00:00,7582.25,7589.0,7575.25,7587.5,104726
2026-07-06T12:00:00,7587.5,7590.5,7582.75,7583.75,60205
2026-07-06T13:00:00,7583.75,7594.75,7575.25,7580.0,92156
2026-07-06T14:00:00,7580.0,7599.0,7580.0,7598.25,77905
2026-07-06T15:00:00,7598.25,7602.5,7587.75,7593.5,176448
2026-07-07T10:00:00,7566.25,7570.0,7529.5,7542.25,233882
2026-07-07T11:00:00,7542.0,7551.25,7531.25,7551.0,121063
2026-07-07T12:00:00,7551.0,7568.75,7549.75,7567.5,119675
2026-07-07T13:00:00,7567.25,7571.25,7561.75,7569.25,66535
2026-07-07T14:00:00,7569.25,7570.5,7551.5,7552.5,90967
2026-07-07T15:00:00,7552.5,7556.75,7537.0,7553.25,211864
2026-07-08T10:00:00,7515.75,7522.5,7484.0,7493.25,213380
2026-07-08T11:00:00,7493.5,7495.25,7469.5,7481.0,176301
2026-07-08T12:00:00,7481.0,7522.75,7480.75,7522.0,167308
2026-07-08T13:00:00,7522.0,7536.5,7514.5,7519.5,108652
2026-07-08T14:00:00,7519.25,7530.5,7515.5,7528.25,90515
2026-07-08T15:00:00,7528.5,7536.5,7518.25,7526.75,157800
2026-07-09T10:00:00,7561.25,7564.5,7529.5,7562.0,196450
2026-07-09T11:00:00,7562.0,7578.0,7560.5,7573.75,120135
2026-07-09T12:00:00,7573.75,7584.25,7573.75,7579.5,65264
2026-07-09T13:00:00,7579.75,7595.0,7579.5,7591.5,84639
2026-07-09T14:00:00,7591.25,7594.0,7583.0,7585.0,63565
2026-07-09T15:00:00,7585.25,7591.0,7581.0,7590.5,129442
2026-07-10T10:00:00,7601.5,7605.75,7552.75,7584.25,212892
2026-07-10T11:00:00,7584.25,7606.75,7578.5,7600.25,147026
2026-07-10T12:00:00,7600.25,7614.0,7600.0,7612.75,78715
2026-07-10T13:00:00,7612.5,7617.0,7607.25,7612.75,52918
2026-07-10T14:00:00,7612.75,7620.25,7612.0,7618.5,54849
2026-07-10T15:00:00,7618.5,7627.25,7617.75,7621.0,139298
2026-07-13T10:00:00,7607.5,7610.5,7573.5,7598.5,219130
2026-07-13T11:00:00,7598.5,7601.75,7581.75,7583.25,95483
2026-07-13T12:00:00,7583.25,7589.0,7560.0,7570.25,134871
2026-07-13T13:00:00,7570.0,7578.0,7563.25,7563.5,78992
2026-07-13T14:00:00,7563.75,7574.0,7561.0,7567.25,90008
2026-07-13T15:00:00,7567.25,7571.25,7551.0,7563.0,194913
2026-07-14T10:00:00,7583.5,7603.75,7556.5,7587.5,177877
2026-07-14T11:00:00,7587.5,7601.5,7576.25,7579.75,137028
2026-07-14T12:00:00,7580.0,7589.25,7570.0,7589.25,82473
2026-07-14T13:00:00,7589.25,7596.75,7585.25,7593.25,61103
2026-07-14T14:00:00,7593.5,7598.25,7587.0,7592.0,63827
2026-07-14T15:00:00,7592.25,7596.0,7587.0,7590.0,125005
2026-07-15T10:00:00,7614.5,7626.0,7597.25,7604.75,210281
2026-07-15T11:00:00,7605.0,7611.5,7592.0,7596.25,130146
2026-07-15T12:00:00,7596.25,7598.0,7571.75,7586.75,152959
2026-07-15T13:00:00,7587.0,7616.25,7586.0,7612.5,115318
2026-07-15T14:00:00,7612.5,7619.75,7601.0,7602.0,100607
2026-07-15T15:00:00,7602.0,7618.0,7600.5,7616.75,169796
2026-07-16T10:00:00,7587.75,7615.0,7585.25,7611.25,182512
2026-07-16T11:00:00,7611.0,7613.5,7598.75,7604.75,139845
2026-07-16T12:00:00,7605.0,7605.5,7583.0,7598.25,126169
2026-07-16T13:00:00,7598.25,7598.75,7579.5,7582.25,83392
2026-07-16T14:00:00,7582.25,7586.5,7568.0,7571.5,108043
2026-07-16T15:00:00,7571.25,7579.5,7548.25,7577.25,211916
2026-07-17T10:00:00,7513.75,7539.0,7512.5,7516.25,269318
2026-07-17T11:00:00,7516.25,7536.5,7504.75,7534.25,190523
2026-07-17T12:00:00,7534.25,7538.5,7513.5,7529.25,146087
2026-07-17T13:00:00,7529.0,7538.0,7508.75,7510.75,92899
2026-07-17T14:00:00,7511.0,7516.75,7495.75,7508.5,113097
2026-07-17T15:00:00,7508.75,7510.0,7486.25,7496.75,227327
