timestamp,open,high,low,close,volume
2026-05-07T09:30:00,7399.25,7400.25,7393.25,7394.0,27883
2026-05-07T09:35:00,7394.0,7395.0,7391.0,7393.75,23789
2026-05-07T09:40:00,7393.75,7394.5,7390.0,7391.0,18844
2026-05-07T09:45:00,7391.0,7393.0,7384.25,7385.25,27366
2026-05-07T09:50:00,7385.25,7389.0,7383.75,7388.75,20613
2026-05-07T09:55:00,7388.75,7391.5,7385.25,7387.75,18841
2026-05-07T10:00:00,7387.75,7394.25,7387.25,7393.75,19430
2026-05-07T10:05:00,7393.75,7397.5,7392.0,7395.25,17072
2026-05-07T10:10:00,7395.5,7396.75,7393.0,7393.25,14083
2026-05-07T10:15:00,7393.25,7396.0,7389.0,7394.0,22735
2026-05-07T10:20:00,7394.0,7398.75,7393.5,7394.5,15543
2026-05-07T10:25:00,7394.5,7397.5,7393.5,7393.75,11215
2026-05-07T10:30:00,7394.0,7396.75,7393.0,7396.0,13011
2026-05-07T10:35:00,7396.0,7400.25,7393.75,7400.25,17544
2026-05-07T10:40:00,7400.25,7401.75,7398.75,7400.25,13687
2026-05-07T10:45:00,7400.25,7404.0,7398.25,7400.5,14015
2026-05-07T10:50:00,7400.5,7405.75,7400.0,7405.75,10575
2026-05-07T10:55:00,7405.75,7409.5,7405.75,7409.25,13511
2026-05-07T11:00:00,7409.5,7410.0,7405.5,7407.0,12057
2026-05-07T11:05:00,7407.0,7407.0,7400.25,7404.75,14605
2026-05-07T11:10:00,7404.75,7406.25,7400.75,7401.5,11949
2026-05-07T11:15:00,7401.5,7404.5,7401.0,7402.5,9168
2026-05-07T11:20:00,7402.25,7404.0,7398.0,7399.25,18079
2026-05-07T11:25:00,7399.25,7400.75,7391.25,7397.5,25249
2026-05-07T11:30:00,7397.5,7404.75,7396.75,7403.75,17757
2026-05-07T11:35:00,7403.5,7404.25,7400.5,7400.75,12453
2026-05-07T11:40:00,7400.75,7403.5,7398.75,7401.25,8851
2026-05-07T11:45:00,7401.0,7402.5,7396.25,7396.75,9151
2026-05-07T11:50:00,7396.75,7398.0,7393.5,7397.0,12892
2026-05-07T11:55:00,7396.75,7397.25,7386.0,7388.0,19336
2026-05-07T12:00:00,7388.0,7388.5,7381.25,7382.0,26596
2026-05-07T12:05:00,7382.0,7382.25,7377.25,7381.75,22366
2026-05-07T12:10:00,7381.75,7382.0,7374.25,7375.0,21399
2026-05-07T12:15:00,7375.0,7375.0,7366.0,7367.0,36505
2026-05-07T12:20:00,7367.0,7375.75,7365.75,7375.0,23567
2026-05-07T12:25:00,7375.25,7382.5,7375.25,7382.0,18730
2026-05-07T12:30:00,7381.75,7386.5,7379.25,7384.5,15514
2026-05-07T12:35:00,7384.25,7384.5,7375.0,7375.5,14610
2026-05-07T12:40:00,7375.5,7380.0,7373.25,7375.75,13632
2026-05-07T12:45:00,7375.75,7377.0,7371.75,7372.75,11039
2026-05-07T12:50:00,7372.75,7373.5,7368.25,7372.0,15327
2026-05-07T12:55:00,7372.0,7373.25,7364.0,7368.5,16524
2026-05-07T13:00:00,7368.5,7370.75,7365.0,7368.25,13691
2026-05-07T13:05:00,7368.5,7374.75,7366.0,7370.0,14073
2026-05-07T13:10:00,7370.0,7371.5,7364.75,7368.0,12882
2026-05-07T13:15:00,7368.0,7368.0,7360.25,7362.0,15888
2026-05-07T13:20:00,7361.75,7370.25,7359.5,7369.5,17908
2026-05-07T13:25:00,7369.75,7373.75,7345.75,7354.25,58546
2026-05-07T13:30:00,7354.5,7360.0,7350.0,7358.0,22664
2026-05-07T13:35:00,7358.25,7364.75,7355.25,7362.0,16343
2026-05-07T13:40:00,7362.0,7365.25,7354.75,7356.0,11792
2026-05-07T13:45:00,7355.75,7357.25,7351.75,7353.75,10346
2026-05-07T13:50:00,7353.75,7356.0,7349.5,7352.75,15422
2026-05-07T13:55:00,7352.75,7366.25,7351.25,7365.25,27218
2026-05-07T14:00:00,7365.25,7366.75,7359.5,7363.0,17163
2026-05-07T14:05:00,7363.0,7369.75,7360.5,7362.0,14284
2026-05-07T14:10:00,7362.0,7365.5,7358.75,7364.5,10696
2026-05-07T14:15:00,7364.75,7370.5,7364.25,7366.75,9555
2026-05-07T14:20:00,7367.0,7368.75,7362.5,7363.0,8116
2026-05-07T14:25:00,7363.0,7363.5,7359.75,7361.25,9655
2026-05-07T14:30:00,7361.0,7367.5,7360.5,7365.5,8592
2026-05-07T14:35:00,7365.75,7367.25,7357.75,7362.25,11318
2026-05-07T14:40:00,7362.5,7363.5,7347.5,7351.25,18989
2026-05-07T14:45:00,7351.25,7355.5,7345.5,7350.0,20245
2026-05-07T14:50:00,7350.25,7355.75,7347.25,7353.75,14513
2026-05-07T14:55:00,7353.75,7360.25,7351.5,7359.75,19303
2026-05-07T15:00:00,7359.75,7362.75,7355.0,7357.25,9811
2026-05-07T15:05:00,7357.25,7360.75,7355.75,7357.75,8875
2026-05-07T15:10:00,7357.5,7363.75,7356.5,7360.25,10021
2026-05-07T15:15:00,7360.5,7361.75,7351.75,7354.5,18068
2026-05-07T15:20:00,7354.5,7355.75,7349.5,7350.25,12966
2026-05-07T15:25:00,7350.5,7356.5,7348.5,7354.0,14482
2026-05-07T15:30:00,7353.75,7359.5,7352.5,7358.25,11372
2026-05-07T15:35:00,7358.0,7362.75,7356.75,7362.0,10761
2026-05-07T15:40:00,7362.0,7363.5,7358.75,7361.25,10136
2026-05-07T15:45:00,7361.5,7362.75,7358.0,7361.0,14099
2026-05-07T15:50:00,7361.0,7367.5,7354.75,7357.75,41225
2026-05-07T15:55:00,7358.0,7365.0,7356.25,7364.25,89609
2026-05-08T09:30:00,7395.75,7399.75,7393.25,7399.25,28598
2026-05-08T09:35:00,7399.5,7401.25,7394.75,7395.75,18997
2026-05-08T09:40:00,7395.75,7399.5,7391.75,7399.5,19890
2026-05-08T09:45:00,7399.5,7409.5,7399.25,7407.5,22502
2026-05-08T09:50:00,7407.25,7410.75,7405.25,7406.5,17285
2026-05-08T09:55:00,7406.5,7413.75,7405.5,7413.5,11535
2026-05-08T10:00:00,7413.5,7416.0,7409.25,7414.75,23071
2026-05-08T10:05:00,7414.75,7415.25,7409.75,7412.75,16644
2026-05-08T10:10:00,7412.75,7416.0,7409.5,7415.25,18693
2026-05-08T10:15:00,7415.25,7417.25,7412.5,7416.0,14531
2026-05-08T10:20:00,7416.25,7420.25,7415.25,7419.75,17068
2026-05-08T10:25:00,7419.75,7422.75,7414.25,7415.25,19970
2026-05-08T10:30:00,7415.25,7415.5,7410.5,7412.25,15697
2026-05-08T10:35:00,7412.25,7416.75,7408.25,7416.75,15106
2026-05-08T10:40:00,7416.5,7418.75,7414.75,7418.5,11328
2026-05-08T10:45:00,7418.75,7422.0,7416.75,7419.0,12534
2026-05-08T10:50:00,7419.0,7420.25,7417.25,7420.0,8612
2026-05-08T10:55:00,7420.0,7421.5,7417.5,7417.75,10126
2026-05-08T11:00:00,7417.75,7420.5,7417.0,7417.75,10873
2026-05-08T11:05:00,7417.75,7420.75,7414.0,7414.25,12859
2026-05-08T11:10:00,7414.25,7416.5,7411.5,7412.75,10138
2026-05-08T11:15:00,7412.75,7413.0,7407.25,7411.0,14098
2026-05-08T11:20:00,7410.75,7416.75,7409.75,7412.5,12577
2026-05-08T11:25:00,7412.75,7416.25,7411.5,7416.0,8251
2026-05-08T11:30:00,7416.0,7417.0,7410.0,7416.5,15435
2026-05-08T11:35:00,7416.5,7420.5,7415.75,7419.75,11992
2026-05-08T11:40:00,7419.75,7420.5,7412.5,7414.5,13204
2026-05-08T11:45:00,7414.5,7420.5,7413.25,7417.75,12630
2026-05-08T11:50:00,7417.75,7418.75,7414.5,7417.0,7489
2026-05-08T11:55:00,7417.25,7418.25,7413.75,7416.0,7073
2026-05-08T12:00:00,7415.75,7419.75,7415.5,7418.25,10368
2026-05-08T12:05:00,7418.25,7422.25,7418.0,7419.5,9458
2026-05-08T12:10:00,7419.5,7421.5,7417.75,7420.75,5671
2026-05-08T12:15:00,7420.75,7422.25,7419.5,7419.5,6061
2026-05-08T12:20:00,7419.5,7421.25,7419.0,7420.75,4101
2026-05-08T12:25:00,7420.75,7424.25,7419.75,7422.25,7900
2026-05-08T12:30:00,7422.5,7423.25,7419.75,7421.5,5390
2026-05-08T12:35:00,7421.5,7422.75,7418.75,7420.5,6924
2026-05-08T12:40:00,7420.75,7421.25,7415.0,7415.25,9353
2026-05-08T12:45:00,7415.25,7420.25,7415.0,7420.0,7726
2026-05-08T12:50:00,7420.25,7420.25,7416.75,7417.25,6424
2026-05-08T12:55:00,7417.5,7417.75,7415.5,7415.75,7135
2026-05-08T13:00:00,7415.75,7422.0,7414.75,7421.5,10585
2026-05-08T13:05:00,7421.5,7423.0,7418.25,7420.0,8827
2026-05-08T13:10:00,7420.25,7420.25,7418.0,7418.5,4585
2026-05-08T13:15:00,7418.5,7422.0,7418.5,7422.0,4765
2026-05-08T13:20:00,7422.0,7424.0,7420.75,7423.0,6654
2026-05-08T13:25:00,7423.0,7425.0,7423.0,7423.5,8244
2026-05-08T13:30:00,7423.5,7424.75,7422.5,7423.75,4914
2026-05-08T13:35:00,7423.75,7426.0,7421.25,7421.25,6292
2026-05-08T13:40:00,7421.25,7422.25,7419.5,7419.75,6041
2026-05-08T13:45:00,7419.75,7423.0,7418.75,7419.25,6783
2026-05-08T13:50:00,7419.5,7420.75,7417.5,7420.5,7907
2026-05-08T13:55:00,7420.5,7421.75,7418.5,7418.75,4496
2026-05-08T14:00:00,7418.75,7427.75,7418.5,7422.75,19343
2026-05-08T14:05:00,7422.75,7424.0,7420.0,7420.75,5277
2026-05-08T14:10:00,7421.0,7425.5,7420.25,7425.0,7400
2026-05-08T14:15:00,7424.75,7426.5,7423.75,7424.5,6154
2026-05-08T14:20:00,7424.5,7426.0,7424.0,7424.75,3800
2026-05-08T14:25:00,7424.75,7425.25,7423.25,7424.0,4445
2026-05-08T14:30:00,7424.25,7426.75,7422.75,7422.75,6153
2026-05-08T14:35:00,7422.75,7423.75,7421.25,7421.5,4518
2026-05-08T14:40:00,7421.5,7422.5,7419.0,7419.25,6175
2026-05-08T14:45:00,7419.25,7419.25,7415.0,7416.0,10716
2026-05-08T14:50:00,7416.25,7417.0,7411.0,7412.5,11739
2026-05-08T14:55:00,7412.25,7414.25,7407.5,7410.75,18286
2026-05-08T15:00:00,7410.5,7414.75,7410.0,7412.75,9186
2026-05-08T15:05:00,7412.75,7417.25,7411.25,7415.25,9011
2026-05-08T15:10:00,7415.0,7416.75,7413.75,7414.75,5375
2026-05-08T15:15:00,7414.75,7418.25,7414.25,7418.0,6797
2026-05-08T15:20:00,7418.0,7418.75,7415.75,7416.25,9126
2026-05-08T15:25:00,7416.25,7417.5,7412.75,7412.75,8281
2026-05-08T15:30:00,7413.0,7417.25,7411.5,7416.75,8397
2026-05-08T15:35:00,7417.0,7419.0,7415.25,7417.5,8734
2026-05-08T15:40:00,7417.75,7420.75,7417.5,7419.75,13725
2026-05-08T15:45:00,7419.75,7421.5,7418.25,7418.5,11028
2026-05-08T15:50:00,7418.25,7421.5,7417.25,7421.0,22820
2026-05-08T15:55:00,7420.75,7422.0,7417.0,7421.25,88064
2026-05-11T09:30:00,7410.0,7424.75,7410.0,7424.5,37240
2026-05-11T09:35:00,7424.75,7424.75,7419.5,7421.25,20221
2026-05-11T09:40:00,7421.5,7429.5,7420.5,7429.5,17959
2026-05-11T09:45:00,7429.5,7437.25,7429.0,7433.75,22673
2026-05-11T09:50:00,7433.75,7437.0,7430.0,7431.0,16409
2026-05-11T09:55:00,7431.0,7433.75,7429.0,7432.75,18199
2026-05-11T10:00:00,7432.5,7433.75,7430.75,7431.5,12499
2026-05-11T10:05:00,7431.5,7434.75,7430.5,7433.5,10476
2026-05-11T10:10:00,7433.75,7436.5,7431.25,7436.5,10637
2026-05-11T10:15:00,7436.5,7441.0,7435.75,7441.0,16676
2026-05-11T10:20:00,7440.75,7441.75,7439.75,7441.25,11338
2026-05-11T10:25:00,7441.25,7442.0,7430.25,7430.25,19691
2026-05-11T10:30:00,7430.25,7433.0,7421.5,7430.5,33892
2026-05-11T10:35:00,7430.5,7434.0,7428.25,7432.0,18287
2026-05-11T10:40:00,7432.0,7437.0,7431.75,7435.75,11138
2026-05-11T10:45:00,7435.75,7437.75,7432.5,7436.75,12506
2026-05-11T10:50:00,7436.75,7444.75,7436.25,7444.25,20487
2026-05-11T10:55:00,7444.25,7445.75,7440.25,7443.0,12400
2026-05-11T11:00:00,7442.75,7443.75,7440.5,7442.5,8779
2026-05-11T11:05:00,7442.25,7443.0,7440.5,7442.25,6787
2026-05-11T11:10:00,7442.25,7442.75,7436.75,7437.5,10261
2026-05-11T11:15:00,7437.5,7441.25,7435.75,7441.25,9380
2026-05-11T11:20:00,7441.0,7444.25,7440.0,7444.0,7360
2026-05-11T11:25:00,7444.0,7447.25,7443.25,7447.0,10240
2026-05-11T11:30:00,7447.0,7448.0,7444.75,7445.25,11820
2026-05-11T11:35:00,7445.5,7447.0,7443.75,7447.0,8622
2026-05-11T11:40:00,7447.0,7448.25,7443.25,7444.75,12601
2026-05-11T11:45:00,7445.0,7446.75,7443.5,7445.5,13315
2026-05-11T11:50:00,7445.25,7448.75,7443.5,7448.0,7147
2026-05-11T11:55:00,7448.25,7449.75,7447.0,7448.5,6752
2026-05-11T12:00:00,7448.25,7449.25,7446.5,7447.0,6215
2026-05-11T12:05:00,7447.0,7448.0,7446.5,7446.75,4848
2026-05-11T12:10:00,7447.0,7448.25,7446.25,7447.25,4517
2026-05-11T12:15:00,7447.25,7448.25,7446.0,7446.75,5835
2026-05-11T12:20:00,7446.5,7449.25,7445.5,7449.25,6339
2026-05-11T12:25:00,7449.0,7450.5,7448.75,7449.5,7244
2026-05-11T12:30:00,7449.5,7450.5,7448.0,7449.0,5311
2026-05-11T12:35:00,7449.0,7449.75,7447.0,7447.0,4419
2026-05-11T12:40:00,7447.0,7447.5,7434.25,7442.75,32830
2026-05-11T12:45:00,7442.75,7445.25,7441.0,7441.25,10686
2026-05-11T12:50:00,7441.25,7442.5,7438.5,7439.25,8918
2026-05-11T12:55:00,7439.25,7441.0,7436.5,7439.5,8772
2026-05-11T13:00:00,7439.5,7442.0,7439.5,7441.25,6952
2026-05-11T13:05:00,7441.25,7442.75,7439.5,7440.5,4645
2026-05-11T13:10:00,7440.5,7440.5,7436.0,7436.75,7323
2026-05-11T13:15:00,7436.5,7437.5,7434.75,7435.5,8301
2026-05-11T13:20:00,7435.75,7442.5,7435.0,7442.0,9464
2026-05-11T13:25:00,7442.0,7444.75,7441.5,7444.0,7727
2026-05-11T13:30:00,7444.0,7448.5,7444.0,7447.5,9070
2026-05-11T13:35:00,7447.75,7450.5,7447.0,7449.0,7743
2026-05-11T13:40:00,7449.25,7453.0,7448.25,7452.5,7861
2026-05-11T13:45:00,7452.75,7454.75,7449.25,7449.75,8424
2026-05-11T13:50:00,7450.0,7450.75,7448.25,7448.75,5786
2026-05-11T13:55:00,7448.75,7450.25,7447.75,7448.0,5569
2026-05-11T14:00:00,7448.25,7452.75,7448.0,7452.5,6391
2026-05-11T14:05:00,7452.5,7452.75,7451.25,7451.75,3702
2026-05-11T14:10:00,7452.0,7452.0,7449.0,7449.75,5511
2026-05-11T14:15:00,7449.5,7450.25,7448.75,7449.25,3951
2026-05-11T14:20:00,7449.5,7451.5,7447.0,7449.25,9762
2026-05-11T14:25:00,7449.25,7449.75,7448.5,7449.5,3728
2026-05-11T14:30:00,7449.75,7449.75,7446.75,7447.0,5370
2026-05-11T14:35:00,7447.0,7448.0,7443.75,7444.0,5968
2026-05-11T14:40:00,7444.0,7445.25,7442.25,7443.75,9370
2026-05-11T14:45:00,7443.75,7444.0,7441.0,7441.25,7771
2026-05-11T14:50:00,7441.5,7441.75,7438.75,7439.75,8901
2026-05-11T14:55:00,7439.5,7440.25,7431.0,7431.25,16277
2026-05-11T15:00:00,7431.5,7434.5,7428.25,7429.0,17337
2026-05-11T15:05:00,7429.0,7436.25,7428.0,7435.5,13539
2026-05-11T15:10:00,7435.5,7438.0,7432.75,7434.0,11418
2026-05-11T15:15:00,7433.75,7434.25,7430.0,7431.75,9466
2026-05-11T15:20:00,7432.0,7432.5,7427.5,7430.25,10477
2026-05-11T15:25:00,7430.25,7433.0,7429.0,7431.25,10223
2026-05-11T15:30:00,7431.25,7435.0,7429.5,7432.25,11540
2026-05-11T15:35:00,7432.5,7433.0,7430.0,7432.5,9690
2026-05-11T15:40:00,7432.75,7433.75,7428.25,7428.5,9811
2026-05-11T15:45:00,7428.25,7433.25,7427.75,7433.0,12480
2026-05-11T15:50:00,7432.75,7437.0,7431.5,7435.5,19037
2026-05-11T15:55:00,7435.25,7439.0,7433.5,7438.75,73407
2026-05-12T09:30:00,7414.0,7417.5,7406.75,7408.75,34408
2026-05-12T09:35:00,7408.75,7408.75,7400.25,7405.75,26839
2026-05-12T09:40:00,7405.75,7413.0,7403.0,7412.25,24552
2026-05-12T09:45:00,7412.5,7414.0,7401.0,7402.75,25936
2026-05-12T09:50:00,7402.75,7409.5,7399.25,7403.75,21076
2026-05-12T09:55:00,7403.75,7404.25,7393.5,7396.25,30718
2026-05-12T10:00:00,7396.0,7398.25,7391.5,7396.0,30217
2026-05-12T10:05:00,7396.0,7401.25,7394.75,7398.0,21183
2026-05-12T10:10:00,7398.25,7406.5,7395.5,7406.0,20953
2026-05-12T10:15:00,7406.25,7408.75,7402.5,7407.0,17606
2026-05-12T10:20:00,7406.75,7407.75,7399.5,7400.75,15499
2026-05-12T10:25:00,7400.75,7403.5,7390.5,7394.25,22961
2026-05-12T10:30:00,7394.25,7394.75,7380.25,7385.25,36334
2026-05-12T10:35:00,7385.25,7391.75,7380.0,7391.5,24987
2026-05-12T10:40:00,7391.5,7397.0,7387.75,7391.25,20963
2026-05-12T10:45:00,7391.25,7391.5,7385.25,7386.0,18021
2026-05-12T10:50:00,7386.0,7388.0,7381.75,7385.25,17796
2026-05-12T10:55:00,7385.0,7386.5,7381.75,7383.0,13396
2026-05-12T11:00:00,7383.0,7384.25,7378.5,7379.75,19498
2026-05-12T11:05:00,7379.75,7385.5,7377.5,7385.0,18679
2026-05-12T11:10:00,7385.0,7385.5,7376.75,7377.25,12959
2026-05-12T11:15:00,7377.25,7377.5,7371.25,7374.75,22455
2026-05-12T11:20:00,7374.75,7375.75,7364.5,7366.0,21375
2026-05-12T11:25:00,7365.75,7369.5,7363.25,7368.25,23460
2026-05-12T11:30:00,7368.25,7375.25,7366.0,7373.5,22532
2026-05-12T11:35:00,7373.5,7378.0,7370.0,7376.25,14677
2026-05-12T11:40:00,7376.0,7380.75,7373.25,7380.25,12454
2026-05-12T11:45:00,7380.5,7382.75,7377.75,7378.5,11574
2026-05-12T11:50:00,7378.25,7380.0,7375.75,7376.25,11233
2026-05-12T11:55:00,7376.0,7377.5,7368.75,7369.75,14201
2026-05-12T12:00:00,7370.0,7378.5,7366.25,7377.5,18824
2026-05-12T12:05:00,7377.5,7378.5,7371.75,7373.0,9086
2026-05-12T12:10:00,7372.75,7380.0,7372.0,7378.5,9396
2026-05-12T12:15:00,7378.5,7379.25,7375.25,7375.5,7161
2026-05-12T12:20:00,7375.5,7377.75,7370.75,7373.25,8760
2026-05-12T12:25:00,7373.5,7375.25,7371.75,7372.5,8065
2026-05-12T12:30:00,7372.5,7373.25,7367.0,7370.5,11316
2026-05-12T12:35:00,7370.5,7375.5,7370.5,7373.0,8938
2026-05-12T12:40:00,7373.0,7375.0,7368.0,7369.5,8863
2026-05-12T12:45:00,7369.25,7371.0,7363.75,7366.5,11200
2026-05-12T12:50:00,7366.25,7368.5,7363.5,7365.25,10632
2026-05-12T12:55:00,7365.0,7367.5,7363.5,7366.25,8179
2026-05-12T13:00:00,7366.25,7375.0,7365.25,7373.75,11613
2026-05-12T13:05:00,7373.75,7379.25,7373.5,7375.5,13017
2026-05-12T13:10:00,7375.25,7378.75,7374.75,7378.5,9306
2026-05-12T13:15:00,7378.25,7386.25,7378.25,7386.0,13074
2026-05-12T13:20:00,7385.75,7395.75,7385.75,7390.75,19930
2026-05-12T13:25:00,7390.5,7391.0,7386.25,7388.75,14303
2026-05-12T13:30:00,7388.75,7395.25,7386.75,7394.75,14911
2026-05-12T13:35:00,7394.5,7394.75,7387.5,7391.75,12427
2026-05-12T13:40:00,7391.75,7395.0,7391.0,7393.0,8429
2026-05-12T13:45:00,7393.25,7394.25,7389.0,7391.75,8042
2026-05-12T13:50:00,7392.0,7396.5,7390.25,7396.25,10364
2026-05-12T13:55:00,7396.5,7397.25,7392.25,7396.0,12607
2026-05-12T14:00:00,7396.0,7397.75,7392.5,7397.0,17906
2026-05-12T14:05:00,7397.0,7397.25,7392.5,7394.5,7979
2026-05-12T14:10:00,7394.25,7396.75,7391.75,7395.75,8128
2026-05-12T14:15:00,7395.75,7398.5,7395.25,7397.25,9169
2026-05-12T14:20:00,7397.25,7403.5,7397.0,7403.0,12764
2026-05-12T14:25:00,7403.0,7410.0,7403.0,7407.0,24900
2026-05-12T14:30:00,7407.0,7409.75,7405.5,7406.25,11853
2026-05-12T14:35:00,7406.0,7409.25,7403.5,7406.0,9787
2026-05-12T14:40:00,7405.75,7408.5,7405.25,7407.5,5895
2026-05-12T14:45:00,7407.5,7408.0,7402.75,7405.5,9638
2026-05-12T14:50:00,7405.75,7408.75,7404.0,7407.25,7682
2026-05-12T14:55:00,7407.25,7410.5,7404.5,7405.25,10124
2026-05-12T15:00:00,7405.25,7408.5,7404.75,7407.75,6851
2026-05-12T15:05:00,7407.75,7411.5,7405.75,7409.75,9875
2026-05-12T15:10:00,7409.5,7418.5,7409.5,7416.25,14414
2026-05-12T15:15:00,7416.5,7419.5,7414.75,7415.25,11601
2026-05-12T15:20:00,7415.25,7415.75,7410.5,7414.75,9910
2026-05-12T15:25:00,7414.75,7416.5,7414.5,7416.0,6009
2026-05-12T15:30:00,7416.0,7425.75,7415.75,7424.0,14102
2026-05-12T15:35:00,7424.0,7424.5,7422.0,7423.0,11676
2026-05-12T15:40:00,7423.0,7425.75,7421.0,7425.0,10157
2026-05-12T15:45:00,7424.75,7427.0,7422.5,7425.75,13315
2026-05-12T15:50:00,7425.75,7433.75,7425.75,7428.75,35045
2026-05-12T15:55:00,7428.5,7431.0,7424.5,7428.0,103702
2026-05-13T09:30:00,7429.25,7429.5,7416.75,7420.25,35733
2026-05-13T09:35:00,7420.5,7420.5,7411.0,7412.0,24709
2026-05-13T09:40:00,7412.25,7419.0,7409.5,7413.5,25939
2026-05-13T09:45:00,7413.5,7413.5,7399.0,7408.0,34632
2026-05-13T09:50:00,7407.75,7414.5,7404.0,7414.25,21782
2026-05-13T09:55:00,7414.25,7417.0,7408.5,7413.5,21217
2026-05-13T10:00:00,7413.25,7418.75,7412.25,7416.5,20325
2026-05-13T10:05:00,7416.5,7419.25,7414.5,7415.5,16184
2026-05-13T10:10:00,7415.25,7421.75,7414.0,7420.5,14880
2026-05-13T10:15:00,7420.25,7422.0,7416.0,7417.25,14156
2026-05-13T10:20:00,7417.5,7429.25,7416.75,7428.5,16786
2026-05-13T10:25:00,7428.5,7432.0,7426.5,7427.5,18029
2026-05-13T10:30:00,7427.5,7431.0,7425.5,7431.0,12607
2026-05-13T10:35:00,7431.25,7431.5,7422.0,7424.0,15390
2026-05-13T10:40:00,7424.0,7430.0,7422.0,7428.25,12091
2026-05-13T10:45:00,7428.5,7430.25,7425.25,7429.25,9374
2026-05-13T10:50:00,7429.5,7434.25,7428.0,7433.25,11600
2026-05-13T10:55:00,7433.5,7434.5,7430.75,7433.0,9628
2026-05-13T11:00:00,7433.0,7438.25,7432.75,7436.25,14244
2026-05-13T11:05:00,7436.25,7436.5,7432.75,7435.75,10523
2026-05-13T11:10:00,7435.75,7436.75,7431.25,7434.0,8178
2026-05-13T11:15:00,7434.0,7437.25,7434.0,7437.25,5794
2026-05-13T11:20:00,7437.25,7438.25,7435.5,7436.75,8188
2026-05-13T11:25:00,7436.75,7438.0,7433.75,7437.25,8502
2026-05-13T11:30:00,7437.25,7440.75,7434.0,7440.75,12027
2026-05-13T11:35:00,7440.5,7442.75,7439.75,7442.25,9526
2026-05-13T11:40:00,7442.5,7447.0,7442.5,7445.75,13305
2026-05-13T11:45:00,7445.75,7445.75,7443.0,7443.25,9136
2026-05-13T11:50:00,7443.25,7444.75,7440.0,7443.75,10019
2026-05-13T11:55:00,7444.0,7444.0,7440.0,7442.0,7484
2026-05-13T12:00:00,7442.0,7446.75,7439.75,7446.25,8968
2026-05-13T12:05:00,7446.5,7448.25,7444.0,7448.0,8342
2026-05-13T12:10:00,7448.0,7451.5,7447.25,7451.25,10555
2026-05-13T12:15:00,7451.25,7453.25,7449.5,7452.0,10566
2026-05-13T12:20:00,7452.0,7463.75,7451.25,7461.25,17426
2026-05-13T12:25:00,7461.5,7464.75,7457.75,7462.5,17791
2026-05-13T12:30:00,7462.25,7463.5,7458.75,7462.5,14659
2026-05-13T12:35:00,7462.5,7463.5,7460.75,7462.0,9733
2026-05-13T12:40:00,7461.75,7463.0,7460.75,7461.0,6837
2026-05-13T12:45:00,7461.0,7462.5,7459.0,7460.0,7788
2026-05-13T12:50:00,7460.25,7463.75,7459.75,7463.25,7977
2026-05-13T12:55:00,7463.5,7467.75,7463.25,7465.25,12625
2026-05-13T13:00:00,7465.5,7470.75,7465.5,7469.25,8296
2026-05-13T13:05:00,7469.25,7474.0,7469.0,7471.75,8768
2026-05-13T13:10:00,7472.0,7474.0,7470.5,7471.5,7334
2026-05-13T13:15:00,7471.5,7472.75,7468.75,7469.75,7805
2026-05-13T13:20:00,7469.75,7471.5,7468.25,7468.5,6250
2026-05-13T13:25:00,7468.5,7473.0,7467.75,7471.0,6490
2026-05-13T13:30:00,7470.75,7471.75,7467.5,7467.75,6936
2026-05-13T13:35:00,7467.5,7470.0,7466.5,7468.75,6477
2026-05-13T13:40:00,7468.5,7471.5,7468.5,7471.0,4924
2026-05-13T13:45:00,7471.0,7472.5,7470.25,7470.5,5567
2026-05-13T13:50:00,7470.5,7472.5,7470.0,7470.25,3363
2026-05-13T13:55:00,7470.0,7470.5,7466.0,7466.25,5959
2026-05-13T14:00:00,7466.25,7472.25,7465.75,7472.0,7361
2026-05-13T14:05:00,7472.0,7473.75,7470.75,7472.75,6547
2026-05-13T14:10:00,7472.5,7478.75,7472.25,7478.25,10607
2026-05-13T14:15:00,7478.25,7483.75,7478.25,7481.0,17165
2026-05-13T14:20:00,7481.0,7483.75,7480.25,7481.5,7865
2026-05-13T14:25:00,7481.5,7482.75,7480.0,7480.25,5993
2026-05-13T14:30:00,7480.25,7480.25,7476.5,7478.25,9345
2026-05-13T14:35:00,7478.0,7478.25,7473.25,7475.75,8712
2026-05-13T14:40:00,7475.75,7477.25,7473.25,7473.25,6522
2026-05-13T14:45:00,7473.5,7477.25,7473.0,7475.5,8538
2026-05-13T14:50:00,7475.5,7478.5,7474.5,7477.25,10070
2026-05-13T14:55:00,7477.5,7477.5,7470.75,7471.5,9846
2026-05-13T15:00:00,7471.5,7476.5,7471.25,7476.25,9586
2026-05-13T15:05:00,7476.25,7478.75,7473.75,7478.25,8725
2026-05-13T15:10:00,7478.0,7480.5,7477.75,7480.25,8353
2026-05-13T15:15:00,7480.5,7482.25,7478.25,7481.25,7232
2026-05-13T15:20:00,7481.25,7482.0,7475.5,7476.0,8163
2026-05-13T15:25:00,7476.25,7479.75,7475.0,7479.75,8774
2026-05-13T15:30:00,7479.75,7480.25,7475.5,7476.5,8295
2026-05-13T15:35:00,7476.75,7479.5,7475.0,7478.75,7301
2026-05-13T15:40:00,7478.75,7480.0,7477.75,7479.75,6267
2026-05-13T15:45:00,7479.75,7481.25,7478.25,7479.0,8705
2026-05-13T15:50:00,7479.0,7479.0,7468.0,7470.0,33798
2026-05-13T15:55:00,7470.0,7471.25,7467.75,7468.5,68548
2026-05-14T09:30:00,7481.0,7492.75,7479.75,7492.5,33276
2026-05-14T09:35:00,7492.25,7498.5,7487.0,7497.25,19769
2026-05-14T09:40:00,7497.25,7500.5,7496.75,7498.25,21317
2026-05-14T09:45:00,7498.25,7503.25,7496.25,7501.25,24964
2026-05-14T09:50:00,7501.25,7503.25,7493.25,7494.5,20887
2026-05-14T09:55:00,7494.25,7499.0,7485.75,7488.5,22792
2026-05-14T10:00:00,7488.5,7497.0,7486.75,7497.0,17786
2026-05-14T10:05:00,7497.0,7499.25,7492.25,7494.5,16956
2026-05-14T10:10:00,7494.75,7500.75,7492.25,7499.25,13536
2026-05-14T10:15:00,7499.25,7505.5,7498.75,7505.0,12966
2026-05-14T10:20:00,7505.0,7508.0,7502.75,7503.75,17036
2026-05-14T10:25:00,7503.5,7504.0,7499.25,7503.75,15892
2026-05-14T10:30:00,7503.75,7504.75,7501.5,7504.0,11602
2026-05-14T10:35:00,7504.0,7511.0,7502.0,7510.75,12183
2026-05-14T10:40:00,7510.75,7514.75,7509.75,7514.5,17183
2026-05-14T10:45:00,7514.5,7517.25,7514.5,7517.0,16090
2026-05-14T10:50:00,7517.0,7520.0,7514.75,7518.0,20536
2026-05-14T10:55:00,7518.0,7520.0,7515.5,7516.5,13762
2026-05-14T11:00:00,7516.5,7522.75,7515.75,7520.5,14673
2026-05-14T11:05:00,7520.5,7523.25,7520.0,7522.25,12283
2026-05-14T11:10:00,7522.25,7525.0,7521.5,7525.0,10022
2026-05-14T11:15:00,7525.0,7530.25,7525.0,7529.25,13733
2026-05-14T11:20:00,7529.0,7532.5,7528.0,7529.5,15053
2026-05-14T11:25:00,7529.5,7533.0,7529.5,7530.0,13601
2026-05-14T11:30:00,7529.75,7533.0,7529.0,7531.25,11194
2026-05-14T11:35:00,7531.5,7531.75,7526.75,7529.5,13636
2026-05-14T11:40:00,7529.25,7533.0,7528.0,7532.25,10562
2026-05-14T11:45:00,7532.25,7532.5,7530.5,7532.25,9011
2026-05-14T11:50:00,7532.5,7532.75,7530.75,7531.25,10136
2026-05-14T11:55:00,7531.25,7537.5,7531.25,7537.25,12917
2026-05-14T12:00:00,7537.0,7539.5,7536.25,7539.0,11406
2026-05-14T12:05:00,7539.0,7540.0,7536.25,7536.5,10630
2026-05-14T12:10:00,7536.25,7538.25,7533.75,7534.25,11640
2026-05-14T12:15:00,7534.0,7538.0,7533.75,7534.75,9308
2026-05-14T12:20:00,7534.75,7538.0,7530.75,7531.0,12283
2026-05-14T12:25:00,7531.0,7532.0,7522.75,7524.25,21743
2026-05-14T12:30:00,7524.5,7527.0,7518.0,7520.75,21047
2026-05-14T12:35:00,7520.5,7525.75,7520.0,7525.75,14554
2026-05-14T12:40:00,7525.75,7527.75,7522.25,7522.75,11437
2026-05-14T12:45:00,7522.75,7526.75,7518.75,7525.0,18029
2026-05-14T12:50:00,7525.0,7525.0,7519.25,7522.0,9553
2026-05-14T12:55:00,7522.0,7522.75,7515.75,7522.75,13000
2026-05-14T13:00:00,7522.5,7527.5,7522.25,7526.0,9606
2026-05-14T13:05:00,7526.0,7526.25,7518.5,7518.5,10772
2026-05-14T13:10:00,7518.5,7522.25,7513.75,7515.0,12972
2026-05-14T13:15:00,7515.0,7516.25,7508.25,7509.0,20406
2026-05-14T13:20:00,7509.0,7513.75,7507.0,7511.25,16041
2026-05-14T13:25:00,7511.5,7514.0,7507.25,7513.5,13639
2026-05-14T13:30:00,7513.5,7517.75,7511.0,7514.75,12941
2026-05-14T13:35:00,7515.0,7522.0,7514.75,7520.75,9603
2026-05-14T13:40:00,7521.0,7523.75,7518.25,7521.5,9290
2026-05-14T13:45:00,7521.75,7526.75,7521.5,7525.75,9252
2026-05-14T13:50:00,7525.75,7527.0,7522.75,7523.25,7574
2026-05-14T13:55:00,7523.25,7526.0,7521.0,7521.5,6692
2026-05-14T14:00:00,7521.5,7521.5,7511.0,7513.25,18317
2026-05-14T14:05:00,7513.25,7518.0,7512.0,7517.5,11096
2026-05-14T14:10:00,7517.75,7522.75,7516.0,7522.75,11114
2026-05-14T14:15:00,7522.5,7527.5,7522.0,7527.0,9525
2026-05-14T14:20:00,7527.25,7527.5,7522.5,7524.5,8574
2026-05-14T14:25:00,7524.5,7525.25,7518.0,7519.75,10171
2026-05-14T14:30:00,7520.0,7525.25,7519.75,7522.25,7068
2026-05-14T14:35:00,7522.25,7524.25,7519.75,7522.0,6194
2026-05-14T14:40:00,7522.0,7524.25,7517.75,7521.75,5836
2026-05-14T14:45:00,7522.0,7525.25,7519.5,7524.75,7603
2026-05-14T14:50:00,7524.75,7525.5,7522.0,7524.0,6925
2026-05-14T14:55:00,7524.0,7528.0,7523.25,7527.5,8797
2026-05-14T15:00:00,7527.5,7531.0,7527.5,7529.0,10113
2026-05-14T15:05:00,7529.25,7531.0,7526.25,7530.25,6664
2026-05-14T15:10:00,7530.25,7531.25,7526.0,7528.5,8662
2026-05-14T15:15:00,7528.25,7530.5,7528.0,7528.75,5818
2026-05-14T15:20:00,7528.75,7530.75,7527.25,7528.5,7059
2026-05-14T15:25:00,7528.5,7529.25,7524.25,7525.0,9824
2026-05-14T15:30:00,7525.25,7529.75,7524.0,7527.75,8965
2026-05-14T15:35:00,7527.5,7529.75,7525.25,7528.5,7682
2026-05-14T15:40:00,7528.5,7531.25,7527.75,7529.75,8338
2026-05-14T15:45:00,7529.5,7530.5,7526.75,7527.5,10242
2026-05-14T15:50:00,7527.75,7529.0,7522.5,7526.25,26939
2026-05-14T15:55:00,7526.5,7527.25,7522.5,7526.0,69635
2026-05-15T09:30:00,7459.5,7462.0,7434.0,7442.75,60473
2026-05-15T09:35:00,7443.0,7443.25,7431.5,7432.25,36431
2026-05-15T09:40:00,7432.25,7442.0,7427.0,7427.5,34299
2026-05-15T09:45:00,7427.5,7437.75,7420.25,7437.25,41651
2026-05-15T09:50:00,7437.25,7447.75,7429.0,7445.25,34155
2026-05-15T09:55:00,7445.5,7451.0,7430.5,7432.25,30476
2026-05-15T10:00:00,7432.5,7441.5,7430.25,7434.5,29810
2026-05-15T10:05:00,7434.5,7441.5,7432.25,7437.75,24762
2026-05-15T10:10:00,7437.75,7452.25,7436.75,7452.0,25632
2026-05-15T10:15:00,7452.0,7463.0,7448.5,7460.75,31238
2026-05-15T10:20:00,7461.0,7467.75,7459.0,7459.5,30471
2026-05-15T10:25:00,7459.5,7460.25,7448.75,7452.25,29959
2026-05-15T10:30:00,7452.5,7462.25,7451.75,7461.75,26964
2026-05-15T10:35:00,7461.75,7463.75,7456.5,7459.5,16549
2026-05-15T10:40:00,7459.5,7463.25,7457.5,7461.5,16633
2026-05-15T10:45:00,7461.25,7462.25,7449.25,7452.0,20509
2026-05-15T10:50:00,7452.0,7455.75,7444.25,7455.5,25898
2026-05-15T10:55:00,7455.25,7457.75,7449.25,7450.5,15489
2026-05-15T11:00:00,7450.5,7455.25,7444.25,7448.75,17799
2026-05-15T11:05:00,7448.5,7454.25,7442.0,7454.25,16581
2026-05-15T11:10:00,7454.25,7455.25,7446.0,7449.75,15195
2026-05-15T11:15:00,7449.75,7454.5,7448.0,7453.5,11154
2026-05-15T11:20:00,7453.5,7458.75,7452.0,7453.75,13160
2026-05-15T11:25:00,7453.75,7455.5,7448.5,7453.5,14455
2026-05-15T11:30:00,7453.25,7460.5,7453.0,7454.5,18328
2026-05-15T11:35:00,7454.25,7459.75,7450.75,7451.25,13995
2026-05-15T11:40:00,7451.25,7453.75,7438.75,7442.0,17632
2026-05-15T11:45:00,7442.0,7444.75,7438.25,7439.5,14659
2026-05-15T11:50:00,7439.5,7439.75,7433.5,7436.0,18200
2026-05-15T11:55:00,7436.0,7444.5,7431.75,7443.75,19600
2026-05-15T12:00:00,7443.75,7447.25,7438.5,7440.5,16200
2026-05-15T12:05:00,7440.25,7445.25,7437.25,7444.5,11798
2026-05-15T12:10:00,7444.25,7445.25,7438.0,7445.0,9688
2026-05-15T12:15:00,7444.75,7444.75,7439.25,7443.5,7983
2026-05-15T12:20:00,7443.5,7453.25,7442.75,7452.5,10127
2026-05-15T12:25:00,7452.5,7454.75,7449.25,7454.0,11642
2026-05-15T12:30:00,7454.0,7455.75,7450.75,7454.75,10031
2026-05-15T12:35:00,7455.0,7455.25,7451.25,7454.0,7616
2026-05-15T12:40:00,7454.0,7457.25,7451.25,7456.25,7573
2026-05-15T12:45:00,7456.5,7458.0,7454.0,7454.5,7527
2026-05-15T12:50:00,7454.5,7457.0,7443.0,7444.5,10956
2026-05-15T12:55:00,7444.5,7452.25,7444.25,7450.25,9643
2026-05-15T13:00:00,7450.5,7452.5,7447.5,7451.5,8557
2026-05-15T13:05:00,7451.75,7458.0,7450.5,7456.25,8745
2026-05-15T13:10:00,7456.25,7458.25,7455.0,7457.25,5758
2026-05-15T13:15:00,7457.5,7458.75,7453.5,7458.75,7079
2026-05-15T13:20:00,7458.5,7466.0,7457.75,7465.75,12972
2026-05-15T13:25:00,7465.75,7470.5,7465.75,7466.5,13195
2026-05-15T13:30:00,7466.5,7469.5,7465.5,7469.0,10162
2026-05-15T13:35:00,7469.25,7469.75,7464.25,7467.5,8142
2026-05-15T13:40:00,7467.25,7468.0,7461.5,7465.25,7516
2026-05-15T13:45:00,7465.0,7467.25,7463.25,7464.0,6639
2026-05-15T13:50:00,7464.25,7468.25,7464.0,7467.75,5813
2026-05-15T13:55:00,7467.75,7471.0,7466.0,7470.75,7345
2026-05-15T14:00:00,7470.75,7473.5,7470.25,7472.0,9258
2026-05-15T14:05:00,7471.75,7475.75,7470.75,7471.0,10973
2026-05-15T14:10:00,7471.0,7472.75,7470.0,7471.0,6736
2026-05-15T14:15:00,7470.75,7471.5,7456.75,7458.75,17175
2026-05-15T14:20:00,7458.5,7467.75,7457.5,7463.25,12756
2026-05-15T14:25:00,7463.0,7465.25,7456.0,7458.25,10445
2026-05-15T14:30:00,7458.25,7459.25,7445.25,7449.25,20236
2026-05-15T14:35:00,7449.0,7456.0,7449.0,7455.75,11428
2026-05-15T14:40:00,7455.5,7455.5,7450.0,7454.75,7808
2026-05-15T14:45:00,7454.75,7455.5,7449.75,7453.25,6494
2026-05-15T14:50:00,7453.0,7458.0,7451.5,7457.75,9600
2026-05-15T14:55:00,7457.5,7459.75,7453.0,7457.0,9919
2026-05-15T15:00:00,7457.0,7458.5,7449.0,7449.75,10345
2026-05-15T15:05:00,7449.5,7451.75,7446.75,7448.0,12289
2026-05-15T15:10:00,7448.0,7448.25,7443.75,7447.0,12194
2026-05-15T15:15:00,7446.75,7448.0,7441.0,7445.5,11895
2026-05-15T15:20:00,7445.5,7448.5,7443.0,7443.0,11340
2026-05-15T15:25:00,7443.0,7444.75,7442.25,7442.75,9375
2026-05-15T15:30:00,7442.5,7447.75,7442.25,7445.0,12984
2026-05-15T15:35:00,7445.0,7449.0,7442.0,7447.75,9286
2026-05-15T15:40:00,7448.0,7449.5,7440.5,7441.5,14533
2026-05-15T15:45:00,7441.5,7445.75,7439.25,7444.0,16996
2026-05-15T15:50:00,7444.0,7444.0,7429.5,7431.0,32345
2026-05-15T15:55:00,7431.0,7434.75,7427.0,7432.5,119854
2026-05-18T09:30:00,7438.25,7440.75,7424.75,7425.75,39200
2026-05-18T09:35:00,7425.5,7429.5,7422.5,7427.0,28288
2026-05-18T09:40:00,7427.25,7431.5,7419.5,7420.0,35107
2026-05-18T09:45:00,7420.0,7433.0,7415.25,7428.5,36493
2026-05-18T09:50:00,7428.25,7449.25,7428.25,7449.0,29500
2026-05-18T09:55:00,7449.25,7454.25,7444.25,7445.75,29026
2026-05-18T10:00:00,7445.75,7445.75,7428.75,7431.5,29517
2026-05-18T10:05:00,7431.5,7444.0,7425.75,7443.75,33115
2026-05-18T10:10:00,7443.75,7447.0,7435.75,7439.25,26296
2026-05-18T10:15:00,7439.0,7447.5,7438.0,7445.75,18825
2026-05-18T10:20:00,7445.75,7448.0,7435.5,7440.25,20283
2026-05-18T10:25:00,7440.25,7444.0,7432.25,7435.25,18924
2026-05-18T10:30:00,7435.0,7438.5,7411.5,7414.5,31828
2026-05-18T10:35:00,7414.25,7421.5,7404.25,7419.5,34492
2026-05-18T10:40:00,7419.5,7427.5,7411.25,7423.0,24006
2026-05-18T10:45:00,7423.0,7424.25,7412.5,7415.25,21099
2026-05-18T10:50:00,7415.25,7428.0,7414.25,7422.0,21523
2026-05-18T10:55:00,7421.75,7426.0,7420.0,7423.0,15212
2026-05-18T11:00:00,7423.0,7430.5,7407.5,7413.25,36688
2026-05-18T11:05:00,7413.0,7416.75,7407.5,7408.0,17713
2026-05-18T11:10:00,7407.75,7415.0,7404.75,7412.25,19250
2026-05-18T11:15:00,7412.25,7414.25,7399.25,7403.25,15909
2026-05-18T11:20:00,7403.25,7407.25,7399.5,7403.5,17982
2026-05-18T11:25:00,7403.5,7409.0,7395.25,7396.25,17431
2026-05-18T11:30:00,7396.25,7405.75,7391.75,7405.25,19829
2026-05-18T11:35:00,7405.25,7413.0,7404.5,7408.0,16371
2026-05-18T11:40:00,7408.0,7414.0,7401.75,7402.5,12486
2026-05-18T11:45:00,7402.25,7410.0,7401.25,7404.75,10916
2026-05-18T11:50:00,7405.0,7409.75,7399.75,7409.0,10653
2026-05-18T11:55:00,7408.75,7411.75,7401.5,7403.0,11192
2026-05-18T12:00:00,7403.0,7405.0,7396.75,7398.75,14439
2026-05-18T12:05:00,7398.75,7404.5,7397.75,7402.25,9626
2026-05-18T12:10:00,7402.25,7409.25,7401.75,7409.25,12445
2026-05-18T12:15:00,7409.0,7413.5,7408.0,7412.0,11180
2026-05-18T12:20:00,7412.0,7419.0,7405.0,7407.75,22345
2026-05-18T12:25:00,7408.0,7408.75,7384.75,7388.25,28790
2026-05-18T12:30:00,7388.25,7398.25,7381.75,7394.25,22965
2026-05-18T12:35:00,7394.25,7401.0,7393.0,7397.0,12841
2026-05-18T12:40:00,7397.25,7397.75,7390.5,7391.25,11412
2026-05-18T12:45:00,7391.25,7395.5,7391.0,7394.5,8158
2026-05-18T12:50:00,7394.5,7408.75,7394.25,7408.0,18123
2026-05-18T12:55:00,7408.0,7413.5,7403.75,7404.75,18882
2026-05-18T13:00:00,7405.0,7409.75,7399.25,7408.75,14428
2026-05-18T13:05:00,7408.5,7413.25,7406.5,7410.0,11960
2026-05-18T13:10:00,7410.25,7414.75,7407.25,7407.5,8203
2026-05-18T13:15:00,7407.25,7414.0,7405.5,7412.25,8491
2026-05-18T13:20:00,7412.25,7412.5,7406.0,7408.75,6961
2026-05-18T13:25:00,7408.5,7413.75,7406.75,7413.5,6310
2026-05-18T13:30:00,7413.5,7414.0,7406.25,7408.25,7900
2026-05-18T13:35:00,7408.0,7408.25,7402.0,7404.25,10895
2026-05-18T13:40:00,7404.0,7411.25,7403.0,7407.75,9194
2026-05-18T13:45:00,7408.0,7409.25,7403.25,7406.25,7435
2026-05-18T13:50:00,7406.25,7413.0,7405.75,7409.25,7212
2026-05-18T13:55:00,7409.25,7411.75,7407.0,7410.0,5106
2026-05-18T14:00:00,7410.0,7411.25,7397.75,7398.25,12685
2026-05-18T14:05:00,7398.5,7400.75,7393.5,7395.5,10923
2026-05-18T14:10:00,7395.75,7397.75,7390.0,7390.25,10841
2026-05-18T14:15:00,7390.5,7391.25,7381.5,7384.5,15789
2026-05-18T14:20:00,7384.25,7386.0,7380.75,7383.0,13184
2026-05-18T14:25:00,7382.75,7387.0,7376.5,7387.0,18589
2026-05-18T14:30:00,7387.0,7391.75,7384.75,7387.5,13496
2026-05-18T14:35:00,7387.5,7390.75,7383.5,7383.5,9205
2026-05-18T14:40:00,7383.5,7385.75,7379.25,7385.5,10852
2026-05-18T14:45:00,7385.5,7387.25,7378.75,7379.0,9990
2026-05-18T14:50:00,7379.0,7381.0,7374.25,7377.0,15461
2026-05-18T14:55:00,7377.0,7381.25,7373.5,7376.5,13575
2026-05-18T15:00:00,7376.5,7420.5,7376.0,7404.25,59305
2026-05-18T15:05:00,7404.5,7411.0,7395.5,7403.0,30408
2026-05-18T15:10:00,7403.0,7407.25,7398.75,7400.75,18108
2026-05-18T15:15:00,7400.75,7405.25,7395.5,7397.25,16994
2026-05-18T15:20:00,7397.5,7402.0,7391.5,7392.0,12940
2026-05-18T15:25:00,7392.25,7395.75,7386.5,7395.0,12201
2026-05-18T15:30:00,7395.0,7403.5,7392.75,7400.75,12971
2026-05-18T15:35:00,7401.0,7410.75,7400.75,7410.25,13909
2026-05-18T15:40:00,7410.25,7419.0,7410.0,7418.5,20785
2026-05-18T15:45:00,7418.25,7425.25,7415.75,7423.5,19560
2026-05-18T15:50:00,7423.5,7427.75,7418.75,7425.0,27868
2026-05-18T15:55:00,7425.0,7428.0,7418.5,7426.5,70882
2026-05-19T09:30:00,7386.75,7392.25,7380.5,7384.5,41479
2026-05-19T09:35:00,7384.5,7396.0,7377.5,7393.25,37446
2026-05-19T09:40:00,7393.0,7394.0,7373.5,7375.0,37676
2026-05-19T09:45:00,7375.0,7392.5,7370.0,7384.75,44498
2026-05-19T09:50:00,7384.75,7399.0,7381.0,7397.0,28439
2026-05-19T09:55:00,7397.0,7402.0,7391.0,7392.0,28881
2026-05-19T10:00:00,7392.5,7393.0,7378.75,7388.75,34266
2026-05-19T10:05:00,7388.75,7390.0,7367.25,7372.25,38410
2026-05-19T10:10:00,7372.25,7378.0,7367.0,7368.0,32214
2026-05-19T10:15:00,7368.0,7370.5,7362.5,7364.25,28753
2026-05-19T10:20:00,7364.5,7366.75,7356.25,7366.0,34738
2026-05-19T10:25:00,7366.0,7370.0,7360.25,7363.25,28119
2026-05-19T10:30:00,7363.25,7372.5,7359.25,7361.75,24805
2026-05-19T10:35:00,7361.75,7371.25,7361.5,7368.75,19488
2026-05-19T10:40:00,7369.0,7374.0,7363.5,7366.5,20703
2026-05-19T10:45:00,7366.5,7368.5,7354.25,7358.25,20560
2026-05-19T10:50:00,7358.25,7362.25,7354.75,7358.0,18792
2026-05-19T10:55:00,7357.75,7371.0,7357.0,7370.75,18757
2026-05-19T11:00:00,7370.75,7375.0,7366.75,7373.0,18058
2026-05-19T11:05:00,7373.0,7374.0,7365.5,7371.75,18779
2026-05-19T11:10:00,7371.5,7376.25,7371.5,7374.5,15951
2026-05-19T11:15:00,7374.75,7378.75,7368.75,7369.0,17572
2026-05-19T11:20:00,7369.0,7371.25,7358.5,7359.0,18270
2026-05-19T11:25:00,7359.0,7365.5,7355.75,7361.25,19554
2026-05-19T11:30:00,7361.25,7372.0,7359.25,7365.25,19291
2026-05-19T11:35:00,7365.25,7374.75,7362.75,7373.0,15013
2026-05-19T11:40:00,7373.0,7378.5,7370.5,7374.25,16376
2026-05-19T11:45:00,7374.5,7378.0,7370.75,7378.0,10018
2026-05-19T11:50:00,7377.75,7378.5,7370.25,7372.75,11076
2026-05-19T11:55:00,7372.5,7372.5,7364.5,7368.75,12502
2026-05-19T12:00:00,7368.75,7379.0,7368.0,7375.75,14550
2026-05-19T12:05:00,7375.75,7376.25,7364.75,7365.25,11454
2026-05-19T12:10:00,7365.0,7367.5,7361.75,7366.75,11394
2026-05-19T12:15:00,7367.0,7376.5,7366.5,7376.0,11331
2026-05-19T12:20:00,7375.75,7379.75,7372.5,7379.75,9721
2026-05-19T12:25:00,7379.75,7386.5,7379.75,7384.0,18214
2026-05-19T12:30:00,7384.0,7390.5,7382.25,7387.5,18602
2026-05-19T12:35:00,7387.5,7390.0,7383.5,7389.5,11887
2026-05-19T12:40:00,7389.5,7393.5,7389.25,7393.25,12926
2026-05-19T12:45:00,7393.25,7395.5,7391.25,7394.0,12469
2026-05-19T12:50:00,7394.0,7400.25,7392.25,7399.0,13677
2026-05-19T12:55:00,7399.25,7402.0,7398.0,7400.25,13767
2026-05-19T13:00:00,7400.25,7406.25,7398.25,7405.25,12670
2026-05-19T13:05:00,7405.25,7406.25,7402.5,7405.25,10019
2026-05-19T13:10:00,7405.25,7409.25,7404.5,7407.75,10101
2026-05-19T13:15:00,7407.75,7412.75,7407.5,7412.0,11890
2026-05-19T13:20:00,7411.75,7415.25,7409.75,7414.25,12701
2026-05-19T13:25:00,7414.25,7415.0,7406.25,7409.0,15229
2026-05-19T13:30:00,7409.0,7414.75,7406.5,7406.5,11565
2026-05-19T13:35:00,7406.75,7411.5,7406.0,7411.25,9521
2026-05-19T13:40:00,7411.25,7413.5,7408.75,7410.25,10405
2026-05-19T13:45:00,7410.25,7410.5,7402.0,7406.25,12832
2026-05-19T13:50:00,7406.5,7406.5,7399.25,7403.5,11501
2026-05-19T13:55:00,7403.75,7407.0,7402.0,7406.75,9407
2026-05-19T14:00:00,7406.75,7409.25,7404.75,7408.0,10437
2026-05-19T14:05:00,7408.0,7410.5,7405.5,7410.0,7792
2026-05-19T14:10:00,7410.0,7411.75,7408.5,7408.75,7709
2026-05-19T14:15:00,7408.5,7410.0,7404.5,7407.0,8128
2026-05-19T14:20:00,7406.75,7407.25,7397.5,7401.5,15942
2026-05-19T14:25:00,7401.5,7406.25,7396.75,7397.5,13934
2026-05-19T14:30:00,7397.5,7401.5,7394.25,7399.5,13775
2026-05-19T14:35:00,7399.5,7402.25,7395.0,7395.75,9278
2026-05-19T14:40:00,7395.5,7397.75,7394.0,7397.0,9728
2026-05-19T14:45:00,7397.0,7397.25,7392.0,7395.5,8583
2026-05-19T14:50:00,7395.5,7395.75,7387.5,7387.75,9419
2026-05-19T14:55:00,7387.5,7387.5,7380.0,7383.0,17849
2026-05-19T15:00:00,7382.75,7388.0,7382.0,7384.5,12905
2026-05-19T15:05:00,7384.5,7393.25,7383.25,7391.0,11967
2026-05-19T15:10:00,7391.25,7399.5,7390.75,7399.0,10375
2026-05-19T15:15:00,7399.25,7400.5,7392.0,7392.0,10019
2026-05-19T15:20:00,7392.0,7393.5,7380.75,7380.75,12831
2026-05-19T15:25:00,7380.75,7387.5,7377.5,7386.5,13817
2026-05-19T15:30:00,7386.5,7389.25,7381.75,7382.0,10436
2026-05-19T15:35:00,7382.0,7383.75,7378.5,7380.75,9028
2026-05-19T15:40:00,7380.75,7381.0,7376.5,7377.5,12019
2026-05-19T15:45:00,7377.5,7379.5,7375.0,7377.25,12925
2026-05-19T15:50:00,7377.0,7378.0,7366.5,7367.75,26104
2026-05-19T15:55:00,7368.0,7379.5,7365.0,7377.5,120739
2026-05-20T09:30:00,7394.75,7399.0,7389.0,7394.5,37863
2026-05-20T09:35:00,7394.5,7394.5,7380.75,7387.0,33620
2026-05-20T09:40:00,7387.0,7400.0,7384.5,7398.25,26488
2026-05-20T09:45:00,7398.0,7410.5,7397.25,7398.5,29797
2026-05-20T09:50:00,7398.5,7404.75,7391.25,7398.0,24585
2026-05-20T09:55:00,7398.25,7401.25,7395.0,7399.5,16174
2026-05-20T10:00:00,7399.75,7401.0,7388.75,7389.75,20463
2026-05-20T10:05:00,7389.75,7391.25,7384.0,7385.5,16068
2026-05-20T10:10:00,7385.75,7397.75,7376.75,7391.25,37526
2026-05-20T10:15:00,7391.25,7423.75,7390.0,7411.5,55328
2026-05-20T10:20:00,7411.75,7420.25,7405.0,7407.25,36444
2026-05-20T10:25:00,7407.5,7417.75,7403.25,7417.75,23649
2026-05-20T10:30:00,7417.5,7428.75,7417.5,7420.5,35402
2026-05-20T10:35:00,7420.5,7422.75,7412.75,7418.0,23532
2026-05-20T10:40:00,7417.75,7421.5,7414.75,7421.5,14456
2026-05-20T10:45:00,7421.5,7423.5,7414.5,7418.75,16583
2026-05-20T10:50:00,7419.0,7426.75,7417.25,7426.0,15336
2026-05-20T10:55:00,7425.75,7433.75,7424.25,7430.75,24206
2026-05-20T11:00:00,7430.75,7434.0,7426.25,7427.0,17537
2026-05-20T11:05:00,7427.0,7429.0,7424.5,7427.5,12776
2026-05-20T11:10:00,7427.5,7428.5,7425.0,7426.5,8675
2026-05-20T11:15:00,7426.5,7458.0,7426.5,7442.5,73138
2026-05-20T11:20:00,7442.5,7446.25,7438.75,7440.5,22483
2026-05-20T11:25:00,7440.5,7441.5,7430.25,7431.0,22900
2026-05-20T11:30:00,7431.5,7438.25,7431.25,7438.25,17639
2026-05-20T11:35:00,7438.25,7440.5,7437.0,7438.0,11911
2026-05-20T11:40:00,7438.0,7443.25,7435.5,7442.0,12256
2026-05-20T11:45:00,7442.0,7446.5,7440.75,7446.5,8515
2026-05-20T11:50:00,7446.5,7448.5,7443.75,7446.0,10520
2026-05-20T11:55:00,7446.0,7446.5,7438.0,7441.25,18058
2026-05-20T12:00:00,7441.5,7442.75,7437.5,7441.5,9196
2026-05-20T12:05:00,7441.5,7444.25,7439.0,7440.5,6715
2026-05-20T12:10:00,7440.5,7442.0,7437.25,7439.75,7436
2026-05-20T12:15:00,7439.5,7440.25,7434.0,7435.75,9398
2026-05-20T12:20:00,7435.75,7436.5,7427.5,7430.75,20398
2026-05-20T12:25:00,7430.5,7430.5,7424.0,7428.0,15151
2026-05-20T12:30:00,7428.25,7432.5,7424.5,7425.75,13566
2026-05-20T12:35:00,7425.75,7429.5,7423.75,7427.25,9113
2026-05-20T12:40:00,7427.25,7438.25,7426.5,7438.0,13246
2026-05-20T12:45:00,7437.75,7439.0,7426.75,7430.0,14301
2026-05-20T12:50:00,7430.0,7433.75,7430.0,7433.25,7265
2026-05-20T12:55:00,7433.25,7434.75,7425.5,7432.5,10799
2026-05-20T13:00:00,7432.75,7436.0,7428.5,7429.75,8737
2026-05-20T13:05:00,7429.75,7430.75,7427.25,7428.75,7017
2026-05-20T13:10:00,7429.0,7440.0,7426.25,7435.25,16895
2026-05-20T13:15:00,7435.0,7438.25,7433.75,7436.0,8274
2026-05-20T13:20:00,7436.0,7438.5,7433.75,7435.0,6700
2026-05-20T13:25:00,7435.0,7442.5,7434.75,7440.25,11310
2026-05-20T13:30:00,7440.5,7443.0,7436.75,7438.75,10096
2026-05-20T13:35:00,7438.75,7446.0,7438.0,7443.0,11797
2026-05-20T13:40:00,7442.75,7443.5,7439.75,7441.5,5592
2026-05-20T13:45:00,7441.5,7442.25,7438.0,7440.25,5474
2026-05-20T13:50:00,7440.25,7441.0,7435.0,7435.0,7444
2026-05-20T13:55:00,7435.25,7438.25,7434.75,7437.25,4114
2026-05-20T14:00:00,7437.5,7441.0,7432.0,7439.75,9869
2026-05-20T14:05:00,7439.5,7443.75,7438.25,7439.25,6103
2026-05-20T14:10:00,7439.25,7440.5,7437.0,7439.25,5639
2026-05-20T14:15:00,7439.25,7441.75,7438.5,7439.5,5304
2026-05-20T14:20:00,7439.5,7440.75,7435.25,7435.75,6343
2026-05-20T14:25:00,7435.75,7440.0,7435.0,7439.75,7725
2026-05-20T14:30:00,7439.5,7443.0,7439.5,7442.5,5852
2026-05-20T14:35:00,7442.5,7447.25,7441.5,7446.0,8220
2026-05-20T14:40:00,7446.25,7446.5,7436.25,7436.75,9813
2026-05-20T14:45:00,7436.5,7441.25,7435.25,7439.5,9125
2026-05-20T14:50:00,7439.5,7441.5,7437.25,7439.25,5627
2026-05-20T14:55:00,7439.25,7441.75,7439.25,7440.25,5416
2026-05-20T15:00:00,7440.5,7446.0,7440.0,7440.75,9458
2026-05-20T15:05:00,7441.0,7442.75,7439.5,7440.75,7068
2026-05-20T15:10:00,7440.75,7444.5,7439.0,7444.25,5862
2026-05-20T15:15:00,7444.0,7446.5,7442.75,7445.5,5746
2026-05-20T15:20:00,7445.5,7448.5,7444.5,7446.0,6615
2026-05-20T15:25:00,7446.25,7447.5,7445.5,7447.0,5811
2026-05-20T15:30:00,7447.0,7448.5,7444.25,7447.25,6923
2026-05-20T15:35:00,7447.5,7455.0,7447.5,7452.75,13372
2026-05-20T15:40:00,7452.75,7453.5,7450.5,7451.25,8458
2026-05-20T15:45:00,7451.0,7453.0,7448.75,7449.75,9837
2026-05-20T15:50:00,7449.75,7453.75,7444.5,7449.0,20622
2026-05-20T15:55:00,7448.75,7453.0,7446.75,7451.75,65367
2026-05-21T09:30:00,7423.75,7424.5,7413.25,7422.25,39928
2026-05-21T09:35:00,7422.5,7423.0,7412.0,7413.75,28202
2026-05-21T09:40:00,7414.0,7419.75,7411.25,7413.25,19796
2026-05-21T09:45:00,7413.75,7420.75,7410.5,7412.5,22835
2026-05-21T09:50:00,7412.5,7435.0,7412.0,7433.5,46809
2026-05-21T09:55:00,7433.25,7439.5,7428.25,7435.5,26972
2026-05-21T10:00:00,7435.25,7443.75,7433.75,7438.0,23454
2026-05-21T10:05:00,7438.0,7441.75,7433.75,7441.5,17218
2026-05-21T10:10:00,7441.5,7442.25,7429.5,7431.5,22751
2026-05-21T10:15:00,7431.25,7432.75,7419.5,7419.75,30592
2026-05-21T10:20:00,7419.5,7421.75,7411.5,7416.0,30824
2026-05-21T10:25:00,7416.0,7423.75,7414.5,7422.25,18530
2026-05-21T10:30:00,7422.25,7430.25,7418.5,7421.75,18115
2026-05-21T10:35:00,7421.75,7428.75,7421.0,7426.5,14321
2026-05-21T10:40:00,7426.5,7427.75,7417.0,7422.75,14881
2026-05-21T10:45:00,7422.75,7425.5,7413.5,7418.5,15800
2026-05-21T10:50:00,7418.75,7423.5,7414.25,7423.25,15158
2026-05-21T10:55:00,7423.25,7430.0,7421.5,7426.75,13235
2026-05-21T11:00:00,7426.75,7428.75,7420.75,7422.5,15593
2026-05-21T11:05:00,7422.5,7423.0,7410.0,7414.0,23332
2026-05-21T11:10:00,7414.0,7430.75,7408.5,7427.0,35149
2026-05-21T11:15:00,7427.0,7429.0,7424.0,7427.0,16276
2026-05-21T11:20:00,7426.75,7431.0,7424.25,7426.0,17341
2026-05-21T11:25:00,7426.0,7428.25,7424.0,7425.25,14382
2026-05-21T11:30:00,7425.0,7427.25,7415.0,7416.75,16918
2026-05-21T11:35:00,7416.75,7427.0,7415.25,7426.75,14333
2026-05-21T11:40:00,7427.0,7430.75,7424.5,7428.5,12399
2026-05-21T11:45:00,7428.5,7434.5,7428.25,7434.25,11497
2026-05-21T11:50:00,7434.25,7435.75,7431.25,7432.5,9607
2026-05-21T11:55:00,7432.5,7434.0,7429.25,7430.0,8594
2026-05-21T12:00:00,7430.25,7436.5,7430.0,7434.75,12831
2026-05-21T12:05:00,7434.75,7437.0,7431.0,7436.75,8376
2026-05-21T12:10:00,7436.75,7436.75,7429.5,7431.75,14234
2026-05-21T12:15:00,7431.75,7432.75,7427.5,7429.0,7993
2026-05-21T12:20:00,7428.75,7430.75,7420.75,7425.25,11472
2026-05-21T12:25:00,7425.25,7426.5,7422.25,7425.25,7469
2026-05-21T12:30:00,7425.25,7429.0,7423.5,7427.5,7538
2026-05-21T12:35:00,7427.5,7429.0,7420.75,7424.5,7930
2026-05-21T12:40:00,7424.5,7427.25,7422.25,7426.5,5479
2026-05-21T12:45:00,7426.5,7429.0,7419.75,7422.0,8551
2026-05-21T12:50:00,7422.0,7424.75,7418.0,7423.25,7868
2026-05-21T12:55:00,7423.25,7426.5,7422.5,7426.25,7574
2026-05-21T13:00:00,7426.25,7430.5,7426.25,7427.75,6985
2026-05-21T13:05:00,7427.5,7430.0,7427.0,7427.75,5247
2026-05-21T13:10:00,7427.5,7449.25,7427.25,7442.25,44242
2026-05-21T13:15:00,7442.25,7462.0,7440.75,7454.75,41208
2026-05-21T13:20:00,7454.75,7468.0,7447.75,7457.5,36096
2026-05-21T13:25:00,7457.25,7460.5,7455.25,7459.0,13579
2026-05-21T13:30:00,7459.0,7464.25,7457.0,7460.25,15058
2026-05-21T13:35:00,7460.5,7466.25,7460.0,7465.5,10248
2026-05-21T13:40:00,7465.25,7474.0,7465.25,7473.0,18723
2026-05-21T13:45:00,7473.0,7476.25,7469.0,7475.75,13659
2026-05-21T13:50:00,7475.75,7484.25,7473.5,7483.5,18584
2026-05-21T13:55:00,7483.5,7486.75,7474.25,7474.5,20583
2026-05-21T14:00:00,7474.5,7478.75,7466.0,7467.0,24748
2026-05-21T14:05:00,7467.25,7474.0,7464.75,7472.0,16452
2026-05-21T14:10:00,7472.0,7472.75,7465.0,7466.25,15581
2026-05-21T14:15:00,7466.25,7469.75,7463.0,7469.5,12652
2026-05-21T14:20:00,7469.25,7473.25,7467.75,7473.0,10233
2026-05-21T14:25:00,7473.0,7473.75,7469.5,7471.0,8107
2026-05-21T14:30:00,7470.75,7473.0,7468.5,7470.5,8855
2026-05-21T14:35:00,7470.5,7471.5,7466.5,7468.25,7073
2026-05-21T14:40:00,7468.5,7474.5,7468.25,7472.5,7322
2026-05-21T14:45:00,7472.5,7474.0,7458.5,7461.25,23185
2026-05-21T14:50:00,7461.0,7467.25,7440.25,7440.75,35592
2026-05-21T14:55:00,7440.75,7447.75,7438.0,7447.75,25898
2026-05-21T15:00:00,7447.5,7456.5,7447.25,7456.0,14049
2026-05-21T15:05:00,7456.25,7462.25,7450.0,7461.75,16417
2026-05-21T15:10:00,7461.75,7463.0,7457.75,7462.75,9853
2026-05-21T15:15:00,7462.75,7466.0,7461.75,7465.25,9504
2026-05-21T15:20:00,7465.25,7466.5,7461.5,7464.0,7495
2026-05-21T15:25:00,7464.0,7466.5,7461.25,7464.5,9832
2026-05-21T15:30:00,7464.25,7466.5,7460.75,7461.5,7847
2026-05-21T15:35:00,7461.5,7466.0,7461.5,7464.75,6447
2026-05-21T15:40:00,7464.75,7467.75,7458.5,7461.5,10702
2026-05-21T15:45:00,7461.25,7466.0,7459.25,7463.75,9898
2026-05-21T15:50:00,7464.0,7467.75,7456.75,7460.5,23784
2026-05-21T15:55:00,7460.5,7469.75,7457.5,7465.0,82337
2026-05-22T09:30:00,7496.75,7508.0,7491.0,7506.5,33462
2026-05-22T09:35:00,7506.5,7514.25,7504.75,7512.75,22643
2026-05-22T09:40:00,7512.75,7516.25,7504.0,7508.5,31383
2026-05-22T09:45:00,7508.25,7515.75,7504.75,7508.25,21085
2026-05-22T09:50:00,7508.5,7509.0,7500.5,7507.25,18269
2026-05-22T09:55:00,7507.0,7510.0,7501.75,7509.75,12819
2026-05-22T10:00:00,7510.0,7510.0,7492.0,7496.25,24415
2026-05-22T10:05:00,7496.25,7496.25,7486.0,7495.5,22736
2026-05-22T10:10:00,7495.5,7497.75,7489.25,7489.75,14397
2026-05-22T10:15:00,7490.0,7495.0,7488.0,7488.75,13487
2026-05-22T10:20:00,7488.75,7490.25,7478.75,7484.0,19001
2026-05-22T10:25:00,7484.0,7491.5,7482.75,7491.25,16001
2026-05-22T10:30:00,7491.25,7494.5,7488.5,7493.75,15105
2026-05-22T10:35:00,7493.75,7497.5,7493.0,7494.75,12013
2026-05-22T10:40:00,7494.75,7499.75,7493.75,7498.0,9922
2026-05-22T10:45:00,7498.0,7499.0,7492.0,7496.0,11687
2026-05-22T10:50:00,7495.75,7496.75,7493.25,7496.5,8453
2026-05-22T10:55:00,7496.5,7501.75,7495.25,7499.5,10559
2026-05-22T11:00:00,7499.5,7503.25,7498.75,7502.5,9087
2026-05-22T11:05:00,7502.5,7506.0,7501.25,7505.0,9734
2026-05-22T11:10:00,7505.0,7505.75,7501.5,7504.75,7503
2026-05-22T11:15:00,7504.75,7509.25,7503.25,7508.75,8678
2026-05-22T11:20:00,7509.0,7509.25,7505.25,7507.0,8606
2026-05-22T11:25:00,7507.0,7513.75,7505.25,7513.5,11690
2026-05-22T11:30:00,7513.5,7515.25,7509.75,7510.75,13661
2026-05-22T11:35:00,7510.75,7513.5,7509.25,7511.25,8138
2026-05-22T11:40:00,7511.25,7512.5,7509.0,7512.0,6135
2026-05-22T11:45:00,7512.25,7513.0,7507.75,7508.5,7680
2026-05-22T11:50:00,7508.5,7512.0,7508.25,7510.75,7494
2026-05-22T11:55:00,7510.75,7511.75,7509.0,7510.75,6800
2026-05-22T12:00:00,7510.75,7512.25,7506.75,7510.5,10000
2026-05-22T12:05:00,7510.5,7511.0,7507.0,7507.75,6178
2026-05-22T12:10:00,7508.0,7510.25,7506.0,7508.5,6643
2026-05-22T12:15:00,7508.25,7508.5,7503.5,7503.75,9413
2026-05-22T12:20:00,7503.5,7508.0,7502.75,7504.25,5716
2026-05-22T12:25:00,7504.0,7508.25,7503.0,7508.25,7200
2026-05-22T12:30:00,7508.25,7511.0,7504.25,7504.75,8495
2026-05-22T12:35:00,7504.5,7507.75,7502.75,7504.5,5396
2026-05-22T12:40:00,7504.5,7507.25,7503.5,7504.5,4651
2026-05-22T12:45:00,7504.5,7510.0,7504.5,7506.0,6304
2026-05-22T12:50:00,7506.25,7509.5,7505.0,7509.25,4514
2026-05-22T12:55:00,7509.25,7509.25,7505.25,7507.25,5747
2026-05-22T13:00:00,7507.25,7512.5,7507.0,7512.5,6260
2026-05-22T13:05:00,7512.5,7513.5,7511.0,7512.0,5324
2026-05-22T13:10:00,7511.75,7513.0,7510.0,7510.5,5766
2026-05-22T13:15:00,7510.75,7512.5,7501.75,7502.5,9039
2026-05-22T13:20:00,7502.75,7508.5,7501.5,7508.0,10164
2026-05-22T13:25:00,7508.0,7522.5,7507.5,7522.25,35199
2026-05-22T13:30:00,7522.0,7524.0,7513.0,7513.75,22881
2026-05-22T13:35:00,7514.0,7519.0,7512.25,7517.25,9076
2026-05-22T13:40:00,7517.5,7518.0,7513.5,7514.75,7029
2026-05-22T13:45:00,7514.75,7515.5,7511.25,7511.5,6424
2026-05-22T13:50:00,7511.5,7512.5,7505.25,7507.5,10772
2026-05-22T13:55:00,7507.5,7510.75,7507.0,7508.25,5897
2026-05-22T14:00:00,7508.25,7511.5,7502.5,7505.75,13760
2026-05-22T14:05:00,7505.75,7508.75,7505.25,7507.75,4905
2026-05-22T14:10:00,7507.5,7509.0,7504.25,7506.5,4985
2026-05-22T14:15:00,7506.5,7509.25,7503.75,7507.5,6862
2026-05-22T14:20:00,7507.75,7510.0,7506.75,7509.75,4554
2026-05-22T14:25:00,7509.75,7510.25,7506.0,7507.0,5037
2026-05-22T14:30:00,7507.25,7508.0,7504.75,7506.75,4504
2026-05-22T14:35:00,7507.0,7508.75,7502.25,7506.0,11817
2026-05-22T14:40:00,7505.75,7509.0,7505.5,7507.5,6185
2026-05-22T14:45:00,7507.75,7509.0,7503.5,7505.0,6291
2026-05-22T14:50:00,7504.75,7508.75,7504.25,7507.75,5117
2026-05-22T14:55:00,7507.75,7507.75,7505.25,7505.5,3658
2026-05-22T15:00:00,7505.5,7506.75,7496.0,7499.75,17638
2026-05-22T15:05:00,7499.75,7500.5,7495.5,7498.75,8268
2026-05-22T15:10:00,7498.75,7500.5,7495.75,7498.0,6679
2026-05-22T15:15:00,7498.0,7498.75,7494.5,7497.75,8036
2026-05-22T15:20:00,7497.75,7498.0,7493.75,7496.0,7590
2026-05-22T15:25:00,7495.75,7496.25,7489.0,7489.75,8824
2026-05-22T15:30:00,7490.0,7493.5,7486.5,7492.25,13503
2026-05-22T15:35:00,7492.25,7495.5,7490.75,7492.75,8082
2026-05-22T15:40:00,7492.75,7494.0,7487.5,7490.5,8127
2026-05-22T15:45:00,7490.75,7491.0,7483.75,7489.0,11518
2026-05-22T15:50:00,7489.0,7492.0,7484.5,7489.0,16418
2026-05-22T15:55:00,7488.75,7497.0,7488.5,7490.5,57219
2026-05-26T09:30:00,7534.0,7538.25,7527.25,7528.25,37514
2026-05-26T09:35:00,7528.25,7533.75,7525.0,7531.25,23028
2026-05-26T09:40:00,7531.25,7540.75,7530.25,7540.0,21664
2026-05-26T09:45:00,7540.0,7545.0,7539.75,7543.5,18871
2026-05-26T09:50:00,7543.5,7544.0,7529.5,7535.0,31165
2026-05-26T09:55:00,7535.25,7541.5,7534.5,7541.5,15532
2026-05-26T10:00:00,7541.5,7545.5,7539.0,7544.75,16754
2026-05-26T10:05:00,7545.0,7548.25,7544.5,7547.0,14067
2026-05-26T10:10:00,7547.0,7548.5,7544.5,7548.25,13426
2026-05-26T10:15:00,7548.25,7550.25,7545.25,7549.75,11908
2026-05-26T10:20:00,7549.75,7552.0,7548.25,7549.25,13496
2026-05-26T10:25:00,7549.25,7552.75,7546.75,7549.75,13434
2026-05-26T10:30:00,7549.5,7551.75,7547.25,7548.0,13173
2026-05-26T10:35:00,7547.75,7555.25,7547.5,7551.25,15639
2026-05-26T10:40:00,7551.25,7555.25,7551.0,7554.25,9451
2026-05-26T10:45:00,7554.25,7554.75,7551.0,7551.0,10214
2026-05-26T10:50:00,7551.0,7554.25,7548.0,7549.25,9457
2026-05-26T10:55:00,7549.5,7549.75,7545.75,7547.75,12349
2026-05-26T11:00:00,7548.0,7548.75,7540.0,7541.5,18930
2026-05-26T11:05:00,7541.5,7543.5,7537.25,7542.75,16731
2026-05-26T11:10:00,7542.5,7543.5,7538.5,7539.5,13356
2026-05-26T11:15:00,7539.5,7539.5,7534.0,7537.5,15633
2026-05-26T11:20:00,7537.5,7538.25,7533.25,7535.25,13746
2026-05-26T11:25:00,7535.25,7537.75,7530.75,7532.0,13186
2026-05-26T11:30:00,7532.0,7533.75,7528.75,7532.0,13893
2026-05-26T11:35:00,7531.75,7533.5,7525.25,7532.0,14095
2026-05-26T11:40:00,7532.0,7532.5,7526.0,7527.25,12910
2026-05-26T11:45:00,7527.25,7527.75,7523.0,7524.5,14792
2026-05-26T11:50:00,7524.25,7525.75,7517.25,7518.75,17084
2026-05-26T11:55:00,7518.75,7524.0,7517.0,7523.25,15731
2026-05-26T12:00:00,7523.0,7527.75,7523.0,7525.75,11833
2026-05-26T12:05:00,7525.75,7527.5,7521.5,7522.25,7874
2026-05-26T12:10:00,7522.25,7525.0,7519.75,7522.5,8710
2026-05-26T12:15:00,7522.5,7527.25,7521.5,7526.5,6491
2026-05-26T12:20:00,7526.75,7528.5,7525.0,7527.75,6592
2026-05-26T12:25:00,7528.0,7531.25,7527.25,7530.75,7545
2026-05-26T12:30:00,7531.0,7534.0,7530.25,7533.25,11394
2026-05-26T12:35:00,7533.25,7534.0,7530.5,7530.5,6197
2026-05-26T12:40:00,7530.5,7530.75,7525.5,7526.0,7721
2026-05-26T12:45:00,7526.0,7528.0,7522.0,7522.0,9474
2026-05-26T12:50:00,7522.25,7526.0,7522.0,7525.75,7358
2026-05-26T12:55:00,7525.75,7526.25,7523.0,7523.5,5250
2026-05-26T13:00:00,7523.5,7528.0,7522.5,7524.75,7564
2026-05-26T13:05:00,7524.75,7526.5,7523.25,7524.75,5331
2026-05-26T13:10:00,7524.75,7527.5,7523.5,7526.25,4731
2026-05-26T13:15:00,7526.25,7526.75,7520.75,7521.25,6044
2026-05-26T13:20:00,7521.25,7523.75,7520.0,7520.75,6694
2026-05-26T13:25:00,7520.75,7521.75,7518.5,7519.75,7193
2026-05-26T13:30:00,7519.75,7524.25,7518.25,7524.0,6625
2026-05-26T13:35:00,7524.0,7525.0,7521.75,7522.0,5394
2026-05-26T13:40:00,7522.0,7523.25,7519.5,7522.0,4869
2026-05-26T13:45:00,7522.0,7526.25,7522.0,7525.75,4445
2026-05-26T13:50:00,7525.75,7526.75,7524.0,7524.25,4657
2026-05-26T13:55:00,7524.0,7524.75,7521.25,7524.0,5652
2026-05-26T14:00:00,7523.75,7526.0,7521.5,7525.5,5387
2026-05-26T14:05:00,7525.5,7527.75,7524.75,7527.5,4920
2026-05-26T14:10:00,7527.5,7530.75,7527.5,7530.0,6444
2026-05-26T14:15:00,7530.25,7533.0,7530.0,7533.0,7615
2026-05-26T14:20:00,7533.25,7533.75,7531.0,7532.25,6378
2026-05-26T14:25:00,7532.5,7533.5,7529.5,7530.0,5813
2026-05-26T14:30:00,7530.0,7533.75,7530.0,7533.25,5583
2026-05-26T14:35:00,7533.25,7533.25,7529.75,7530.5,5305
2026-05-26T14:40:00,7530.75,7530.75,7527.5,7527.5,5901
2026-05-26T14:45:00,7527.5,7529.25,7526.25,7526.75,6551
2026-05-26T14:50:00,7526.75,7529.5,7525.25,7527.5,6218
2026-05-26T14:55:00,7527.25,7528.25,7523.75,7524.75,6644
2026-05-26T15:00:00,7524.5,7526.5,7522.0,7525.5,9541
2026-05-26T15:05:00,7525.75,7528.0,7524.25,7527.75,5890
2026-05-26T15:10:00,7527.5,7528.0,7525.0,7525.5,5712
2026-05-26T15:15:00,7525.25,7528.5,7525.25,7527.75,6125
2026-05-26T15:20:00,7527.75,7529.25,7526.75,7528.75,6123
2026-05-26T15:25:00,7528.5,7529.25,7527.5,7528.75,6746
2026-05-26T15:30:00,7528.5,7533.25,7528.5,7532.75,7954
2026-05-26T15:35:00,7533.0,7536.25,7532.25,7536.0,9455
2026-05-26T15:40:00,7535.75,7539.0,7535.25,7538.75,11096
2026-05-26T15:45:00,7538.75,7541.0,7537.0,7539.25,12666
2026-05-26T15:50:00,7539.25,7542.5,7537.75,7540.5,19036
2026-05-26T15:55:00,7540.25,7541.0,7534.25,7539.25,66404
2026-05-27T09:30:00,7541.75,7546.25,7539.0,7542.0,35500
2026-05-27T09:35:00,7542.0,7544.75,7535.75,7538.75,27187
2026-05-27T09:40:00,7538.5,7538.75,7525.5,7528.25,29455
2026-05-27T09:45:00,7528.25,7534.5,7526.25,7529.0,28282
2026-05-27T09:50:00,7529.0,7537.75,7528.25,7534.25,24731
2026-05-27T09:55:00,7534.25,7538.25,7531.5,7538.0,19349
2026-05-27T10:00:00,7538.0,7546.25,7535.0,7545.5,23148
2026-05-27T10:05:00,7545.75,7546.25,7534.5,7539.25,22814
2026-05-27T10:10:00,7539.25,7542.25,7535.5,7541.5,14272
2026-05-27T10:15:00,7541.5,7546.75,7539.75,7545.75,13161
2026-05-27T10:20:00,7545.75,7547.0,7534.0,7534.75,24828
2026-05-27T10:25:00,7534.75,7535.0,7528.75,7533.75,23010
2026-05-27T10:30:00,7533.75,7539.5,7525.75,7536.75,32680
2026-05-27T10:35:00,7536.5,7543.0,7534.5,7542.75,16707
2026-05-27T10:40:00,7542.75,7543.5,7535.25,7537.5,14773
2026-05-27T10:45:00,7537.75,7538.75,7532.75,7532.75,11931
2026-05-27T10:50:00,7533.0,7537.25,7532.75,7536.25,9954
2026-05-27T10:55:00,7536.25,7536.25,7528.0,7530.0,14016
2026-05-27T11:00:00,7530.0,7534.0,7527.0,7530.75,16992
2026-05-27T11:05:00,7530.5,7534.75,7528.5,7533.25,8749
2026-05-27T11:10:00,7533.0,7534.75,7531.0,7531.5,7850
2026-05-27T11:15:00,7531.5,7531.75,7524.25,7524.75,11359
2026-05-27T11:20:00,7524.5,7528.0,7522.0,7527.5,13654
2026-05-27T11:25:00,7527.25,7528.75,7525.0,7528.5,10096
2026-05-27T11:30:00,7528.75,7535.0,7528.0,7531.5,18216
2026-05-27T11:35:00,7531.5,7532.25,7524.0,7524.25,11791
2026-05-27T11:40:00,7524.25,7527.75,7518.5,7519.25,17735
2026-05-27T11:45:00,7519.25,7523.75,7516.5,7520.0,18323
2026-05-27T11:50:00,7520.0,7526.0,7518.5,7523.75,14138
2026-05-27T11:55:00,7523.75,7525.75,7520.75,7524.25,8029
2026-05-27T12:00:00,7524.25,7526.25,7519.0,7521.0,13416
2026-05-27T12:05:00,7521.0,7528.0,7520.5,7528.0,8272
2026-05-27T12:10:00,7528.0,7530.5,7527.25,7529.0,8300
2026-05-27T12:15:00,7529.0,7531.5,7526.5,7527.0,7975
2026-05-27T12:20:00,7527.0,7531.0,7526.75,7530.25,5898
2026-05-27T12:25:00,7530.25,7530.5,7528.0,7529.5,6445
2026-05-27T12:30:00,7529.75,7533.25,7527.75,7531.0,6055
2026-05-27T12:35:00,7531.25,7534.75,7531.0,7533.75,5794
2026-05-27T12:40:00,7534.0,7537.5,7534.0,7535.5,7359
2026-05-27T12:45:00,7535.75,7538.25,7534.75,7538.0,7883
2026-05-27T12:50:00,7538.25,7539.75,7533.5,7534.25,8185
2026-05-27T12:55:00,7534.0,7534.25,7529.25,7531.0,8280
2026-05-27T13:00:00,7531.0,7532.0,7527.75,7528.5,7521
2026-05-27T13:05:00,7528.75,7529.75,7515.0,7516.25,16702
2026-05-27T13:10:00,7516.0,7522.0,7515.75,7522.0,14371
2026-05-27T13:15:00,7522.0,7527.0,7520.5,7526.0,8676
2026-05-27T13:20:00,7526.0,7527.75,7525.25,7527.5,5998
2026-05-27T13:25:00,7527.25,7528.25,7524.25,7524.75,5575
2026-05-27T13:30:00,7524.75,7529.25,7524.5,7529.0,5428
2026-05-27T13:35:00,7529.0,7532.5,7528.5,7529.75,7915
2026-05-27T13:40:00,7530.0,7530.5,7526.5,7527.25,6204
2026-05-27T13:45:00,7527.0,7528.0,7525.0,7527.75,6124
2026-05-27T13:50:00,7528.0,7532.0,7528.0,7532.0,5504
2026-05-27T13:55:00,7532.0,7533.75,7530.25,7530.75,6652
2026-05-27T14:00:00,7530.5,7531.25,7526.5,7528.5,6910
2026-05-27T14:05:00,7528.25,7531.75,7526.5,7531.5,5500
2026-05-27T14:10:00,7531.5,7534.0,7530.5,7533.5,4789
2026-05-27T14:15:00,7533.75,7537.5,7532.25,7536.75,7089
2026-05-27T14:20:00,7536.75,7539.5,7536.0,7539.0,6600
2026-05-27T14:25:00,7539.0,7541.5,7538.5,7540.5,8174
2026-05-27T14:30:00,7540.5,7542.5,7539.25,7540.25,8096
2026-05-27T14:35:00,7540.25,7541.0,7537.75,7541.0,6516
2026-05-27T14:40:00,7541.0,7542.75,7539.75,7541.75,5277
2026-05-27T14:45:00,7541.75,7544.0,7541.5,7541.5,6368
2026-05-27T14:50:00,7541.75,7544.25,7540.25,7542.0,8308
2026-05-27T14:55:00,7542.25,7543.75,7541.25,7542.0,4844
2026-05-27T15:00:00,7542.0,7543.75,7539.5,7543.25,7875
2026-05-27T15:05:00,7543.25,7545.25,7542.0,7543.75,6276
2026-05-27T15:10:00,7543.75,7544.25,7542.25,7543.0,5389
2026-05-27T15:15:00,7543.0,7543.75,7541.5,7542.5,5288
2026-05-27T15:20:00,7542.5,7543.5,7540.25,7541.0,5367
2026-05-27T15:25:00,7541.0,7541.0,7536.75,7539.5,8796
2026-05-27T15:30:00,7539.25,7541.5,7537.25,7539.25,11215
2026-05-27T15:35:00,7539.5,7542.75,7539.25,7541.75,6364
2026-05-27T15:40:00,7541.75,7542.75,7538.75,7542.5,6213
2026-05-27T15:45:00,7542.75,7542.75,7537.25,7537.25,8599
2026-05-27T15:50:00,7537.25,7541.5,7535.25,7538.25,19028
2026-05-27T15:55:00,7538.25,7541.5,7537.0,7539.75,69852
2026-05-28T09:30:00,7535.25,7537.25,7527.75,7530.25,24448
2026-05-28T09:35:00,7530.0,7530.25,7525.75,7527.0,18481
2026-05-28T09:40:00,7527.25,7530.25,7525.25,7528.5,13828
2026-05-28T09:45:00,7528.75,7532.0,7526.25,7527.25,16677
2026-05-28T09:50:00,7527.25,7537.0,7526.25,7532.0,24002
2026-05-28T09:55:00,7531.75,7536.0,7530.5,7535.75,10957
2026-05-28T10:00:00,7535.75,7539.75,7533.25,7536.5,19291
2026-05-28T10:05:00,7536.25,7540.25,7533.5,7540.0,13493
2026-05-28T10:10:00,7540.0,7574.0,7535.0,7564.5,62175
2026-05-28T10:15:00,7564.5,7569.0,7555.0,7564.5,31354
2026-05-28T10:20:00,7564.5,7566.25,7553.25,7557.75,24227
2026-05-28T10:25:00,7557.5,7562.0,7556.5,7561.25,14083
2026-05-28T10:30:00,7561.5,7563.75,7552.75,7553.0,19170
2026-05-28T10:35:00,7553.0,7556.75,7551.25,7553.25,16061
2026-05-28T10:40:00,7553.25,7559.0,7552.25,7558.5,13549
2026-05-28T10:45:00,7558.5,7562.25,7552.0,7557.5,23916
2026-05-28T10:50:00,7557.5,7563.5,7557.25,7561.75,12777
2026-05-28T10:55:00,7561.75,7563.25,7557.75,7562.75,12666
2026-05-28T11:00:00,7562.75,7571.5,7561.5,7571.5,21509
2026-05-28T11:05:00,7571.75,7573.5,7568.5,7569.75,14880
2026-05-28T11:10:00,7569.75,7570.75,7566.75,7567.0,10078
2026-05-28T11:15:00,7567.25,7569.75,7565.0,7568.5,8907
2026-05-28T11:20:00,7568.5,7571.75,7567.75,7570.75,8121
2026-05-28T11:25:00,7571.0,7575.75,7570.5,7573.5,12736
2026-05-28T11:30:00,7573.5,7575.0,7571.75,7574.0,9747
2026-05-28T11:35:00,7574.25,7576.5,7572.75,7575.25,9491
2026-05-28T11:40:00,7575.25,7575.5,7572.75,7574.25,7592
2026-05-28T11:45:00,7574.25,7575.75,7572.25,7572.75,8243
2026-05-28T11:50:00,7573.0,7576.5,7573.0,7574.25,5671
2026-05-28T11:55:00,7574.25,7577.0,7573.25,7574.75,6126
2026-05-28T12:00:00,7574.75,7575.25,7570.75,7573.0,7768
2026-05-28T12:05:00,7573.25,7575.25,7573.0,7574.75,5392
2026-05-28T12:10:00,7574.75,7576.25,7574.0,7576.0,5333
2026-05-28T12:15:00,7576.0,7579.75,7574.0,7579.0,10727
2026-05-28T12:20:00,7578.75,7582.75,7576.5,7580.75,9770
2026-05-28T12:25:00,7580.5,7581.75,7577.5,7578.0,7337
2026-05-28T12:30:00,7578.0,7578.5,7576.0,7576.75,6303
2026-05-28T12:35:00,7576.75,7577.5,7574.5,7576.0,5603
2026-05-28T12:40:00,7576.0,7578.75,7575.75,7578.5,5734
2026-05-28T12:45:00,7578.25,7579.5,7577.0,7577.25,5736
2026-05-28T12:50:00,7577.25,7578.5,7576.5,7577.25,5039
2026-05-28T12:55:00,7577.25,7582.25,7577.0,7581.0,5956
2026-05-28T13:00:00,7581.0,7582.75,7580.25,7581.25,6454
2026-05-28T13:05:00,7581.25,7582.5,7578.25,7578.5,6167
2026-05-28T13:10:00,7578.5,7579.25,7576.5,7576.75,5704
2026-05-28T13:15:00,7577.0,7577.75,7574.75,7575.5,7400
2026-05-28T13:20:00,7575.5,7579.25,7575.25,7578.75,6761
2026-05-28T13:25:00,7578.5,7579.25,7576.0,7576.5,4999
2026-05-28T13:30:00,7576.75,7578.5,7575.5,7576.25,6854
2026-05-28T13:35:00,7576.0,7578.5,7575.0,7578.5,4216
2026-05-28T13:40:00,7578.5,7579.75,7577.5,7579.0,3744
2026-05-28T13:45:00,7579.0,7582.5,7578.5,7582.0,7833
2026-05-28T13:50:00,7582.0,7583.75,7581.25,7582.5,7863
2026-05-28T13:55:00,7582.5,7582.5,7580.25,7581.0,6095
2026-05-28T14:00:00,7581.0,7583.0,7580.0,7582.75,5691
2026-05-28T14:05:00,7582.75,7583.0,7581.0,7581.0,5895
2026-05-28T14:10:00,7581.0,7581.25,7578.75,7579.25,8462
2026-05-28T14:15:00,7579.25,7582.25,7578.0,7580.25,14202
2026-05-28T14:20:00,7580.25,7582.25,7579.25,7582.0,5622
2026-05-28T14:25:00,7582.25,7582.5,7581.25,7581.75,5878
2026-05-28T14:30:00,7581.75,7582.0,7578.75,7579.0,6150
2026-05-28T14:35:00,7579.0,7579.25,7577.0,7577.5,6642
2026-05-28T14:40:00,7577.5,7579.25,7576.75,7577.75,6036
2026-05-28T14:45:00,7577.75,7578.25,7576.0,7576.75,5405
2026-05-28T14:50:00,7577.0,7579.5,7576.0,7579.25,5347
2026-05-28T14:55:00,7579.0,7580.25,7576.5,7576.75,4768
2026-05-28T15:00:00,7576.5,7578.25,7575.25,7578.0,6560
2026-05-28T15:05:00,7578.0,7579.25,7577.75,7578.0,5137
2026-05-28T15:10:00,7578.25,7579.5,7576.25,7576.75,5736
2026-05-28T15:15:00,7576.75,7578.75,7576.0,7577.25,7187
2026-05-28T15:20:00,7577.5,7580.0,7576.75,7579.75,7001
2026-05-28T15:25:00,7579.75,7582.25,7579.75,7582.25,7847
2026-05-28T15:30:00,7582.0,7585.25,7581.5,7584.0,12519
2026-05-28T15:35:00,7584.0,7586.5,7583.0,7586.25,9536
2026-05-28T15:40:00,7586.25,7586.5,7582.25,7582.25,10144
2026-05-28T15:45:00,7582.25,7584.75,7581.75,7582.25,10397
2026-05-28T15:50:00,7582.25,7584.0,7579.75,7582.75,22876
2026-05-28T15:55:00,7582.75,7584.25,7580.5,7581.75,66060
2026-05-29T09:30:00,7590.5,7594.5,7586.75,7591.75,33883
2026-05-29T09:35:00,7591.5,7598.75,7591.25,7598.75,19063
2026-05-29T09:40:00,7598.75,7606.0,7597.0,7605.75,20332
2026-05-29T09:45:00,7605.75,7608.75,7603.75,7607.0,23229
2026-05-29T09:50:00,7607.25,7610.0,7604.0,7609.75,14667
2026-05-29T09:55:00,7609.75,7609.75,7606.25,7609.0,11391
2026-05-29T10:00:00,7608.75,7611.5,7606.25,7607.75,18140
2026-05-29T10:05:00,7607.5,7609.0,7603.5,7604.0,14736
2026-05-29T10:10:00,7604.0,7608.5,7602.75,7604.0,14184
2026-05-29T10:15:00,7604.25,7604.25,7595.75,7598.5,24665
2026-05-29T10:20:00,7598.25,7600.75,7593.25,7593.5,19250
2026-05-29T10:25:00,7593.25,7598.0,7589.25,7597.0,31394
2026-05-29T10:30:00,7596.75,7599.75,7592.75,7599.75,21136
2026-05-29T10:35:00,7599.75,7600.25,7586.75,7587.0,23510
2026-05-29T10:40:00,7586.75,7590.25,7581.75,7582.75,29497
2026-05-29T10:45:00,7582.25,7584.0,7577.5,7580.5,25450
2026-05-29T10:50:00,7580.5,7598.25,7579.5,7588.75,46621
2026-05-29T10:55:00,7588.75,7595.75,7588.5,7590.75,14866
2026-05-29T11:00:00,7591.0,7594.75,7589.25,7594.0,12984
2026-05-29T11:05:00,7593.75,7598.25,7590.5,7597.25,14384
2026-05-29T11:10:00,7597.25,7603.5,7597.25,7603.5,17405
2026-05-29T11:15:00,7603.25,7604.75,7599.0,7599.0,14210
2026-05-29T11:20:00,7599.25,7600.75,7593.25,7599.25,12549
2026-05-29T11:25:00,7599.0,7603.5,7595.5,7598.25,15124
2026-05-29T11:30:00,7598.5,7603.0,7597.75,7600.25,15422
2026-05-29T11:35:00,7600.25,7603.5,7598.0,7602.0,14923
2026-05-29T11:40:00,7602.0,7604.0,7595.25,7597.5,16899
2026-05-29T11:45:00,7597.25,7599.0,7593.25,7597.0,9637
2026-05-29T11:50:00,7596.75,7599.5,7594.5,7597.0,7700
2026-05-29T11:55:00,7596.75,7597.75,7593.5,7594.75,6654
2026-05-29T12:00:00,7594.75,7600.0,7593.75,7599.5,6900
2026-05-29T12:05:00,7599.75,7603.25,7598.75,7603.0,5816
2026-05-29T12:10:00,7603.25,7605.25,7602.25,7603.25,8952
2026-05-29T12:15:00,7603.25,7604.0,7598.5,7599.0,6455
2026-05-29T12:20:00,7598.75,7603.25,7598.25,7600.5,6977
2026-05-29T12:25:00,7600.5,7600.5,7597.25,7598.0,6197
2026-05-29T12:30:00,7598.0,7604.5,7595.25,7603.25,17650
2026-05-29T12:35:00,7603.25,7607.75,7602.5,7607.25,15553
2026-05-29T12:40:00,7607.25,7608.5,7604.25,7605.25,9080
2026-05-29T12:45:00,7605.0,7606.0,7601.75,7602.0,9318
2026-05-29T12:50:00,7602.0,7602.25,7598.0,7600.0,7391
2026-05-29T12:55:00,7599.75,7600.5,7595.5,7598.25,9609
2026-05-29T13:00:00,7598.0,7600.5,7596.0,7596.5,7854
2026-05-29T13:05:00,7596.75,7598.75,7595.25,7597.75,6258
2026-05-29T13:10:00,7597.75,7599.75,7595.5,7597.75,7211
2026-05-29T13:15:00,7597.75,7600.25,7596.75,7598.5,4971
2026-05-29T13:20:00,7598.5,7599.25,7592.0,7596.75,18002
2026-05-29T13:25:00,7597.0,7597.25,7593.25,7596.0,6993
2026-05-29T13:30:00,7596.25,7597.25,7593.5,7595.0,7483
2026-05-29T13:35:00,7595.25,7596.25,7592.75,7594.0,5722
2026-05-29T13:40:00,7593.75,7595.0,7590.25,7590.75,6104
2026-05-29T13:45:00,7591.0,7592.0,7590.0,7591.25,6927
2026-05-29T13:50:00,7591.0,7593.25,7588.5,7588.5,9055
2026-05-29T13:55:00,7588.5,7588.75,7582.5,7583.5,14570
2026-05-29T14:00:00,7583.25,7588.25,7581.75,7588.0,12337
2026-05-29T14:05:00,7588.0,7590.0,7587.25,7590.0,7313
2026-05-29T14:10:00,7590.0,7591.75,7585.75,7588.0,8995
2026-05-29T14:15:00,7588.0,7590.0,7586.25,7589.75,8409
2026-05-29T14:20:00,7589.75,7592.75,7589.5,7592.75,7267
2026-05-29T14:25:00,7592.75,7594.75,7591.0,7593.5,6089
2026-05-29T14:30:00,7593.5,7598.25,7593.5,7597.5,8124
2026-05-29T14:35:00,7597.25,7598.0,7594.5,7596.5,6992
2026-05-29T14:40:00,7596.5,7597.5,7593.75,7594.75,5978
2026-05-29T14:45:00,7594.75,7594.75,7584.75,7588.75,24690
2026-05-29T14:50:00,7588.75,7590.5,7585.25,7587.5,9400
2026-05-29T14:55:00,7587.25,7589.25,7584.5,7585.25,9183
2026-05-29T15:00:00,7585.25,7590.0,7583.75,7589.25,10452
2026-05-29T15:05:00,7589.25,7593.75,7589.0,7593.25,7988
2026-05-29T15:10:00,7593.0,7595.75,7592.25,7594.5,9148
2026-05-29T15:15:00,7594.5,7595.25,7590.25,7592.5,15340
2026-05-29T15:20:00,7592.5,7596.75,7591.5,7595.5,10404
2026-05-29T15:25:00,7595.5,7599.5,7593.75,7599.25,10331
2026-05-29T15:30:00,7599.5,7603.0,7599.0,7602.75,13538
2026-05-29T15:35:00,7602.75,7605.75,7601.25,7605.0,15453
2026-05-29T15:40:00,7605.25,7607.0,7602.5,7602.5,15926
2026-05-29T15:45:00,7602.5,7604.25,7600.25,7602.75,13839
2026-05-29T15:50:00,7602.75,7604.0,7594.5,7596.25,39427
2026-05-29T15:55:00,7596.25,7599.0,7593.0,7594.5,162022
2026-06-01T09:30:00,7583.0,7590.0,7576.25,7586.0,37617
2026-06-01T09:35:00,7585.75,7594.75,7584.5,7591.25,21654
2026-06-01T09:40:00,7591.5,7595.0,7587.25,7591.25,15574
2026-06-01T09:45:00,7591.5,7596.0,7590.75,7592.75,16529
2026-06-01T09:50:00,7592.75,7596.75,7588.25,7589.75,18789
2026-06-01T09:55:00,7589.75,7590.5,7583.25,7584.75,14991
2026-06-01T10:00:00,7585.25,7589.75,7581.5,7585.0,25309
2026-06-01T10:05:00,7584.75,7594.0,7583.25,7592.25,19762
2026-06-01T10:10:00,7592.0,7592.75,7583.5,7587.75,16023
2026-06-01T10:15:00,7587.75,7596.25,7585.25,7587.5,26471
2026-06-01T10:20:00,7587.25,7593.75,7586.75,7590.25,15295
2026-06-01T10:25:00,7590.25,7591.75,7585.5,7587.0,17643
2026-06-01T10:30:00,7587.0,7590.25,7583.5,7585.75,14964
2026-06-01T10:35:00,7585.75,7587.75,7581.5,7582.5,12936
2026-06-01T10:40:00,7582.25,7588.0,7581.0,7586.25,9552
2026-06-01T10:45:00,7586.25,7588.25,7583.25,7585.0,9086
2026-06-01T10:50:00,7585.0,7587.25,7582.0,7583.75,9268
2026-06-01T10:55:00,7583.75,7585.0,7581.25,7585.0,7440
2026-06-01T11:00:00,7585.0,7587.0,7582.75,7586.25,9459
2026-06-01T11:05:00,7586.5,7591.25,7583.25,7588.5,16360
2026-06-01T11:10:00,7588.5,7589.5,7585.0,7587.5,9410
2026-06-01T11:15:00,7587.5,7589.25,7586.25,7587.0,8801
2026-06-01T11:20:00,7587.0,7592.25,7586.75,7590.75,7452
2026-06-01T11:25:00,7591.0,7591.75,7588.0,7589.75,7752
2026-06-01T11:30:00,7589.75,7601.75,7589.5,7598.5,45424
2026-06-01T11:35:00,7598.75,7602.75,7598.25,7602.5,15289
2026-06-01T11:40:00,7602.25,7603.0,7600.0,7601.25,11133
2026-06-01T11:45:00,7601.5,7601.75,7597.0,7597.5,9630
2026-06-01T11:50:00,7597.5,7600.25,7596.25,7598.5,8906
2026-06-01T11:55:00,7598.25,7598.75,7595.0,7595.5,9672
2026-06-01T12:00:00,7595.5,7600.75,7595.5,7597.0,12535
2026-06-01T12:05:00,7597.0,7597.5,7595.0,7596.25,5340
2026-06-01T12:10:00,7596.25,7596.5,7591.25,7593.5,15692
2026-06-01T12:15:00,7593.5,7594.5,7587.0,7592.0,13243
2026-06-01T12:20:00,7591.75,7595.75,7591.25,7595.5,6567
2026-06-01T12:25:00,7595.5,7596.75,7593.75,7596.25,7634
2026-06-01T12:30:00,7596.25,7601.0,7596.0,7599.75,15721
2026-06-01T12:35:00,7599.5,7600.75,7597.5,7600.0,7380
2026-06-01T12:40:00,7600.0,7601.0,7598.75,7599.0,4923
2026-06-01T12:45:00,7599.0,7599.75,7596.5,7599.5,6062
2026-06-01T12:50:00,7599.5,7607.5,7598.75,7607.0,19800
2026-06-01T12:55:00,7606.75,7609.25,7605.75,7607.75,15299
2026-06-01T13:00:00,7607.75,7608.5,7602.5,7602.5,14572
2026-06-01T13:05:00,7602.75,7604.5,7598.75,7599.5,10077
2026-06-01T13:10:00,7599.5,7602.5,7599.25,7601.25,6006
2026-06-01T13:15:00,7601.5,7602.5,7599.5,7602.0,5189
2026-06-01T13:20:00,7601.75,7605.5,7601.25,7604.5,6503
2026-06-01T13:25:00,7604.25,7614.0,7603.0,7613.75,13529
2026-06-01T13:30:00,7614.0,7616.0,7606.75,7608.0,25135
2026-06-01T13:35:00,7608.0,7614.25,7607.0,7613.0,13431
2026-06-01T13:40:00,7613.0,7632.25,7612.0,7623.5,34706
2026-06-01T13:45:00,7623.5,7629.75,7623.25,7625.0,18916
2026-06-01T13:50:00,7624.75,7628.5,7623.75,7628.0,10491
2026-06-01T13:55:00,7628.0,7628.25,7623.25,7624.25,9081
2026-06-01T14:00:00,7624.25,7625.5,7623.75,7624.75,6242
2026-06-01T14:05:00,7625.0,7626.25,7624.0,7625.75,7121
2026-06-01T14:10:00,7625.75,7627.0,7622.0,7622.75,6795
2026-06-01T14:15:00,7623.0,7626.75,7622.25,7626.75,5829
2026-06-01T14:20:00,7626.5,7627.5,7626.0,7627.0,5661
2026-06-01T14:25:00,7627.0,7628.25,7626.5,7627.25,5629
2026-06-01T14:30:00,7627.25,7627.5,7624.25,7626.25,4614
2026-06-01T14:35:00,7626.25,7627.5,7625.0,7626.0,3671
2026-06-01T14:40:00,7625.75,7628.0,7624.75,7627.75,4957
2026-06-01T14:45:00,7627.75,7627.75,7624.5,7625.0,3892
2026-06-01T14:50:00,7624.75,7625.75,7623.5,7625.0,4550
2026-06-01T14:55:00,7625.0,7627.25,7624.25,7624.25,4464
2026-06-01T15:00:00,7624.25,7625.75,7622.75,7625.5,7088
2026-06-01T15:05:00,7625.5,7626.0,7622.75,7625.25,6715
2026-06-01T15:10:00,7625.25,7625.5,7623.25,7623.5,5632
2026-06-01T15:15:00,7623.5,7624.75,7622.75,7623.5,5220
2026-06-01T15:20:00,7623.25,7625.0,7623.0,7625.0,4344
2026-06-01T15:25:00,7625.0,7626.5,7624.25,7625.75,5473
2026-06-01T15:30:00,7625.5,7625.75,7621.0,7621.25,8870
2026-06-01T15:35:00,7621.25,7622.25,7619.25,7620.5,13290
2026-06-01T15:40:00,7620.75,7620.75,7617.75,7619.0,9013
2026-06-01T15:45:00,7618.75,7620.0,7614.75,7615.75,15220
2026-06-01T15:50:00,7615.5,7616.75,7610.75,7611.5,22236
2026-06-01T15:55:00,7611.75,7614.5,7610.5,7613.75,76522
2026-06-02T09:30:00,7598.25,7605.25,7596.5,7602.5,33264
2026-06-02T09:35:00,7602.5,7603.75,7597.5,7597.75,17523
2026-06-02T09:40:00,7598.0,7601.25,7595.5,7601.0,17931
2026-06-02T09:45:00,7601.25,7604.5,7600.75,7604.25,14183
2026-06-02T09:50:00,7604.25,7605.25,7602.0,7602.75,14332
2026-06-02T09:55:00,7603.0,7604.5,7601.5,7603.75,11055
2026-06-02T10:00:00,7603.5,7605.75,7600.0,7605.5,14948
2026-06-02T10:05:00,7605.5,7607.0,7603.75,7606.75,11533
2026-06-02T10:10:00,7606.5,7611.75,7606.5,7609.5,16468
2026-06-02T10:15:00,7609.5,7611.25,7607.75,7610.75,14123
2026-06-02T10:20:00,7610.75,7612.5,7606.75,7608.0,15491
2026-06-02T10:25:00,7607.75,7610.5,7603.0,7604.75,18248
2026-06-02T10:30:00,7605.0,7613.25,7604.75,7613.0,14191
2026-06-02T10:35:00,7613.25,7616.0,7612.25,7613.0,12511
2026-06-02T10:40:00,7613.0,7617.25,7611.75,7617.0,10631
2026-06-02T10:45:00,7616.75,7620.75,7616.0,7620.5,12369
2026-06-02T10:50:00,7620.75,7624.0,7620.0,7623.25,12693
2026-06-02T10:55:00,7623.5,7625.25,7621.5,7625.25,11479
2026-06-02T11:00:00,7625.25,7625.75,7622.0,7622.5,12478
2026-06-02T11:05:00,7622.75,7629.5,7621.75,7629.0,14831
2026-06-02T11:10:00,7629.25,7630.25,7626.25,7628.0,13733
2026-06-02T11:15:00,7628.0,7630.0,7627.5,7629.5,8596
2026-06-02T11:20:00,7629.5,7632.0,7628.75,7630.25,11860
2026-06-02T11:25:00,7630.25,7631.0,7626.5,7627.0,11517
2026-06-02T11:30:00,7626.75,7627.25,7624.75,7626.0,12957
2026-06-02T11:35:00,7626.0,7628.5,7625.25,7625.75,8997
2026-06-02T11:40:00,7625.75,7626.25,7623.75,7624.75,8573
2026-06-02T11:45:00,7624.75,7627.25,7623.5,7625.25,7868
2026-06-02T11:50:00,7625.25,7626.25,7623.5,7624.75,5756
2026-06-02T11:55:00,7624.75,7626.5,7623.75,7624.75,5511
2026-06-02T12:00:00,7624.75,7625.25,7621.75,7623.0,8154
2026-06-02T12:05:00,7623.0,7626.5,7622.75,7625.25,10480
2026-06-02T12:10:00,7625.0,7627.75,7624.25,7626.75,6570
2026-06-02T12:15:00,7626.5,7626.75,7622.75,7623.25,7155
2026-06-02T12:20:00,7623.0,7624.0,7620.0,7623.25,9004
2026-06-02T12:25:00,7623.25,7623.5,7620.5,7621.25,5171
2026-06-02T12:30:00,7621.25,7623.25,7620.0,7620.25,6007
2026-06-02T12:35:00,7620.25,7621.25,7618.75,7620.25,7725
2026-06-02T12:40:00,7620.0,7622.25,7620.0,7620.75,5223
2026-06-02T12:45:00,7621.0,7624.75,7620.5,7624.5,5308
2026-06-02T12:50:00,7624.5,7626.25,7624.0,7624.25,5725
2026-06-02T12:55:00,7624.5,7627.25,7624.0,7626.5,5954
2026-06-02T13:00:00,7626.5,7627.0,7624.75,7626.75,5751
2026-06-02T13:05:00,7626.75,7627.5,7624.0,7625.5,6566
2026-06-02T13:10:00,7625.25,7626.75,7623.75,7626.75,3946
2026-06-02T13:15:00,7626.75,7626.75,7620.5,7621.75,9374
2026-06-02T13:20:00,7621.5,7623.0,7618.75,7619.25,8891
2026-06-02T13:25:00,7619.5,7619.5,7617.0,7618.0,7887
2026-06-02T13:30:00,7618.0,7621.25,7617.5,7618.25,7399
2026-06-02T13:35:00,7618.25,7619.0,7615.75,7615.75,7101
2026-06-02T13:40:00,7615.75,7620.0,7615.5,7618.75,5926
2026-06-02T13:45:00,7618.75,7620.5,7618.25,7620.25,4681
2026-06-02T13:50:00,7620.25,7621.0,7618.75,7619.0,4857
2026-06-02T13:55:00,7619.0,7619.0,7616.25,7616.5,4418
2026-06-02T14:00:00,7616.75,7618.5,7616.0,7617.0,5861
2026-06-02T14:05:00,7616.75,7619.75,7616.75,7619.5,4453
2026-06-02T14:10:00,7619.5,7621.25,7618.0,7618.5,6552
2026-06-02T14:15:00,7618.25,7618.75,7616.5,7617.25,4746
2026-06-02T14:20:00,7617.25,7619.0,7616.5,7617.75,4634
2026-06-02T14:25:00,7618.0,7618.75,7616.75,7617.5,4839
2026-06-02T14:30:00,7617.5,7620.25,7617.25,7618.25,5070
2026-06-02T14:35:00,7618.25,7618.25,7614.75,7615.25,7442
2026-06-02T14:40:00,7615.0,7617.0,7614.25,7616.25,6571
2026-06-02T14:45:00,7616.5,7618.25,7615.75,7618.0,4492
2026-06-02T14:50:00,7618.0,7619.0,7616.5,7617.75,5386
2026-06-02T14:55:00,7617.5,7619.75,7617.25,7619.0,6122
2026-06-02T15:00:00,7619.0,7622.25,7618.75,7621.75,7144
2026-06-02T15:05:00,7621.75,7622.25,7620.5,7622.0,5646
2026-06-02T15:10:00,7622.0,7622.75,7620.25,7620.5,5688
2026-06-02T15:15:00,7620.5,7622.0,7620.0,7621.25,5134
2026-06-02T15:20:00,7621.25,7623.5,7621.0,7623.5,5791
2026-06-02T15:25:00,7623.5,7623.75,7620.75,7621.5,6596
2026-06-02T15:30:00,7621.5,7623.0,7621.0,7622.75,5503
2026-06-02T15:35:00,7622.75,7623.0,7621.25,7621.5,4258
2026-06-02T15:40:00,7621.5,7622.25,7620.0,7620.25,5950
2026-06-02T15:45:00,7620.0,7623.0,7619.5,7622.75,10229
2026-06-02T15:50:00,7622.75,7625.25,7621.0,7623.75,18318
2026-06-02T15:55:00,7623.75,7625.25,7622.25,7623.5,66557
2026-06-03T09:30:00,7608.5,7614.75,7606.75,7609.25,28929
2026-06-03T09:35:00,7609.5,7609.5,7602.75,7606.0,25877
2026-06-03T09:40:00,7606.0,7606.0,7592.0,7592.5,27655
2026-06-03T09:45:00,7592.25,7594.5,7575.25,7578.25,43489
2026-06-03T09:50:00,7578.25,7589.75,7574.0,7585.0,36206
2026-06-03T09:55:00,7585.25,7590.0,7584.25,7586.25,17868
2026-06-03T10:00:00,7586.5,7593.75,7585.0,7590.5,23330
2026-06-03T10:05:00,7590.5,7592.5,7588.25,7591.5,14997
2026-06-03T10:10:00,7591.25,7596.5,7591.25,7596.25,14225
2026-06-03T10:15:00,7596.0,7597.0,7587.5,7589.25,20562
2026-06-03T10:20:00,7589.25,7593.25,7586.5,7590.25,14188
2026-06-03T10:25:00,7590.0,7595.25,7590.0,7595.0,9967
2026-06-03T10:30:00,7594.75,7597.0,7592.0,7593.0,12702
2026-06-03T10:35:00,7593.0,7597.25,7590.75,7596.25,10548
2026-06-03T10:40:00,7596.25,7596.5,7591.5,7591.5,7943
2026-06-03T10:45:00,7591.5,7592.25,7586.25,7587.25,14574
2026-06-03T10:50:00,7587.25,7591.5,7583.75,7589.75,13165
2026-06-03T10:55:00,7589.75,7590.25,7586.5,7588.75,7104
2026-06-03T11:00:00,7589.0,7592.25,7588.5,7590.0,8479
2026-06-03T11:05:00,7590.0,7590.25,7585.5,7588.75,9323
2026-06-03T11:10:00,7588.75,7591.75,7586.75,7587.25,6574
2026-06-03T11:15:00,7587.25,7589.75,7585.75,7587.75,6896
2026-06-03T11:20:00,7588.0,7589.25,7580.5,7582.75,11189
2026-06-03T11:25:00,7582.5,7589.0,7580.5,7588.5,13534
2026-06-03T11:30:00,7588.5,7590.0,7581.75,7583.25,12186
2026-06-03T11:35:00,7583.5,7584.75,7578.75,7580.5,13086
2026-06-03T11:40:00,7580.5,7581.5,7578.0,7579.0,11432
2026-06-03T11:45:00,7579.0,7580.25,7574.75,7579.25,13750
2026-06-03T11:50:00,7579.0,7582.75,7577.0,7580.0,9434
2026-06-03T11:55:00,7579.75,7581.25,7578.0,7579.25,6225
2026-06-03T12:00:00,7579.25,7581.5,7576.75,7580.75,8464
2026-06-03T12:05:00,7580.5,7582.0,7576.75,7577.75,9851
2026-06-03T12:10:00,7577.75,7581.25,7577.5,7579.75,5981
2026-06-03T12:15:00,7579.5,7579.5,7573.0,7576.0,10930
2026-06-03T12:20:00,7576.0,7576.75,7567.75,7568.25,12929
2026-06-03T12:25:00,7568.0,7571.5,7565.75,7570.0,17569
2026-06-03T12:30:00,7570.0,7573.5,7569.25,7571.0,10776
2026-06-03T12:35:00,7571.0,7571.0,7565.75,7566.0,8993
2026-06-03T12:40:00,7565.75,7567.75,7562.5,7567.5,13158
2026-06-03T12:45:00,7567.5,7573.25,7567.25,7572.75,11213
2026-06-03T12:50:00,7572.75,7575.0,7570.5,7572.75,13880
2026-06-03T12:55:00,7572.5,7578.75,7571.0,7578.25,14383
2026-06-03T13:00:00,7578.0,7578.5,7573.0,7573.75,8809
2026-06-03T13:05:00,7573.75,7578.75,7572.25,7576.0,12333
2026-06-03T13:10:00,7576.25,7576.75,7568.0,7569.75,10930
2026-06-03T13:15:00,7569.75,7571.0,7567.0,7568.5,8179
2026-06-03T13:20:00,7568.75,7572.5,7568.25,7572.25,6202
2026-06-03T13:25:00,7572.5,7573.75,7570.25,7573.25,5959
2026-06-03T13:30:00,7573.25,7576.25,7568.75,7576.0,9358
2026-06-03T13:35:00,7576.25,7578.75,7574.75,7577.0,6731
2026-06-03T13:40:00,7577.0,7581.0,7576.5,7579.0,6142
2026-06-03T13:45:00,7579.25,7580.5,7577.75,7579.5,6200
2026-06-03T13:50:00,7579.25,7583.75,7579.25,7583.75,8331
2026-06-03T13:55:00,7583.75,7585.0,7582.5,7583.0,6609
2026-06-03T14:00:00,7583.0,7583.75,7581.25,7583.0,7600
2026-06-03T14:05:00,7583.0,7583.0,7579.75,7581.0,5204
2026-06-03T14:10:00,7581.0,7582.25,7578.5,7580.5,4832
2026-06-03T14:15:00,7580.5,7582.25,7577.25,7582.25,6706
2026-06-03T14:20:00,7582.0,7584.5,7578.0,7584.5,8460
2026-06-03T14:25:00,7584.5,7587.75,7584.0,7587.25,10477
2026-06-03T14:30:00,7587.25,7588.0,7584.25,7584.75,8459
2026-06-03T14:35:00,7584.75,7586.5,7582.5,7584.75,8591
2026-06-03T14:40:00,7584.75,7585.0,7583.0,7584.5,5805
2026-06-03T14:45:00,7584.5,7586.5,7583.25,7583.5,4486
2026-06-03T14:50:00,7583.25,7585.0,7582.25,7583.5,5992
2026-06-03T14:55:00,7583.5,7585.0,7582.75,7583.5,5169
2026-06-03T15:00:00,7583.5,7583.5,7575.75,7578.0,15031
2026-06-03T15:05:00,7577.75,7581.25,7577.75,7578.5,7848
2026-06-03T15:10:00,7578.75,7579.25,7574.25,7577.5,9435
2026-06-03T15:15:00,7577.5,7581.75,7576.25,7578.75,11269
2026-06-03T15:20:00,7578.5,7579.25,7574.25,7574.5,9575
2026-06-03T15:25:00,7574.5,7576.0,7573.5,7575.75,8148
2026-06-03T15:30:00,7575.75,7577.0,7573.5,7575.5,10549
2026-06-03T15:35:00,7575.5,7581.75,7574.75,7581.0,11205
2026-06-03T15:40:00,7580.75,7582.75,7579.75,7580.5,12090
2026-06-03T15:45:00,7580.5,7582.5,7578.75,7581.25,11320
2026-06-03T15:50:00,7581.25,7582.25,7573.5,7574.0,38674
2026-06-03T15:55:00,7574.0,7577.0,7568.5,7572.5,101915
2026-06-04T09:30:00,7548.25,7557.5,7541.75,7556.5,39375
2026-06-04T09:35:00,7556.25,7561.5,7551.75,7556.75,26407
2026-06-04T09:40:00,7557.0,7557.5,7547.0,7548.25,21463
2026-06-04T09:45:00,7548.25,7556.0,7543.5,7553.25,20267
2026-06-04T09:50:00,7553.25,7561.5,7549.5,7555.25,19911
2026-06-04T09:55:00,7555.5,7564.5,7553.0,7559.5,18982
2026-06-04T10:00:00,7559.25,7562.5,7553.0,7553.25,17845
2026-06-04T10:05:00,7553.5,7556.0,7549.75,7554.5,20388
2026-06-04T10:10:00,7554.25,7564.25,7554.0,7561.75,20233
2026-06-04T10:15:00,7561.75,7564.75,7559.25,7559.5,13983
2026-06-04T10:20:00,7559.5,7569.5,7558.25,7569.5,14463
2026-06-04T10:25:00,7569.5,7570.5,7566.75,7568.0,15889
2026-06-04T10:30:00,7567.75,7569.5,7563.5,7567.5,15704
2026-06-04T10:35:00,7567.5,7568.0,7562.25,7564.25,15645
2026-06-04T10:40:00,7564.25,7569.75,7564.25,7566.0,12950
2026-06-04T10:45:00,7565.75,7570.0,7561.25,7564.75,11996
2026-06-04T10:50:00,7565.0,7567.25,7562.75,7566.25,8014
2026-06-04T10:55:00,7566.25,7569.75,7565.5,7569.75,8850
2026-06-04T11:00:00,7569.5,7575.0,7569.5,7572.75,16914
2026-06-04T11:05:00,7572.75,7582.75,7572.25,7581.5,14280
2026-06-04T11:10:00,7581.5,7584.0,7579.25,7583.25,13836
2026-06-04T11:15:00,7583.5,7587.5,7582.5,7584.5,12381
2026-06-04T11:20:00,7584.5,7585.75,7581.25,7585.25,11318
2026-06-04T11:25:00,7585.25,7586.75,7583.25,7586.5,9483
2026-06-04T11:30:00,7586.5,7587.5,7582.75,7584.25,10142
2026-06-04T11:35:00,7584.0,7585.5,7582.5,7584.25,7683
2026-06-04T11:40:00,7584.25,7585.25,7579.5,7580.75,8223
2026-06-04T11:45:00,7580.75,7582.25,7575.75,7577.0,11858
2026-06-04T11:50:00,7577.0,7581.75,7575.5,7580.25,10267
2026-06-04T11:55:00,7580.25,7582.5,7578.5,7581.0,6874
2026-06-04T12:00:00,7581.25,7583.25,7579.5,7582.0,5697
2026-06-04T12:05:00,7582.25,7591.5,7581.75,7589.75,10732
2026-06-04T12:10:00,7590.0,7592.0,7589.0,7590.25,7280
2026-06-04T12:15:00,7590.25,7593.75,7590.25,7592.0,7538
2026-06-04T12:20:00,7592.0,7595.0,7591.25,7594.5,6872
2026-06-04T12:25:00,7594.5,7594.5,7591.75,7593.5,5670
2026-06-04T12:30:00,7593.5,7593.5,7588.5,7591.5,11094
2026-06-04T12:35:00,7591.5,7596.75,7590.75,7595.5,9949
2026-06-04T12:40:00,7595.5,7596.75,7594.0,7596.0,6489
2026-06-04T12:45:00,7595.75,7596.5,7593.5,7595.25,5555
2026-06-04T12:50:00,7595.25,7597.5,7595.25,7596.75,7117
2026-06-04T12:55:00,7596.75,7597.5,7595.75,7596.5,4212
2026-06-04T13:00:00,7596.5,7597.5,7594.0,7595.25,7190
2026-06-04T13:05:00,7595.5,7597.75,7594.0,7597.25,5113
2026-06-04T13:10:00,7597.25,7598.0,7595.25,7596.5,6470
2026-06-04T13:15:00,7596.5,7597.0,7595.0,7596.75,3996
2026-06-04T13:20:00,7596.5,7597.0,7594.25,7596.5,5462
2026-06-04T13:25:00,7596.5,7600.0,7596.25,7599.5,7552
2026-06-04T13:30:00,7599.25,7602.5,7598.75,7600.5,11381
2026-06-04T13:35:00,7600.5,7600.75,7598.25,7599.25,5668
2026-06-04T13:40:00,7599.0,7601.25,7599.0,7600.75,3745
2026-06-04T13:45:00,7600.75,7602.25,7599.25,7602.25,3596
2026-06-04T13:50:00,7602.25,7603.0,7601.0,7601.75,4620
2026-06-04T13:55:00,7602.0,7605.5,7601.5,7604.75,6899
2026-06-04T14:00:00,7604.75,7607.0,7603.75,7605.75,10789
2026-06-04T14:05:00,7605.75,7606.75,7604.75,7605.5,5779
2026-06-04T14:10:00,7605.5,7606.5,7604.75,7604.75,4839
2026-06-04T14:15:00,7605.0,7607.0,7603.5,7606.75,6503
2026-06-04T14:20:00,7606.75,7607.5,7605.5,7606.25,5999
2026-06-04T14:25:00,7606.0,7607.5,7605.5,7606.0,4339
2026-06-04T14:30:00,7606.0,7607.0,7604.0,7606.0,4996
2026-06-04T14:35:00,7606.0,7607.5,7605.25,7606.25,5691
2026-06-04T14:40:00,7606.0,7606.5,7605.0,7605.75,3553
2026-06-04T14:45:00,7606.0,7608.0,7604.75,7606.75,5545
2026-06-04T14:50:00,7607.0,7607.5,7606.0,7606.5,3374
2026-06-04T14:55:00,7606.5,7606.5,7603.0,7604.5,7067
2026-06-04T15:00:00,7604.5,7607.25,7604.25,7607.25,5291
2026-06-04T15:05:00,7607.25,7609.0,7606.75,7607.25,7351
2026-06-04T15:10:00,7607.5,7607.75,7605.0,7606.0,6410
2026-06-04T15:15:00,7606.25,7606.25,7604.0,7605.25,6436
2026-06-04T15:20:00,7605.0,7608.25,7604.75,7608.0,6940
2026-06-04T15:25:00,7608.0,7611.25,7607.5,7611.0,8461
2026-06-04T15:30:00,7611.0,7611.5,7609.25,7609.75,8109
2026-06-04T15:35:00,7609.75,7611.0,7609.0,7610.25,6663
2026-06-04T15:40:00,7610.25,7610.25,7606.0,7606.5,9651
2026-06-04T15:45:00,7606.25,7607.5,7604.5,7606.75,11027
2026-06-04T15:50:00,7606.5,7609.0,7602.25,7604.25,23340
2026-06-04T15:55:00,7604.25,7604.5,7598.25,7599.75,86290
2026-06-05T09:30:00,7548.0,7553.0,7540.75,7550.5,41899
2026-06-05T09:35:00,7550.5,7550.5,7535.0,7540.0,31309
2026-06-05T09:40:00,7540.25,7540.75,7526.5,7527.25,32960
2026-06-05T09:45:00,7527.25,7531.0,7517.5,7518.5,35944
2026-06-05T09:50:00,7518.5,7525.5,7518.25,7524.0,38922
2026-06-05T09:55:00,7524.25,7525.0,7510.5,7511.25,27662
2026-06-05T10:00:00,7511.25,7520.25,7505.75,7514.0,52791
2026-06-05T10:05:00,7513.75,7522.5,7508.5,7522.0,32977
2026-06-05T10:10:00,7522.25,7526.5,7517.25,7525.0,27168
2026-06-05T10:15:00,7525.0,7533.5,7524.75,7533.0,25079
2026-06-05T10:20:00,7533.25,7533.25,7521.0,7521.25,21943
2026-06-05T10:25:00,7521.25,7521.75,7512.75,7516.25,19126
2026-06-05T10:30:00,7516.25,7528.75,7515.0,7528.25,21805
2026-06-05T10:35:00,7528.25,7531.5,7524.75,7526.0,19710
2026-06-05T10:40:00,7526.0,7527.5,7516.25,7519.75,19059
2026-06-05T10:45:00,7519.5,7522.25,7515.0,7518.0,18422
2026-06-05T10:50:00,7518.0,7522.25,7516.5,7520.5,16107
2026-06-05T10:55:00,7520.5,7525.0,7518.75,7523.0,13003
2026-06-05T11:00:00,7523.0,7526.25,7515.75,7519.25,16079
2026-06-05T11:05:00,7519.25,7520.75,7512.5,7513.5,14333
2026-06-05T11:10:00,7513.5,7516.5,7507.25,7507.5,15061
2026-06-05T11:15:00,7507.25,7511.75,7506.25,7510.75,14444
2026-06-05T11:20:00,7510.75,7512.25,7499.75,7503.5,24007
2026-06-05T11:25:00,7503.25,7508.0,7502.75,7505.75,13876
2026-06-05T11:30:00,7505.5,7509.0,7500.75,7501.0,15319
2026-06-05T11:35:00,7501.0,7503.75,7491.75,7492.5,20502
2026-06-05T11:40:00,7492.5,7495.25,7488.25,7490.0,25146
2026-06-05T11:45:00,7490.0,7494.25,7486.25,7488.25,21446
2026-06-05T11:50:00,7488.0,7493.25,7487.0,7492.0,15066
2026-06-05T11:55:00,7491.75,7493.75,7488.5,7490.25,11340
2026-06-05T12:00:00,7490.0,7490.5,7484.25,7485.25,18234
2026-06-05T12:05:00,7485.25,7485.5,7475.0,7476.75,21177
2026-06-05T12:10:00,7476.75,7483.0,7474.25,7479.0,18664
2026-06-05T12:15:00,7478.75,7479.0,7470.5,7472.25,17093
2026-06-05T12:20:00,7472.25,7479.0,7471.0,7475.5,15701
2026-06-05T12:25:00,7475.75,7480.0,7471.5,7471.75,14665
2026-06-05T12:30:00,7471.75,7472.5,7462.75,7466.75,21627
2026-06-05T12:35:00,7466.5,7470.0,7461.75,7466.75,19313
2026-06-05T12:40:00,7466.5,7468.5,7453.25,7456.5,22373
2026-06-05T12:45:00,7456.5,7460.25,7449.0,7460.25,28858
2026-06-05T12:50:00,7460.0,7470.75,7457.0,7470.0,26916
2026-06-05T12:55:00,7470.0,7470.5,7464.25,7469.75,16929
2026-06-05T13:00:00,7469.75,7470.25,7457.25,7463.25,18521
2026-06-05T13:05:00,7463.0,7463.25,7457.5,7459.5,12398
2026-06-05T13:10:00,7459.25,7461.25,7453.75,7458.5,13484
2026-06-05T13:15:00,7458.5,7459.75,7452.25,7457.25,11682
2026-06-05T13:20:00,7457.0,7466.0,7452.0,7465.0,15685
2026-06-05T13:25:00,7465.0,7465.5,7458.25,7464.75,14824
2026-06-05T13:30:00,7464.75,7467.0,7459.75,7466.5,13456
2026-06-05T13:35:00,7466.75,7474.25,7466.5,7473.75,15867
2026-06-05T13:40:00,7473.75,7477.75,7460.75,7462.5,19420
2026-06-05T13:45:00,7462.75,7468.0,7460.75,7464.25,14570
2026-06-05T13:50:00,7464.25,7466.25,7462.0,7465.75,11687
2026-06-05T13:55:00,7465.5,7472.0,7464.5,7471.25,10355
2026-06-05T14:00:00,7471.5,7472.5,7458.25,7458.5,16213
2026-06-05T14:05:00,7458.25,7460.75,7455.25,7456.5,13667
2026-06-05T14:10:00,7456.75,7458.75,7445.5,7445.75,16171
2026-06-05T14:15:00,7445.75,7446.25,7437.5,7438.75,24547
2026-06-05T14:20:00,7438.75,7444.5,7438.0,7439.75,18568
2026-06-05T14:25:00,7439.5,7440.0,7429.5,7433.25,22563
2026-06-05T14:30:00,7433.25,7435.75,7428.0,7431.0,17245
2026-06-05T14:35:00,7430.75,7432.5,7425.25,7430.5,18341
2026-06-05T14:40:00,7430.25,7431.0,7421.75,7424.75,22896
2026-06-05T14:45:00,7424.75,7424.75,7410.25,7420.75,33259
2026-06-05T14:50:00,7420.75,7423.5,7409.25,7414.0,23527
2026-06-05T14:55:00,7413.75,7426.5,7412.0,7416.25,32262
2026-06-05T15:00:00,7416.25,7418.0,7407.0,7415.0,24397
2026-06-05T15:05:00,7415.0,7415.75,7399.5,7404.5,22399
2026-06-05T15:10:00,7404.5,7405.25,7393.5,7396.75,23985
2026-06-05T15:15:00,7396.75,7396.75,7379.75,7387.75,35588
2026-06-05T15:20:00,7387.75,7393.5,7383.25,7393.5,30493
2026-06-05T15:25:00,7393.75,7409.75,7393.25,7409.0,35044
2026-06-05T15:30:00,7409.0,7410.0,7397.0,7404.0,28375
2026-06-05T15:35:00,7404.0,7413.0,7402.5,7411.75,27490
2026-06-05T15:40:00,7411.75,7412.5,7394.5,7402.75,38043
2026-06-05T15:45:00,7402.75,7414.75,7401.0,7412.5,29203
2026-06-05T15:50:00,7412.25,7423.0,7409.0,7416.5,46788
2026-06-05T15:55:00,7416.25,7416.5,7397.25,7400.25,127885
2026-06-08T09:30:00,7457.5,7469.25,7445.0,7445.5,48330
2026-06-08T09:35:00,7445.5,7450.25,7439.0,7439.25,33657
2026-06-08T09:40:00,7439.25,7454.0,7438.0,7450.5,32116
2026-06-08T09:45:00,7450.5,7458.5,7444.0,7448.75,28705
2026-06-08T09:50:00,7448.75,7460.5,7442.25,7455.25,23359
2026-06-08T09:55:00,7455.25,7456.75,7431.0,7431.5,27568
2026-06-08T10:00:00,7431.25,7446.75,7429.0,7435.0,30006
2026-06-08T10:05:00,7434.75,7448.5,7433.5,7446.25,21176
2026-06-08T10:10:00,7446.5,7448.0,7437.25,7439.5,19301
2026-06-08T10:15:00,7439.25,7441.25,7431.5,7438.75,17943
2026-06-08T10:20:00,7438.75,7446.75,7434.75,7444.5,16900
2026-06-08T10:25:00,7444.5,7453.25,7442.25,7448.0,20379
2026-06-08T10:30:00,7447.75,7452.75,7445.5,7451.75,15529
2026-06-08T10:35:00,7451.75,7459.75,7450.0,7455.5,22005
2026-06-08T10:40:00,7455.25,7458.0,7442.0,7448.25,19769
2026-06-08T10:45:00,7448.25,7466.0,7448.25,7458.75,23185
2026-06-08T10:50:00,7458.75,7466.5,7455.75,7464.0,14796
2026-06-08T10:55:00,7464.0,7473.5,7459.25,7473.25,14365
2026-06-08T11:00:00,7473.0,7476.5,7469.0,7469.5,16867
2026-06-08T11:05:00,7469.25,7476.75,7468.5,7474.25,14083
2026-06-08T11:10:00,7474.5,7475.25,7469.75,7470.5,10249
2026-06-08T11:15:00,7470.75,7475.5,7467.0,7471.25,18339
2026-06-08T11:20:00,7471.5,7474.25,7464.25,7472.25,14479
2026-06-08T11:25:00,7472.25,7472.25,7453.75,7455.25,18606
2026-06-08T11:30:00,7455.25,7456.5,7440.75,7444.0,27032
2026-06-08T11:35:00,7443.75,7458.75,7441.25,7457.5,17896
2026-06-08T11:40:00,7457.25,7461.5,7454.0,7459.5,14487
2026-06-08T11:45:00,7459.5,7466.0,7455.25,7456.25,15128
2026-06-08T11:50:00,7456.0,7464.25,7456.0,7457.75,11412
2026-06-08T11:55:00,7457.75,7457.75,7447.0,7450.0,13604
2026-06-08T12:00:00,7450.0,7455.0,7444.25,7451.0,13298
2026-06-08T12:05:00,7450.75,7454.5,7447.0,7448.75,9860
2026-06-08T12:10:00,7448.75,7455.0,7445.75,7453.0,9061
2026-06-08T12:15:00,7453.25,7459.75,7452.5,7459.5,8858
2026-06-08T12:20:00,7459.5,7462.25,7450.75,7452.5,12249
2026-06-08T12:25:00,7452.75,7457.0,7443.25,7443.75,10401
2026-06-08T12:30:00,7444.0,7448.5,7441.25,7442.0,11369
2026-06-08T12:35:00,7441.75,7446.75,7437.25,7440.0,12520
2026-06-08T12:40:00,7439.75,7445.75,7438.25,7443.25,9577
2026-06-08T12:45:00,7443.25,7452.0,7442.25,7447.0,8969
2026-06-08T12:50:00,7447.25,7449.5,7444.5,7446.25,8409
2026-06-08T12:55:00,7446.25,7447.25,7441.0,7441.5,7560
2026-06-08T13:00:00,7441.5,7442.0,7425.5,7429.75,17384
2026-06-08T13:05:00,7429.75,7437.25,7428.0,7430.75,13557
2026-06-08T13:10:00,7430.75,7432.25,7423.0,7431.5,14266
2026-06-08T13:15:00,7431.5,7434.25,7423.0,7425.75,12568
2026-06-08T13:20:00,7425.75,7431.0,7423.5,7427.0,12443
2026-06-08T13:25:00,7427.0,7443.0,7425.75,7442.5,14802
2026-06-08T13:30:00,7442.5,7446.5,7432.25,7438.0,16737
2026-06-08T13:35:00,7438.25,7439.5,7427.75,7434.25,12568
2026-06-08T13:40:00,7434.0,7435.75,7426.0,7426.25,11850
2026-06-08T13:45:00,7426.25,7436.25,7425.75,7436.25,10942
2026-06-08T13:50:00,7436.5,7439.75,7432.0,7437.25,8257
2026-06-08T13:55:00,7437.5,7438.25,7431.25,7433.75,7754
2026-06-08T14:00:00,7433.75,7441.75,7433.5,7438.5,11336
2026-06-08T14:05:00,7438.5,7445.5,7438.25,7441.5,9499
2026-06-08T14:10:00,7441.5,7443.5,7432.75,7435.25,10717
2026-06-08T14:15:00,7435.0,7440.5,7434.75,7438.25,7196
2026-06-08T14:20:00,7438.5,7441.75,7435.0,7440.0,7600
2026-06-08T14:25:00,7440.0,7443.25,7438.0,7441.75,6449
2026-06-08T14:30:00,7442.0,7447.0,7440.0,7440.25,9418
2026-06-08T14:35:00,7440.25,7443.5,7431.0,7432.0,9572
2026-06-08T14:40:00,7432.0,7436.0,7430.0,7431.5,9842
2026-06-08T14:45:00,7431.5,7438.0,7431.5,7432.25,8164
2026-06-08T14:50:00,7432.5,7436.5,7431.25,7435.25,6483
2026-06-08T14:55:00,7435.25,7437.75,7431.0,7432.0,7808
2026-06-08T15:00:00,7432.0,7434.25,7427.5,7432.0,9954
2026-06-08T15:05:00,7432.0,7434.25,7424.0,7424.0,8847
2026-06-08T15:10:00,7424.25,7424.5,7414.75,7414.75,18184
2026-06-08T15:15:00,7414.75,7418.5,7411.5,7414.75,17573
2026-06-08T15:20:00,7414.5,7419.5,7406.0,7407.5,16145
2026-06-08T15:25:00,7407.5,7415.0,7403.75,7414.5,16448
2026-06-08T15:30:00,7414.5,7424.25,7413.5,7417.25,19226
2026-06-08T15:35:00,7417.25,7421.25,7413.0,7416.0,15365
2026-06-08T15:40:00,7416.0,7419.75,7411.25,7415.75,16422
2026-06-08T15:45:00,7415.75,7421.5,7413.75,7415.5,14276
2026-06-08T15:50:00,7415.75,7422.5,7410.5,7414.75,27335
2026-06-08T15:55:00,7414.75,7418.25,7412.0,7415.75,74812
2026-06-09T09:30:00,7458.75,7463.75,7454.5,7458.25,32686
2026-06-09T09:35:00,7458.5,7470.75,7456.75,7466.0,27371
2026-06-09T09:40:00,7466.0,7475.25,7463.25,7475.25,24696
2026-06-09T09:45:00,7475.25,7491.0,7474.25,7489.25,35006
2026-06-09T09:50:00,7489.5,7490.0,7473.0,7473.5,34221
2026-06-09T09:55:00,7473.5,7476.75,7464.0,7465.5,27912
2026-06-09T10:00:00,7465.25,7472.25,7459.5,7463.0,31308
2026-06-09T10:05:00,7462.75,7469.25,7460.5,7461.25,24617
2026-06-09T10:10:00,7461.25,7461.75,7436.0,7437.25,40426
2026-06-09T10:15:00,7437.0,7441.0,7415.5,7422.5,50132
2026-06-09T10:20:00,7422.75,7441.75,7415.25,7441.0,43371
2026-06-09T10:25:00,7440.75,7443.25,7429.5,7433.5,28315
2026-06-09T10:30:00,7433.25,7439.0,7424.75,7433.75,25741
2026-06-09T10:35:00,7433.5,7437.0,7426.25,7430.75,21380
2026-06-09T10:40:00,7430.75,7434.0,7405.5,7407.75,28837
2026-06-09T10:45:00,7407.75,7410.5,7371.75,7374.25,54660
2026-06-09T10:50:00,7374.25,7387.5,7367.5,7387.0,43143
2026-06-09T10:55:00,7387.25,7399.5,7379.75,7399.0,28198
2026-06-09T11:00:00,7399.0,7402.75,7390.75,7391.5,25129
2026-06-09T11:05:00,7391.25,7401.5,7384.25,7400.75,21051
2026-06-09T11:10:00,7400.75,7405.75,7390.0,7396.5,19606
2026-06-09T11:15:00,7396.75,7398.75,7383.25,7383.75,17301
2026-06-09T11:20:00,7383.75,7388.5,7362.5,7362.5,26289
2026-06-09T11:25:00,7362.75,7363.25,7328.5,7331.5,46470
2026-06-09T11:30:00,7331.75,7339.5,7326.0,7334.0,46717
2026-06-09T11:35:00,7334.0,7339.25,7327.25,7336.25,36984
2026-06-09T11:40:00,7336.0,7346.25,7333.75,7339.5,27257
2026-06-09T11:45:00,7339.75,7343.5,7337.25,7341.25,19972
2026-06-09T11:50:00,7341.0,7349.0,7332.0,7332.75,27464
2026-06-09T11:55:00,7332.75,7334.25,7311.0,7312.25,39721
2026-06-09T12:00:00,7312.25,7327.25,7311.0,7317.75,32254
2026-06-09T12:05:00,7317.5,7319.0,7299.25,7304.5,38003
2026-06-09T12:10:00,7304.5,7315.0,7299.5,7307.0,30795
2026-06-09T12:15:00,7307.0,7307.25,7278.75,7281.0,47962
2026-06-09T12:20:00,7280.75,7297.0,7274.75,7296.25,41855
2026-06-09T12:25:00,7296.0,7303.0,7290.25,7295.0,27368
2026-06-09T12:30:00,7295.0,7307.5,7285.0,7294.25,34282
2026-06-09T12:35:00,7294.25,7305.5,7250.5,7255.0,53665
2026-06-09T12:40:00,7255.25,7270.5,7247.25,7268.0,46712
2026-06-09T12:45:00,7268.0,7279.25,7262.5,7270.0,28032
2026-06-09T12:50:00,7269.75,7276.0,7257.75,7258.25,24421
2026-06-09T12:55:00,7258.0,7288.25,7257.0,7287.5,21984
2026-06-09T13:00:00,7287.25,7308.25,7285.25,7305.25,26905
2026-06-09T13:05:00,7305.25,7310.0,7296.75,7304.0,19009
2026-06-09T13:10:00,7303.75,7312.0,7292.75,7307.25,17378
2026-06-09T13:15:00,7307.0,7321.75,7300.5,7320.5,19363
2026-06-09T13:20:00,7320.5,7334.5,7316.75,7326.0,24647
2026-06-09T13:25:00,7326.0,7333.75,7320.25,7329.0,13518
2026-06-09T13:30:00,7328.75,7338.75,7323.5,7338.75,14649
2026-06-09T13:35:00,7338.5,7347.25,7331.75,7342.5,17230
2026-06-09T13:40:00,7342.5,7361.5,7340.5,7351.0,21653
2026-06-09T13:45:00,7351.25,7353.75,7331.0,7333.5,27810
2026-06-09T13:50:00,7333.5,7353.25,7333.5,7346.5,18128
2026-06-09T13:55:00,7346.5,7353.0,7345.5,7347.5,10424
2026-06-09T14:00:00,7347.75,7354.75,7342.5,7347.25,12693
2026-06-09T14:05:00,7347.25,7359.5,7345.0,7357.5,12903
2026-06-09T14:10:00,7357.5,7357.75,7346.75,7354.25,11633
2026-06-09T14:15:00,7354.0,7367.0,7347.25,7366.25,13557
2026-06-09T14:20:00,7366.0,7373.5,7358.5,7372.5,15318
2026-06-09T14:25:00,7372.5,7373.5,7361.0,7373.0,11073
2026-06-09T14:30:00,7373.25,7384.0,7370.25,7379.0,17559
2026-06-09T14:35:00,7378.75,7384.75,7375.75,7381.75,10778
2026-06-09T14:40:00,7381.5,7382.0,7364.75,7366.0,17158
2026-06-09T14:45:00,7366.25,7377.5,7365.25,7377.25,16052
2026-06-09T14:50:00,7377.5,7384.0,7373.0,7378.5,12720
2026-06-09T14:55:00,7378.75,7393.5,7378.0,7389.5,15418
2026-06-09T15:00:00,7389.25,7396.25,7383.0,7395.0,16920
2026-06-09T15:05:00,7394.75,7398.75,7385.75,7386.75,13671
2026-06-09T15:10:00,7386.5,7386.75,7373.25,7374.75,15913
2026-06-09T15:15:00,7375.0,7376.25,7356.5,7358.5,24486
2026-06-09T15:20:00,7358.5,7365.25,7353.75,7361.5,19939
2026-06-09T15:25:00,7361.25,7370.5,7356.75,7367.75,14273
2026-06-09T15:30:00,7367.5,7372.0,7362.25,7367.25,15267
2026-06-09T15:35:00,7367.5,7368.75,7357.25,7357.5,15874
2026-06-09T15:40:00,7357.75,7360.75,7347.75,7356.25,22071
2026-06-09T15:45:00,7356.0,7360.0,7347.25,7352.5,16864
2026-06-09T15:50:00,7352.5,7384.75,7352.5,7383.75,43175
2026-06-09T15:55:00,7383.5,7395.5,7382.5,7391.75,104618
2026-06-10T09:30:00,7354.75,7360.5,7338.5,7338.5,32725
2026-06-10T09:35:00,7338.5,7373.0,7335.25,7366.5,35522
2026-06-10T09:40:00,7366.5,7382.5,7353.0,7382.25,29298
2026-06-10T09:45:00,7382.0,7390.5,7373.75,7387.0,32947
2026-06-10T09:50:00,7386.75,7387.0,7367.5,7377.0,25433
2026-06-10T09:55:00,7377.25,7387.5,7373.25,7378.0,17940
2026-06-10T10:00:00,7378.0,7393.75,7370.75,7386.5,21668
2026-06-10T10:05:00,7386.25,7394.5,7379.5,7392.0,16308
2026-06-10T10:10:00,7392.0,7396.75,7385.25,7387.5,22744
2026-06-10T10:15:00,7387.75,7391.75,7378.5,7385.75,18642
2026-06-10T10:20:00,7385.75,7404.75,7382.5,7403.0,17165
2026-06-10T10:25:00,7403.0,7404.75,7386.75,7392.75,19189
2026-06-10T10:30:00,7392.5,7399.0,7378.25,7399.0,18748
2026-06-10T10:35:00,7399.0,7400.0,7380.5,7386.0,14306
2026-06-10T10:40:00,7385.75,7393.25,7376.25,7376.5,12227
2026-06-10T10:45:00,7376.5,7381.75,7365.25,7370.0,21146
2026-06-10T10:50:00,7370.25,7377.5,7362.25,7366.75,23257
2026-06-10T10:55:00,7366.5,7370.25,7343.0,7349.25,30481
2026-06-10T11:00:00,7349.0,7364.75,7339.5,7351.5,24886
2026-06-10T11:05:00,7351.5,7353.25,7337.75,7338.25,18482
2026-06-10T11:10:00,7338.25,7341.0,7326.75,7327.5,29928
2026-06-10T11:15:00,7327.5,7328.0,7315.5,7322.25,25760
2026-06-10T11:20:00,7322.25,7344.25,7320.75,7339.0,23499
2026-06-10T11:25:00,7338.5,7346.25,7334.25,7334.75,16028
2026-06-10T11:30:00,7334.75,7343.75,7325.5,7330.5,17783
2026-06-10T11:35:00,7330.75,7337.25,7321.0,7328.5,14334
2026-06-10T11:40:00,7328.25,7346.5,7324.25,7343.0,15054
2026-06-10T11:45:00,7343.0,7348.5,7309.75,7320.25,38202
2026-06-10T11:50:00,7320.0,7337.0,7305.0,7328.25,31984
2026-06-10T11:55:00,7328.5,7342.0,7321.25,7340.25,15680
2026-06-10T12:00:00,7340.25,7346.0,7331.0,7336.0,13848
2026-06-10T12:05:00,7335.75,7341.25,7325.75,7329.5,12169
2026-06-10T12:10:00,7329.5,7329.75,7319.5,7323.0,11997
2026-06-10T12:15:00,7323.0,7331.5,7321.75,7326.0,9473
2026-06-10T12:20:00,7325.75,7329.75,7319.5,7321.75,9405
2026-06-10T12:25:00,7321.75,7330.0,7320.75,7327.25,7538
2026-06-10T12:30:00,7327.25,7337.0,7320.5,7336.5,10519
2026-06-10T12:35:00,7336.75,7344.0,7330.75,7340.25,12790
2026-06-10T12:40:00,7340.25,7343.5,7324.5,7328.75,10013
2026-06-10T12:45:00,7329.0,7329.0,7314.5,7320.0,12939
2026-06-10T12:50:00,7320.0,7331.0,7317.25,7322.75,11159
2026-06-10T12:55:00,7322.75,7326.0,7315.25,7324.0,8767
2026-06-10T13:00:00,7324.0,7334.5,7320.25,7332.0,9711
2026-06-10T13:05:00,7332.0,7332.5,7316.0,7317.0,10986
2026-06-10T13:10:00,7317.0,7317.75,7307.5,7310.5,10496
2026-06-10T13:15:00,7310.25,7315.0,7307.25,7310.25,8052
2026-06-10T13:20:00,7310.0,7316.25,7308.0,7315.75,7215
2026-06-10T13:25:00,7315.25,7318.75,7311.0,7317.0,8032
2026-06-10T13:30:00,7316.75,7317.5,7304.5,7309.25,9372
2026-06-10T13:35:00,7309.25,7309.25,7301.25,7302.25,8878
2026-06-10T13:40:00,7302.25,7306.5,7299.0,7300.25,11944
2026-06-10T13:45:00,7300.5,7327.25,7299.25,7324.0,21993
2026-06-10T13:50:00,7323.75,7326.25,7310.0,7320.5,15483
2026-06-10T13:55:00,7320.5,7328.75,7318.25,7327.25,9288
2026-06-10T14:00:00,7327.25,7338.5,7325.75,7337.5,13259
2026-06-10T14:05:00,7337.5,7338.5,7325.0,7325.75,9546
2026-06-10T14:10:00,7325.75,7333.25,7325.0,7328.0,6114
2026-06-10T14:15:00,7328.0,7333.5,7315.0,7318.0,9242
2026-06-10T14:20:00,7318.25,7325.25,7313.5,7319.75,9683
2026-06-10T14:25:00,7320.0,7322.0,7314.5,7316.0,7021
2026-06-10T14:30:00,7316.25,7316.5,7309.0,7311.0,7787
2026-06-10T14:35:00,7311.0,7312.0,7302.0,7306.0,12333
2026-06-10T14:40:00,7306.0,7309.25,7301.5,7305.75,8308
2026-06-10T14:45:00,7305.75,7306.25,7299.5,7299.75,8399
2026-06-10T14:50:00,7299.75,7302.0,7290.5,7298.0,18146
2026-06-10T14:55:00,7298.0,7299.5,7290.5,7295.25,12499
2026-06-10T15:00:00,7295.0,7302.0,7289.0,7294.25,14343
2026-06-10T15:05:00,7294.25,7302.25,7290.75,7298.75,11461
2026-06-10T15:10:00,7298.75,7299.25,7288.75,7291.5,11863
2026-06-10T15:15:00,7291.75,7293.25,7284.0,7286.25,11248
2026-06-10T15:20:00,7286.0,7286.25,7278.75,7282.5,15489
2026-06-10T15:25:00,7282.25,7283.75,7276.0,7281.25,16366
2026-06-10T15:30:00,7281.0,7292.75,7278.0,7291.0,19059
2026-06-10T15:35:00,7291.0,7298.0,7287.75,7296.25,14203
2026-06-10T15:40:00,7296.25,7298.75,7287.75,7294.0,15626
2026-06-10T15:45:00,7293.75,7295.75,7284.0,7290.0,13303
2026-06-10T15:50:00,7290.0,7300.75,7275.5,7290.0,32610
2026-06-10T15:55:00,7290.0,7294.25,7275.25,7276.0,78786
2026-06-11T09:30:00,7307.75,7311.0,7290.5,7292.5,42470
2026-06-11T09:35:00,7292.5,7302.75,7287.75,7292.5,40159
2026-06-11T09:40:00,7292.5,7296.5,7283.0,7291.25,31142
2026-06-11T09:45:00,7291.25,7317.5,7287.25,7305.5,40189
2026-06-11T09:50:00,7305.75,7335.5,7305.75,7330.5,33552
2026-06-11T09:55:00,7330.25,7335.5,7314.0,7317.0,28582
2026-06-11T10:00:00,7317.25,7335.75,7314.75,7330.5,27245
2026-06-11T10:05:00,7330.5,7330.5,7317.25,7320.25,25853
2026-06-11T10:10:00,7320.25,7321.75,7297.25,7298.25,34381
2026-06-11T10:15:00,7298.25,7304.5,7289.0,7290.5,26556
2026-06-11T10:20:00,7290.25,7316.25,7289.0,7311.25,39226
2026-06-11T10:25:00,7311.25,7317.5,7296.25,7308.0,24325
2026-06-11T10:30:00,7308.0,7313.5,7296.5,7303.0,23940
2026-06-11T10:35:00,7302.75,7320.25,7300.75,7311.0,21781
2026-06-11T10:40:00,7311.0,7318.5,7304.75,7305.5,16748
2026-06-11T10:45:00,7305.25,7309.5,7298.0,7301.25,16441
2026-06-11T10:50:00,7301.0,7302.25,7290.25,7292.75,13570
2026-06-11T10:55:00,7292.75,7293.0,7270.25,7275.5,26078
2026-06-11T11:00:00,7275.5,7282.75,7263.0,7278.5,26952
2026-06-11T11:05:00,7278.75,7292.75,7272.25,7286.0,23212
2026-06-11T11:10:00,7285.5,7298.0,7284.0,7293.0,18614
2026-06-11T11:15:00,7293.0,7303.5,7286.25,7292.75,18104
2026-06-11T11:20:00,7292.75,7307.0,7290.75,7301.75,15301
2026-06-11T11:25:00,7302.0,7305.75,7291.0,7291.25,11547
2026-06-11T11:30:00,7291.0,7297.75,7286.5,7294.75,14660
2026-06-11T11:35:00,7294.75,7309.0,7293.25,7304.25,15128
2026-06-11T11:40:00,7304.25,7314.25,7293.5,7298.0,17751
2026-06-11T11:45:00,7298.0,7303.75,7292.25,7296.75,11243
2026-06-11T11:50:00,7296.75,7297.5,7289.25,7292.0,10255
2026-06-11T11:55:00,7292.25,7303.25,7287.5,7300.25,16173
2026-06-11T12:00:00,7300.25,7309.75,7295.0,7299.5,12354
2026-06-11T12:05:00,7299.5,7312.0,7296.25,7309.75,12118
2026-06-11T12:10:00,7309.75,7321.0,7307.75,7318.5,16123
2026-06-11T12:15:00,7318.5,7323.0,7312.5,7317.0,10831
2026-06-11T12:20:00,7317.25,7319.75,7304.25,7305.0,15276
2026-06-11T12:25:00,7305.0,7307.25,7297.25,7298.0,15906
2026-06-11T12:30:00,7298.0,7318.0,7293.5,7312.75,21272
2026-06-11T12:35:00,7312.75,7318.75,7304.75,7306.75,12258
2026-06-11T12:40:00,7307.0,7308.75,7302.75,7305.75,7450
2026-06-11T12:45:00,7305.5,7308.75,7300.5,7302.5,8756
2026-06-11T12:50:00,7302.5,7303.5,7290.0,7291.0,12021
2026-06-11T12:55:00,7291.0,7292.0,7284.5,7284.75,11068
2026-06-11T13:00:00,7285.0,7292.25,7275.0,7278.0,18435
2026-06-11T13:05:00,7278.0,7288.5,7277.25,7287.25,15463
2026-06-11T13:10:00,7287.5,7292.0,7281.5,7282.75,13859
2026-06-11T13:15:00,7282.75,7285.75,7273.5,7276.25,14056
2026-06-11T13:20:00,7276.25,7281.5,7271.75,7280.0,10427
2026-06-11T13:25:00,7279.75,7346.5,7278.75,7345.0,39479
2026-06-11T13:30:00,7345.25,7371.5,7342.0,7362.5,63095
2026-06-11T13:35:00,7362.5,7366.5,7352.25,7363.0,30798
2026-06-11T13:40:00,7362.75,7386.5,7358.25,7382.25,32829
2026-06-11T13:45:00,7382.5,7385.75,7365.0,7368.0,25308
2026-06-11T13:50:00,7368.25,7369.0,7354.0,7363.25,18591
2026-06-11T13:55:00,7363.25,7371.25,7357.25,7369.25,17551
2026-06-11T14:00:00,7369.25,7376.25,7347.75,7352.5,25060
2026-06-11T14:05:00,7352.5,7359.25,7344.75,7352.0,14929
2026-06-11T14:10:00,7351.75,7363.0,7350.75,7362.75,11822
2026-06-11T14:15:00,7362.75,7377.75,7361.0,7375.5,17490
2026-06-11T14:20:00,7375.5,7375.5,7358.0,7365.5,21979
2026-06-11T14:25:00,7365.0,7369.5,7361.75,7364.75,11166
2026-06-11T14:30:00,7364.75,7373.75,7362.75,7365.5,10256
2026-06-11T14:35:00,7365.25,7369.5,7361.0,7363.0,9136
2026-06-11T14:40:00,7363.0,7370.5,7360.5,7369.25,8209
2026-06-11T14:45:00,7369.25,7379.5,7367.75,7378.5,16627
2026-06-11T14:50:00,7378.5,7383.25,7377.0,7377.5,10558
2026-06-11T14:55:00,7377.5,7380.0,7371.75,7377.5,12625
2026-06-11T15:00:00,7377.75,7387.0,7377.0,7384.0,16151
2026-06-11T15:05:00,7383.75,7385.25,7373.0,7381.5,17337
2026-06-11T15:10:00,7381.5,7392.5,7380.5,7389.25,21030
2026-06-11T15:15:00,7389.5,7394.5,7387.0,7394.0,13677
2026-06-11T15:20:00,7393.75,7396.75,7391.0,7393.25,14988
2026-06-11T15:25:00,7393.25,7402.0,7391.75,7399.25,18612
2026-06-11T15:30:00,7399.25,7417.75,7398.75,7416.0,36416
2026-06-11T15:35:00,7416.0,7420.0,7407.5,7409.0,21595
2026-06-11T15:40:00,7409.0,7418.25,7406.25,7413.75,19504
2026-06-11T15:45:00,7413.5,7413.5,7398.5,7399.25,23378
2026-06-11T15:50:00,7399.25,7404.75,7392.5,7401.75,34751
2026-06-11T15:55:00,7401.5,7403.5,7393.25,7394.5,113470
2026-06-12T09:30:00,7423.75,7424.75,7395.75,7401.5,52464
2026-06-12T09:35:00,7401.5,7411.25,7399.5,7408.5,26217
2026-06-12T09:40:00,7408.5,7409.5,7374.0,7375.5,48500
2026-06-12T09:45:00,7375.5,7382.75,7366.5,7372.5,33651
2026-06-12T09:50:00,7372.75,7382.25,7368.0,7377.25,24336
2026-06-12T09:55:00,7377.25,7390.75,7374.75,7383.0,22632
2026-06-12T10:00:00,7383.25,7407.5,7380.25,7404.25,36701
2026-06-12T10:05:00,7404.25,7419.0,7399.5,7418.5,31709
2026-06-12T10:10:00,7418.25,7421.75,7404.25,7409.5,27878
2026-06-12T10:15:00,7409.5,7427.75,7409.25,7420.0,24697
2026-06-12T10:20:00,7420.0,7424.75,7405.5,7408.25,21368
2026-06-12T10:25:00,7408.0,7418.5,7408.0,7412.5,18258
2026-06-12T10:30:00,7412.25,7421.75,7409.0,7414.75,22416
2026-06-12T10:35:00,7414.75,7428.75,7414.0,7421.0,20981
2026-06-12T10:40:00,7421.0,7421.25,7395.75,7396.5,25180
2026-06-12T10:45:00,7396.5,7403.5,7388.5,7391.0,28327
2026-06-12T10:50:00,7391.0,7434.75,7390.5,7433.5,45322
2026-06-12T10:55:00,7433.5,7443.5,7426.25,7440.5,32283
2026-06-12T11:00:00,7440.75,7446.5,7433.0,7437.5,21111
2026-06-12T11:05:00,7437.75,7445.25,7435.75,7441.25,16037
2026-06-12T11:10:00,7441.25,7450.5,7438.5,7448.25,18294
2026-06-12T11:15:00,7448.5,7453.75,7442.75,7453.5,15412
2026-06-12T11:20:00,7453.5,7461.5,7449.25,7459.75,19767
2026-06-12T11:25:00,7459.75,7461.75,7455.0,7458.75,18210
2026-06-12T11:30:00,7458.5,7459.25,7444.25,7444.5,23987
2026-06-12T11:35:00,7444.75,7455.5,7430.25,7436.5,27470
2026-06-12T11:40:00,7436.75,7437.75,7424.75,7426.5,17262
2026-06-12T11:45:00,7426.25,7435.75,7411.0,7412.25,22367
2026-06-12T11:50:00,7412.0,7429.5,7408.5,7426.25,23730
2026-06-12T11:55:00,7426.5,7427.0,7401.25,7405.75,21423
2026-06-12T12:00:00,7405.75,7411.75,7398.25,7406.25,26548
2026-06-12T12:05:00,7406.0,7416.0,7401.25,7413.25,15850
2026-06-12T12:10:00,7413.0,7439.5,7406.5,7427.5,25254
2026-06-12T12:15:00,7427.25,7439.0,7420.0,7423.25,18932
2026-06-12T12:20:00,7423.0,7428.0,7416.75,7424.25,11640
2026-06-12T12:25:00,7424.0,7429.0,7418.5,7423.25,9296
2026-06-12T12:30:00,7423.25,7428.5,7419.5,7427.25,7787
2026-06-12T12:35:00,7427.0,7428.75,7419.25,7424.25,9021
2026-06-12T12:40:00,7424.0,7431.75,7420.0,7422.0,10919
2026-06-12T12:45:00,7421.75,7431.25,7421.0,7430.5,8559
2026-06-12T12:50:00,7430.25,7432.5,7426.0,7427.5,9085
2026-06-12T12:55:00,7427.5,7433.25,7420.0,7432.25,11648
2026-06-12T13:00:00,7432.25,7438.25,7431.25,7437.5,9429
2026-06-12T13:05:00,7437.5,7447.0,7435.5,7439.5,15292
2026-06-12T13:10:00,7439.75,7440.75,7429.0,7437.0,8639
2026-06-12T13:15:00,7437.25,7443.25,7434.5,7442.25,9331
2026-06-12T13:20:00,7442.25,7444.75,7439.0,7441.0,8470
2026-06-12T13:25:00,7441.25,7443.0,7433.75,7438.25,7958
2026-06-12T13:30:00,7438.5,7439.75,7430.75,7431.75,10057
2026-06-12T13:35:00,7431.75,7437.25,7430.5,7434.5,8038
2026-06-12T13:40:00,7434.25,7438.0,7431.75,7434.0,8073
2026-06-12T13:45:00,7434.25,7438.75,7433.25,7435.75,7363
2026-06-12T13:50:00,7436.0,7438.0,7434.0,7436.0,8702
2026-06-12T13:55:00,7436.0,7436.0,7426.25,7430.5,9801
2026-06-12T14:00:00,7430.5,7432.5,7426.5,7428.25,9307
2026-06-12T14:05:00,7428.25,7430.0,7422.5,7427.0,9520
2026-06-12T14:10:00,7427.0,7438.0,7426.25,7427.5,12359
2026-06-12T14:15:00,7427.5,7430.0,7422.0,7424.0,9895
2026-06-12T14:20:00,7424.0,7427.0,7421.75,7425.0,7204
2026-06-12T14:25:00,7425.0,7431.25,7422.5,7430.0,10046
2026-06-12T14:30:00,7430.25,7436.25,7429.75,7434.0,7949
2026-06-12T14:35:00,7434.25,7435.5,7432.0,7435.5,9496
2026-06-12T14:40:00,7435.5,7441.25,7435.5,7440.0,9324
2026-06-12T14:45:00,7440.25,7441.0,7435.25,7437.5,8987
2026-06-12T14:50:00,7437.75,7439.75,7432.75,7438.5,9346
2026-06-12T14:55:00,7438.5,7438.5,7427.25,7428.0,11005
2026-06-12T15:00:00,7428.0,7438.25,7427.25,7437.5,10782
2026-06-12T15:05:00,7437.5,7439.75,7433.25,7435.5,10261
2026-06-12T15:10:00,7435.75,7436.25,7430.25,7432.0,9774
2026-06-12T15:15:00,7432.0,7434.5,7427.5,7434.25,10038
2026-06-12T15:20:00,7434.25,7435.5,7431.75,7434.25,9379
2026-06-12T15:25:00,7434.25,7437.75,7431.25,7432.0,11841
2026-06-12T15:30:00,7432.0,7433.75,7423.0,7423.25,14775
2026-06-12T15:35:00,7423.25,7435.5,7418.75,7424.0,16950
2026-06-12T15:40:00,7424.25,7429.75,7421.75,7426.25,15748
2026-06-12T15:45:00,7426.0,7428.75,7422.75,7426.75,13739
2026-06-12T15:50:00,7427.0,7430.5,7425.75,7430.25,19306
2026-06-12T15:55:00,7430.0,7437.5,7429.5,7433.75,69850
2026-06-15T09:30:00,7599.25,7612.0,7598.5,7608.0,50512
2026-06-15T09:35:00,7608.25,7616.0,7607.75,7612.0,33838
2026-06-15T09:40:00,7612.0,7614.25,7606.75,7609.5,31373
2026-06-15T09:45:00,7609.75,7620.5,7609.5,7619.25,35427
2026-06-15T09:50:00,7619.5,7622.5,7617.25,7618.25,22465
2026-06-15T09:55:00,7618.5,7622.0,7613.25,7614.25,26313
2026-06-15T10:00:00,7614.25,7621.0,7611.5,7617.75,31819
2026-06-15T10:05:00,7618.0,7620.75,7610.0,7613.0,24731
2026-06-15T10:10:00,7613.25,7614.0,7605.5,7611.0,30724
2026-06-15T10:15:00,7611.0,7614.5,7606.5,7613.75,26195
2026-06-15T10:20:00,7613.75,7615.75,7607.25,7610.75,23476
2026-06-15T10:25:00,7611.0,7618.0,7610.5,7617.25,28344
2026-06-15T10:30:00,7617.25,7618.25,7610.0,7612.75,24789
2026-06-15T10:35:00,7612.75,7616.5,7611.25,7614.5,22951
2026-06-15T10:40:00,7614.5,7615.0,7611.5,7613.75,20096
2026-06-15T10:45:00,7613.75,7619.25,7613.75,7615.75,20511
2026-06-15T10:50:00,7615.75,7621.5,7615.75,7620.25,22083
2026-06-15T10:55:00,7620.25,7625.0,7619.0,7623.0,25917
2026-06-15T11:00:00,7623.25,7629.0,7623.0,7627.25,31894
2026-06-15T11:05:00,7627.5,7629.0,7624.75,7628.0,20821
2026-06-15T11:10:00,7628.25,7629.25,7625.25,7628.0,20424
2026-06-15T11:15:00,7628.25,7629.5,7626.0,7627.5,15564
2026-06-15T11:20:00,7627.5,7632.0,7627.0,7629.5,24619
2026-06-15T11:25:00,7629.75,7634.0,7629.25,7632.75,27732
2026-06-15T11:30:00,7633.0,7636.0,7629.25,7630.0,26597
2026-06-15T11:35:00,7630.25,7635.0,7629.75,7634.0,17294
2026-06-15T11:40:00,7633.75,7637.0,7633.0,7636.0,17946
2026-06-15T11:45:00,7636.0,7642.25,7636.0,7641.5,16198
2026-06-15T11:50:00,7641.5,7643.0,7640.0,7641.75,14540
2026-06-15T11:55:00,7641.5,7644.5,7640.0,7643.25,14132
2026-06-15T12:00:00,7643.25,7648.75,7643.0,7646.0,21485
2026-06-15T12:05:00,7646.25,7647.0,7644.0,7644.75,16816
2026-06-15T12:10:00,7644.75,7646.75,7642.0,7643.25,16970
2026-06-15T12:15:00,7643.5,7645.0,7641.0,7643.25,15659
2026-06-15T12:20:00,7643.25,7646.5,7642.75,7646.0,13497
2026-06-15T12:25:00,7646.0,7647.5,7644.25,7646.75,14145
2026-06-15T12:30:00,7646.75,7648.25,7643.75,7644.0,15281
2026-06-15T12:35:00,7644.0,7645.25,7639.75,7641.0,13552
2026-06-15T12:40:00,7641.0,7644.25,7639.5,7641.0,16401
2026-06-15T12:45:00,7641.0,7641.0,7636.75,7638.5,12352
2026-06-15T12:50:00,7638.75,7641.5,7638.25,7638.75,17888
2026-06-15T12:55:00,7639.0,7641.5,7637.5,7640.5,20789
2026-06-15T13:00:00,7640.25,7642.25,7634.75,7639.75,21555
2026-06-15T13:05:00,7639.75,7641.25,7632.5,7635.75,16385
2026-06-15T13:10:00,7635.5,7641.0,7635.0,7639.75,11706
2026-06-15T13:15:00,7639.5,7644.0,7638.75,7641.75,11600
2026-06-15T13:20:00,7641.75,7644.75,7640.75,7643.5,17672
2026-06-15T13:25:00,7643.75,7646.5,7642.25,7643.5,18263
2026-06-15T13:30:00,7643.25,7645.25,7639.0,7641.25,15081
2026-06-15T13:35:00,7641.25,7643.75,7640.75,7642.25,11615
2026-06-15T13:40:00,7642.25,7642.5,7638.75,7639.5,10087
2026-06-15T13:45:00,7639.75,7640.5,7637.5,7639.25,10397
2026-06-15T13:50:00,7639.25,7640.0,7635.75,7636.0,12858
2026-06-15T13:55:00,7636.0,7636.25,7632.0,7633.5,14169
2026-06-15T14:00:00,7633.75,7635.0,7628.0,7629.75,18880
2026-06-15T14:05:00,7629.5,7633.75,7628.25,7631.5,15146
2026-06-15T14:10:00,7631.5,7634.0,7631.0,7633.5,17962
2026-06-15T14:15:00,7633.5,7635.5,7632.5,7632.75,11262
2026-06-15T14:20:00,7632.5,7633.25,7630.5,7631.25,13434
2026-06-15T14:25:00,7631.25,7632.75,7628.0,7628.75,14512
2026-06-15T14:30:00,7628.75,7631.5,7625.75,7629.75,13374
2026-06-15T14:35:00,7630.0,7634.5,7629.0,7633.75,12129
2026-06-15T14:40:00,7634.0,7635.25,7631.75,7634.25,10774
2026-06-15T14:45:00,7634.0,7636.25,7633.0,7633.75,10488
2026-06-15T14:50:00,7634.0,7634.75,7632.0,7633.25,7733
2026-06-15T14:55:00,7633.0,7634.5,7630.5,7631.5,9761
2026-06-15T15:00:00,7631.75,7632.25,7629.0,7629.75,13609
2026-06-15T15:05:00,7629.75,7631.5,7628.5,7630.25,11674
2026-06-15T15:10:00,7630.0,7632.75,7628.5,7632.0,12369
2026-06-15T15:15:00,7631.75,7634.5,7630.75,7631.5,10515
2026-06-15T15:20:00,7631.5,7631.75,7627.75,7628.25,11740
2026-06-15T15:25:00,7628.5,7629.25,7624.75,7625.0,12877
2026-06-15T15:30:00,7625.0,7628.25,7623.25,7624.25,17613
2026-06-15T15:35:00,7624.5,7625.5,7622.75,7624.75,14446
2026-06-15T15:40:00,7624.75,7626.75,7623.75,7625.5,18263
2026-06-15T15:45:00,7625.25,7631.25,7624.75,7629.25,26177
2026-06-15T15:50:00,7629.5,7629.5,7620.25,7621.75,49358
2026-06-15T15:55:00,7621.75,7631.25,7616.5,7630.0,152355
2026-06-16T09:30:00,7627.75,7636.75,7624.25,7634.5,38793
2026-06-16T09:35:00,7634.75,7636.5,7629.75,7629.75,26543
2026-06-16T09:40:00,7630.0,7635.25,7628.5,7630.5,24741
2026-06-16T09:45:00,7630.5,7636.25,7628.75,7633.5,26650
2026-06-16T09:50:00,7633.5,7635.25,7630.0,7631.25,21347
2026-06-16T09:55:00,7631.5,7632.5,7621.75,7622.75,27547
2026-06-16T10:00:00,7622.75,7629.5,7622.25,7628.25,26333
2026-06-16T10:05:00,7628.5,7632.75,7623.5,7632.75,22280
2026-06-16T10:10:00,7633.0,7634.0,7628.0,7630.5,21655
2026-06-16T10:15:00,7630.25,7632.75,7620.25,7621.75,25722
2026-06-16T10:20:00,7621.75,7625.25,7613.0,7617.25,31347
2026-06-16T10:25:00,7617.25,7621.25,7612.25,7612.25,27300
2026-06-16T10:30:00,7612.0,7612.5,7604.0,7606.75,37341
2026-06-16T10:35:00,7606.75,7617.75,7606.25,7617.75,25240
2026-06-16T10:40:00,7617.5,7621.5,7614.25,7614.25,22744
2026-06-16T10:45:00,7614.25,7616.0,7611.5,7612.75,20611
2026-06-16T10:50:00,7612.75,7619.0,7612.5,7614.0,26174
2026-06-16T10:55:00,7614.0,7615.75,7606.5,7611.0,21572
2026-06-16T11:00:00,7611.0,7616.25,7610.25,7615.0,18468
2026-06-16T11:05:00,7615.0,7618.0,7611.75,7616.0,17492
2026-06-16T11:10:00,7616.0,7619.25,7612.5,7616.0,18487
2026-06-16T11:15:00,7615.75,7618.25,7611.5,7611.75,15925
2026-06-16T11:20:00,7612.0,7614.25,7607.5,7611.0,23823
2026-06-16T11:25:00,7610.75,7612.75,7604.5,7608.0,23937
2026-06-16T11:30:00,7608.0,7614.75,7608.0,7613.5,20810
2026-06-16T11:35:00,7613.5,7616.25,7608.0,7610.0,17998
2026-06-16T11:40:00,7610.25,7611.75,7605.75,7606.75,20339
2026-06-16T11:45:00,7607.0,7608.5,7599.0,7604.5,25326
2026-06-16T11:50:00,7604.25,7614.75,7602.5,7614.0,25418
2026-06-16T11:55:00,7614.25,7616.75,7609.5,7610.0,23593
2026-06-16T12:00:00,7609.75,7619.0,7609.5,7615.75,18224
2026-06-16T12:05:00,7616.0,7619.5,7615.25,7617.75,15861
2026-06-16T12:10:00,7617.75,7622.25,7616.25,7619.0,16530
2026-06-16T12:15:00,7619.25,7621.25,7615.5,7618.75,11806
2026-06-16T12:20:00,7619.0,7621.75,7616.75,7617.75,11376
2026-06-16T12:25:00,7617.75,7618.75,7614.25,7616.25,13740
2026-06-16T12:30:00,7616.0,7617.0,7607.0,7607.25,14088
2026-06-16T12:35:00,7607.25,7611.0,7606.75,7610.25,12677
2026-06-16T12:40:00,7610.25,7615.0,7608.25,7613.25,15161
2026-06-16T12:45:00,7613.0,7615.0,7610.0,7610.5,11577
2026-06-16T12:50:00,7610.75,7613.75,7607.25,7608.75,12122
2026-06-16T12:55:00,7609.0,7610.75,7606.0,7610.5,12970
2026-06-16T13:00:00,7610.25,7610.5,7604.75,7607.75,12496
2026-06-16T13:05:00,7607.75,7608.0,7604.75,7607.5,8657
2026-06-16T13:10:00,7607.5,7611.5,7606.75,7609.25,11164
2026-06-16T13:15:00,7609.25,7611.25,7604.25,7604.5,8910
2026-06-16T13:20:00,7604.75,7607.5,7602.0,7607.0,14942
2026-06-16T13:25:00,7607.0,7608.25,7604.25,7605.75,7471
2026-06-16T13:30:00,7605.5,7606.75,7603.25,7605.0,10514
2026-06-16T13:35:00,7605.0,7605.75,7598.75,7600.75,9484
2026-06-16T13:40:00,7601.0,7606.0,7599.0,7603.75,11537
2026-06-16T13:45:00,7603.5,7605.75,7601.25,7605.5,12776
2026-06-16T13:50:00,7605.75,7610.0,7604.0,7609.75,12828
2026-06-16T13:55:00,7609.75,7611.5,7605.25,7605.75,11683
2026-06-16T14:00:00,7605.5,7607.5,7604.0,7606.25,10890
2026-06-16T14:05:00,7606.0,7607.0,7603.5,7604.25,8810
2026-06-16T14:10:00,7604.0,7606.25,7603.75,7604.5,10273
2026-06-16T14:15:00,7604.75,7605.5,7601.75,7603.5,17610
2026-06-16T14:20:00,7603.5,7606.0,7602.5,7604.25,8085
2026-06-16T14:25:00,7604.25,7607.5,7604.0,7605.25,8262
2026-06-16T14:30:00,7605.25,7606.25,7602.25,7602.75,9260
2026-06-16T14:35:00,7602.75,7606.5,7601.5,7604.75,10269
2026-06-16T14:40:00,7604.75,7606.0,7603.5,7605.0,6275
2026-06-16T14:45:00,7605.25,7606.75,7602.0,7602.0,6613
2026-06-16T14:50:00,7602.25,7604.0,7601.5,7602.5,5381
2026-06-16T14:55:00,7602.5,7604.5,7600.5,7602.0,9291
2026-06-16T15:00:00,7602.0,7603.0,7597.75,7601.5,12753
2026-06-16T15:05:00,7601.5,7601.75,7597.25,7598.0,9158
2026-06-16T15:10:00,7598.0,7599.25,7592.5,7593.75,14760
2026-06-16T15:15:00,7593.75,7594.25,7584.75,7594.0,21539
2026-06-16T15:20:00,7594.0,7599.0,7592.5,7598.25,13877
2026-06-16T15:25:00,7598.25,7600.0,7594.0,7596.25,13081
2026-06-16T15:30:00,7596.25,7597.25,7590.5,7590.75,14339
2026-06-16T15:35:00,7590.75,7595.0,7588.0,7588.75,12976
2026-06-16T15:40:00,7588.5,7594.5,7587.5,7594.25,14107
2026-06-16T15:45:00,7594.25,7595.0,7590.0,7592.5,16866
2026-06-16T15:50:00,7592.5,7597.75,7589.25,7595.25,26254
2026-06-16T15:55:00,7595.25,7596.75,7583.0,7588.0,99841
2026-06-17T09:30:00,7595.75,7596.0,7584.75,7589.5,33435
2026-06-17T09:35:00,7589.5,7593.25,7585.0,7586.25,21994
2026-06-17T09:40:00,7586.5,7598.0,7583.25,7598.0,23291
2026-06-17T09:45:00,7598.0,7600.25,7593.75,7594.0,21207
2026-06-17T09:50:00,7593.75,7597.5,7591.5,7596.0,16598
2026-06-17T09:55:00,7596.0,7596.25,7581.0,7581.0,18880
2026-06-17T10:00:00,7581.25,7589.0,7578.5,7587.0,24598
2026-06-17T10:05:00,7587.0,7593.25,7582.25,7589.25,17217
2026-06-17T10:10:00,7589.25,7595.0,7585.25,7594.75,14645
2026-06-17T10:15:00,7594.75,7598.25,7593.25,7595.75,15570
2026-06-17T10:20:00,7595.75,7604.25,7593.75,7603.75,14740
2026-06-17T10:25:00,7603.75,7603.75,7597.25,7599.25,14766
2026-06-17T10:30:00,7599.25,7599.75,7586.25,7590.25,16100
2026-06-17T10:35:00,7590.0,7590.75,7582.25,7582.75,17369
2026-06-17T10:40:00,7582.75,7586.0,7574.0,7584.0,25091
2026-06-17T10:45:00,7584.0,7588.75,7560.5,7576.25,48118
2026-06-17T10:50:00,7576.0,7584.5,7572.5,7582.5,20060
2026-06-17T10:55:00,7582.5,7582.75,7571.25,7572.5,14292
2026-06-17T11:00:00,7572.25,7577.5,7571.0,7574.5,14526
2026-06-17T11:05:00,7574.5,7577.0,7568.0,7569.5,14271
2026-06-17T11:10:00,7569.25,7579.75,7569.25,7578.25,12337
2026-06-17T11:15:00,7578.25,7584.75,7575.5,7580.25,16391
2026-06-17T11:20:00,7580.25,7583.25,7578.25,7581.0,11963
2026-06-17T11:25:00,7581.0,7582.5,7578.25,7582.25,11049
2026-06-17T11:30:00,7582.0,7590.0,7580.0,7588.0,11169
2026-06-17T11:35:00,7588.0,7590.5,7585.25,7589.5,9566
2026-06-17T11:40:00,7589.5,7590.5,7584.25,7586.25,8595
2026-06-17T11:45:00,7586.25,7589.75,7585.5,7589.25,7953
2026-06-17T11:50:00,7589.5,7591.25,7585.75,7587.0,6695
2026-06-17T11:55:00,7586.75,7590.75,7585.75,7588.75,7467
2026-06-17T12:00:00,7589.0,7592.0,7589.0,7590.0,5709
2026-06-17T12:05:00,7590.0,7590.5,7587.5,7588.75,6032
2026-06-17T12:10:00,7588.75,7589.0,7585.5,7588.75,4630
2026-06-17T12:15:00,7588.75,7592.25,7587.0,7592.0,8404
2026-06-17T12:20:00,7592.0,7593.25,7590.0,7592.25,4434
2026-06-17T12:25:00,7592.25,7593.25,7590.0,7590.25,4849
2026-06-17T12:30:00,7590.25,7591.25,7585.5,7586.0,8769
2026-06-17T12:35:00,7586.0,7588.75,7584.25,7588.0,6716
2026-06-17T12:40:00,7588.0,7588.0,7581.75,7584.75,7108
2026-06-17T12:45:00,7585.0,7585.0,7581.75,7583.25,6804
2026-06-17T12:50:00,7583.0,7585.75,7582.0,7582.5,4897
2026-06-17T12:55:00,7582.75,7585.5,7581.5,7582.75,6082
2026-06-17T13:00:00,7582.5,7583.0,7575.75,7577.25,8541
2026-06-17T13:05:00,7577.25,7579.0,7568.5,7576.5,15830
2026-06-17T13:10:00,7576.5,7579.0,7574.75,7575.25,7632
2026-06-17T13:15:00,7575.0,7576.25,7572.0,7576.25,9572
2026-06-17T13:20:00,7576.0,7578.75,7573.0,7575.75,6822
2026-06-17T13:25:00,7575.75,7579.75,7574.25,7578.25,7304
2026-06-17T13:30:00,7578.25,7578.25,7572.5,7573.5,8147
2026-06-17T13:35:00,7573.5,7579.0,7572.75,7577.5,7161
2026-06-17T13:40:00,7577.5,7577.75,7573.75,7574.25,5254
2026-06-17T13:45:00,7574.25,7578.0,7573.0,7577.25,7356
2026-06-17T13:50:00,7577.25,7587.25,7576.5,7585.0,9856
2026-06-17T13:55:00,7584.75,7589.75,7582.5,7588.75,6829
2026-06-17T14:00:00,7588.25,7590.75,7531.25,7531.75,48449
2026-06-17T14:05:00,7531.75,7549.0,7514.5,7546.5,53883
2026-06-17T14:10:00,7546.5,7551.75,7539.75,7546.25,26308
2026-06-17T14:15:00,7546.0,7560.25,7545.75,7556.75,21558
2026-06-17T14:20:00,7556.75,7558.5,7540.0,7542.0,18963
2026-06-17T14:25:00,7542.0,7545.75,7533.75,7542.75,20900
2026-06-17T14:30:00,7542.5,7562.5,7535.75,7537.25,40919
2026-06-17T14:35:00,7537.25,7569.25,7537.25,7560.75,25148
2026-06-17T14:40:00,7561.0,7584.25,7557.0,7580.25,27725
2026-06-17T14:45:00,7580.25,7580.75,7566.25,7568.75,18154
2026-06-17T14:50:00,7568.5,7574.25,7562.0,7564.0,16538
2026-06-17T14:55:00,7564.0,7564.25,7531.5,7540.75,26092
2026-06-17T15:00:00,7540.5,7552.0,7536.5,7541.25,27660
2026-06-17T15:05:00,7541.25,7548.5,7536.25,7538.0,18599
2026-06-17T15:10:00,7538.0,7551.5,7524.25,7547.0,27232
2026-06-17T15:15:00,7547.0,7548.5,7521.25,7521.5,20130
2026-06-17T15:20:00,7521.5,7522.0,7497.25,7498.25,41504
2026-06-17T15:25:00,7498.25,7513.75,7497.25,7500.25,27107
2026-06-17T15:30:00,7500.25,7503.75,7488.0,7489.0,30833
2026-06-17T15:35:00,7489.0,7500.0,7472.25,7475.5,32780
2026-06-17T15:40:00,7475.25,7485.25,7473.25,7479.75,37050
2026-06-17T15:45:00,7479.75,7497.75,7478.5,7489.0,29601
2026-06-17T15:50:00,7488.75,7493.75,7474.0,7481.25,39004
2026-06-17T15:55:00,7481.25,7498.75,7480.0,7492.5,88099
2026-06-18T09:30:00,7577.25,7581.5,7557.25,7557.75,52702
2026-06-18T09:35:00,7557.75,7559.25,7541.5,7544.0,39963
2026-06-18T09:40:00,7544.0,7549.0,7537.0,7538.25,26422
2026-06-18T09:45:00,7538.5,7550.0,7535.5,7549.25,26675
2026-06-18T09:50:00,7549.25,7554.75,7542.5,7543.0,24843
2026-06-18T09:55:00,7543.0,7547.5,7535.75,7544.0,21292
2026-06-18T10:00:00,7544.25,7550.5,7540.75,7545.75,22502
2026-06-18T10:05:00,7545.75,7558.25,7543.0,7554.5,19531
2026-06-18T10:10:00,7554.75,7555.5,7542.0,7545.25,16766
2026-06-18T10:15:00,7545.0,7561.5,7539.0,7558.25,20715
2026-06-18T10:20:00,7558.25,7566.25,7552.5,7561.25,20298
2026-06-18T10:25:00,7561.5,7563.5,7548.5,7550.5,18600
2026-06-18T10:30:00,7550.5,7555.5,7541.25,7555.5,20793
2026-06-18T10:35:00,7555.5,7563.5,7551.25,7562.5,18449
2026-06-18T10:40:00,7562.5,7564.5,7555.75,7558.5,17915
2026-06-18T10:45:00,7558.5,7570.75,7558.25,7568.5,14807
2026-06-18T10:50:00,7568.5,7568.5,7560.25,7564.25,15226
2026-06-18T10:55:00,7564.25,7570.5,7563.25,7566.25,9420
2026-06-18T11:00:00,7566.5,7567.5,7557.25,7562.5,14916
2026-06-18T11:05:00,7562.5,7564.5,7559.25,7561.5,9924
2026-06-18T11:10:00,7561.5,7568.75,7559.0,7559.0,12484
2026-06-18T11:15:00,7559.25,7561.5,7553.5,7554.75,12322
2026-06-18T11:20:00,7554.75,7559.25,7551.25,7553.75,12387
2026-06-18T11:25:00,7553.5,7559.75,7549.25,7551.75,13303
2026-06-18T11:30:00,7551.5,7556.25,7548.0,7553.5,16315
2026-06-18T11:35:00,7553.5,7553.75,7541.0,7546.75,15710
2026-06-18T11:40:00,7546.75,7551.5,7543.25,7546.0,11746
2026-06-18T11:45:00,7545.75,7551.0,7541.0,7549.5,12922
2026-06-18T11:50:00,7549.25,7561.75,7549.25,7557.75,12707
2026-06-18T11:55:00,7557.75,7563.25,7557.75,7560.5,11509
2026-06-18T12:00:00,7560.25,7563.75,7556.25,7557.5,11863
2026-06-18T12:05:00,7557.25,7562.75,7555.0,7558.75,9604
2026-06-18T12:10:00,7558.5,7561.5,7556.5,7559.75,7424
2026-06-18T12:15:00,7560.0,7562.0,7557.0,7559.5,7459
2026-06-18T12:20:00,7559.5,7566.75,7559.25,7561.75,8978
2026-06-18T12:25:00,7561.75,7565.25,7560.75,7564.0,5580
2026-06-18T12:30:00,7564.25,7564.25,7560.5,7563.0,6748
2026-06-18T12:35:00,7563.0,7570.5,7561.0,7569.5,10291
2026-06-18T12:40:00,7569.5,7570.25,7567.0,7567.75,6693
2026-06-18T12:45:00,7567.75,7568.5,7565.75,7567.0,6617
2026-06-18T12:50:00,7567.0,7567.25,7560.5,7561.75,8144
2026-06-18T12:55:00,7562.0,7564.25,7559.25,7564.0,7517
2026-06-18T13:00:00,7564.0,7570.0,7561.5,7569.75,6789
2026-06-18T13:05:00,7569.5,7574.5,7569.0,7572.0,9196
2026-06-18T13:10:00,7571.75,7575.25,7571.0,7573.25,6640
2026-06-18T13:15:00,7573.25,7579.0,7572.25,7577.25,8481
2026-06-18T13:20:00,7577.25,7578.5,7572.25,7572.25,7067
2026-06-18T13:25:00,7572.5,7573.75,7571.0,7572.75,6068
2026-06-18T13:30:00,7573.0,7577.0,7572.75,7575.0,6731
2026-06-18T13:35:00,7575.0,7575.0,7569.75,7570.25,5064
2026-06-18T13:40:00,7570.5,7572.25,7569.5,7570.5,6161
2026-06-18T13:45:00,7570.5,7571.75,7568.25,7569.5,4469
2026-06-18T13:50:00,7569.5,7572.75,7568.5,7569.25,4637
2026-06-18T13:55:00,7569.25,7569.5,7566.75,7567.0,5905
2026-06-18T14:00:00,7567.0,7568.0,7562.0,7563.25,9144
2026-06-18T14:05:00,7563.5,7565.5,7562.25,7563.25,6559
2026-06-18T14:10:00,7563.25,7566.75,7562.5,7563.75,5870
2026-06-18T14:15:00,7563.5,7565.5,7561.0,7563.5,7260
2026-06-18T14:20:00,7563.25,7566.75,7562.0,7564.25,6011
2026-06-18T14:25:00,7564.25,7566.0,7561.75,7562.75,5740
2026-06-18T14:30:00,7562.75,7563.5,7560.5,7561.75,6381
2026-06-18T14:35:00,7561.5,7562.25,7559.5,7560.25,6482
2026-06-18T14:40:00,7560.25,7563.25,7559.25,7562.75,5561
2026-06-18T14:45:00,7562.5,7566.0,7562.25,7565.75,6863
2026-06-18T14:50:00,7565.75,7567.25,7563.25,7564.5,7565
2026-06-18T14:55:00,7564.5,7565.75,7560.5,7561.5,7303
2026-06-18T15:00:00,7561.5,7562.25,7556.0,7557.25,9495
2026-06-18T15:05:00,7557.25,7558.25,7555.75,7556.25,7618
2026-06-18T15:10:00,7556.25,7556.5,7549.0,7552.25,13582
2026-06-18T15:15:00,7552.25,7556.5,7549.5,7556.0,9357
2026-06-18T15:20:00,7556.0,7559.25,7555.25,7556.25,7718
2026-06-18T15:25:00,7556.5,7560.0,7556.0,7557.75,6971
2026-06-18T15:30:00,7557.75,7560.0,7553.75,7559.5,11046
2026-06-18T15:35:00,7559.75,7567.5,7559.5,7567.25,13036
2026-06-18T15:40:00,7567.25,7571.75,7566.25,7571.25,14085
2026-06-18T15:45:00,7571.0,7573.0,7567.0,7568.75,17204
2026-06-18T15:50:00,7568.75,7578.0,7566.0,7574.5,31593
2026-06-18T15:55:00,7574.5,7580.75,7564.25,7564.5,125175
2026-06-22T09:30:00,7573.0,7590.25,7571.5,7578.0,35405
2026-06-22T09:35:00,7578.25,7595.5,7576.75,7595.25,22732
2026-06-22T09:40:00,7595.5,7596.75,7576.0,7578.5,27696
2026-06-22T09:45:00,7578.75,7595.5,7576.75,7592.0,25034
2026-06-22T09:50:00,7592.0,7592.75,7586.5,7587.25,18966
2026-06-22T09:55:00,7587.5,7596.5,7584.25,7596.25,16086
2026-06-22T10:00:00,7596.25,7597.5,7591.0,7593.25,15592
2026-06-22T10:05:00,7593.5,7597.0,7590.5,7596.75,13999
2026-06-22T10:10:00,7596.5,7599.25,7589.0,7589.75,14383
2026-06-22T10:15:00,7590.0,7591.0,7579.25,7581.25,18610
2026-06-22T10:20:00,7581.25,7581.75,7569.75,7571.5,20636
2026-06-22T10:25:00,7571.5,7574.75,7560.25,7561.25,27524
2026-06-22T10:30:00,7561.25,7562.25,7546.25,7550.75,37948
2026-06-22T10:35:00,7550.75,7556.0,7545.5,7550.5,23567
2026-06-22T10:40:00,7550.5,7553.5,7540.0,7541.0,23021
2026-06-22T10:45:00,7541.0,7549.25,7540.5,7544.0,27646
2026-06-22T10:50:00,7544.0,7546.5,7532.0,7534.5,20677
2026-06-22T10:55:00,7534.25,7545.0,7527.25,7543.0,25044
2026-06-22T11:00:00,7542.75,7550.0,7541.25,7546.5,15214
2026-06-22T11:05:00,7546.25,7546.75,7536.25,7538.75,16764
2026-06-22T11:10:00,7538.75,7544.5,7536.25,7540.5,14864
2026-06-22T11:15:00,7540.5,7545.75,7535.5,7537.75,16831
2026-06-22T11:20:00,7537.75,7545.75,7534.75,7544.0,15890
2026-06-22T11:25:00,7544.0,7547.0,7537.75,7539.75,18035
2026-06-22T11:30:00,7539.75,7546.25,7537.5,7542.0,18292
2026-06-22T11:35:00,7542.25,7548.0,7540.5,7547.5,13358
2026-06-22T11:40:00,7547.75,7558.0,7547.75,7554.75,13275
2026-06-22T11:45:00,7555.0,7559.25,7539.0,7540.5,16743
2026-06-22T11:50:00,7540.75,7546.0,7540.5,7542.0,13026
2026-06-22T11:55:00,7542.0,7547.5,7540.25,7542.5,11636
2026-06-22T12:00:00,7542.5,7544.25,7532.25,7533.75,14668
2026-06-22T12:05:00,7533.5,7539.75,7532.5,7538.25,11481
2026-06-22T12:10:00,7538.25,7546.5,7537.75,7546.25,10900
2026-06-22T12:15:00,7546.25,7547.25,7541.0,7546.0,10111
2026-06-22T12:20:00,7546.0,7550.25,7540.0,7541.75,10653
2026-06-22T12:25:00,7541.75,7546.0,7540.0,7544.25,9937
2026-06-22T12:30:00,7544.5,7545.25,7539.0,7539.75,7666
2026-06-22T12:35:00,7539.75,7541.5,7537.0,7540.25,6869
2026-06-22T12:40:00,7540.5,7542.25,7536.75,7539.75,7950
2026-06-22T12:45:00,7540.0,7546.25,7538.0,7546.25,9630
2026-06-22T12:50:00,7546.0,7548.75,7545.0,7547.5,8140
2026-06-22T12:55:00,7547.25,7549.75,7543.0,7546.0,11356
2026-06-22T13:00:00,7546.25,7547.0,7542.25,7544.75,5999
2026-06-22T13:05:00,7544.5,7544.75,7535.5,7538.25,8499
2026-06-22T13:10:00,7538.25,7542.25,7537.75,7542.25,5533
2026-06-22T13:15:00,7542.0,7547.0,7542.0,7546.75,6829
2026-06-22T13:20:00,7546.5,7549.0,7543.25,7545.25,4992
2026-06-22T13:25:00,7545.25,7546.25,7542.75,7543.25,5193
2026-06-22T13:30:00,7543.25,7544.5,7539.0,7541.0,7043
2026-06-22T13:35:00,7540.75,7541.0,7535.5,7540.5,7099
2026-06-22T13:40:00,7540.25,7541.75,7538.5,7539.25,3933
2026-06-22T13:45:00,7539.5,7544.5,7538.25,7544.0,5938
2026-06-22T13:50:00,7544.0,7549.5,7543.0,7548.25,7002
2026-06-22T13:55:00,7548.25,7548.25,7542.75,7542.75,5398
2026-06-22T14:00:00,7543.0,7544.75,7538.5,7541.0,7366
2026-06-22T14:05:00,7540.75,7545.25,7540.75,7545.25,5132
2026-06-22T14:10:00,7545.0,7546.75,7542.75,7545.5,3947
2026-06-22T14:15:00,7545.5,7549.5,7545.5,7548.25,5226
2026-06-22T14:20:00,7548.5,7553.75,7547.75,7550.0,8895
2026-06-22T14:25:00,7550.0,7550.5,7544.25,7547.25,7134
2026-06-22T14:30:00,7547.25,7551.5,7545.0,7546.0,8224
2026-06-22T14:35:00,7546.25,7548.0,7544.75,7545.0,4961
2026-06-22T14:40:00,7545.0,7546.0,7540.5,7541.0,6525
2026-06-22T14:45:00,7541.0,7544.5,7539.75,7543.75,6644
2026-06-22T14:50:00,7543.75,7544.5,7533.0,7536.75,10248
2026-06-22T14:55:00,7536.5,7536.5,7531.5,7533.0,9160
2026-06-22T15:00:00,7533.0,7539.75,7532.5,7537.0,12138
2026-06-22T15:05:00,7537.0,7537.25,7528.5,7532.5,8926
2026-06-22T15:10:00,7532.75,7537.0,7531.0,7535.5,6358
2026-06-22T15:15:00,7535.5,7538.0,7533.75,7537.25,8069
2026-06-22T15:20:00,7537.25,7538.25,7532.5,7533.5,6502
2026-06-22T15:25:00,7533.5,7534.5,7530.25,7530.5,8709
2026-06-22T15:30:00,7530.25,7536.25,7530.25,7533.75,10195
2026-06-22T15:35:00,7533.5,7534.0,7531.25,7532.5,8845
2026-06-22T15:40:00,7532.25,7533.25,7528.0,7529.5,10557
2026-06-22T15:45:00,7529.5,7535.5,7528.75,7535.25,11932
2026-06-22T15:50:00,7535.25,7545.25,7533.25,7543.75,25068
2026-06-22T15:55:00,7543.75,7545.75,7535.75,7540.25,89299
2026-06-23T09:30:00,7429.5,7434.5,7415.25,7432.5,52511
2026-06-23T09:35:00,7432.75,7439.5,7416.75,7437.0,39117
2026-06-23T09:40:00,7436.75,7447.0,7430.5,7442.5,27344
2026-06-23T09:45:00,7442.25,7463.5,7438.25,7457.75,35535
2026-06-23T09:50:00,7457.75,7465.75,7457.25,7460.0,28187
2026-06-23T09:55:00,7459.75,7466.5,7454.75,7465.25,29459
2026-06-23T10:00:00,7465.25,7478.25,7463.75,7474.75,31445
2026-06-23T10:05:00,7474.75,7480.5,7470.75,7478.75,24173
2026-06-23T10:10:00,7478.75,7485.25,7476.25,7484.0,26589
2026-06-23T10:15:00,7484.0,7487.5,7480.0,7486.25,20764
2026-06-23T10:20:00,7486.25,7491.0,7479.5,7483.0,23519
2026-06-23T10:25:00,7483.0,7484.75,7475.75,7483.75,22611
2026-06-23T10:30:00,7483.75,7486.0,7472.25,7476.0,21417
2026-06-23T10:35:00,7476.0,7482.5,7470.0,7470.5,20825
2026-06-23T10:40:00,7470.5,7476.0,7466.25,7468.25,22726
2026-06-23T10:45:00,7468.25,7470.25,7461.5,7467.75,21985
2026-06-23T10:50:00,7467.75,7474.0,7462.25,7466.0,19406
2026-06-23T10:55:00,7466.0,7467.75,7459.75,7464.75,15553
2026-06-23T11:00:00,7464.75,7468.5,7458.5,7459.75,17777
2026-06-23T11:05:00,7459.75,7461.25,7450.5,7454.0,18518
2026-06-23T11:10:00,7454.25,7456.75,7451.0,7455.25,13145
2026-06-23T11:15:00,7455.25,7457.0,7445.5,7446.75,15348
2026-06-23T11:20:00,7446.5,7449.5,7439.75,7440.0,15034
2026-06-23T11:25:00,7440.0,7443.0,7436.25,7440.0,19530
2026-06-23T11:30:00,7439.75,7446.75,7438.0,7443.5,17301
2026-06-23T11:35:00,7443.75,7449.25,7436.75,7438.75,16741
2026-06-23T11:40:00,7438.75,7445.75,7435.75,7444.25,15100
2026-06-23T11:45:00,7444.0,7449.25,7441.75,7444.75,13136
2026-06-23T11:50:00,7445.0,7456.5,7443.25,7453.0,15038
2026-06-23T11:55:00,7453.0,7455.75,7447.5,7453.75,11644
2026-06-23T12:00:00,7454.0,7462.0,7452.5,7461.0,13171
2026-06-23T12:05:00,7461.0,7466.75,7459.75,7466.25,13897
2026-06-23T12:10:00,7466.25,7471.5,7466.25,7469.25,10292
2026-06-23T12:15:00,7469.5,7471.25,7464.0,7464.5,10819
2026-06-23T12:20:00,7464.75,7469.25,7460.75,7468.25,10164
2026-06-23T12:25:00,7468.25,7470.5,7465.25,7469.0,7257
2026-06-23T12:30:00,7469.0,7470.0,7464.5,7465.75,7871
2026-06-23T12:35:00,7466.0,7470.75,7465.0,7470.0,7320
2026-06-23T12:40:00,7470.25,7475.25,7470.25,7474.0,9672
2026-06-23T12:45:00,7474.0,7474.75,7466.25,7469.0,8210
2026-06-23T12:50:00,7469.0,7469.25,7464.5,7468.5,8983
2026-06-23T12:55:00,7468.75,7472.0,7465.25,7469.75,9078
2026-06-23T13:00:00,7469.75,7470.25,7461.5,7462.75,8416
2026-06-23T13:05:00,7462.75,7465.5,7460.5,7464.75,7274
2026-06-23T13:10:00,7464.75,7473.0,7464.5,7469.0,10614
2026-06-23T13:15:00,7468.75,7471.25,7464.5,7466.75,9028
2026-06-23T13:20:00,7466.75,7476.5,7466.25,7474.5,9339
2026-06-23T13:25:00,7474.25,7475.0,7470.25,7471.0,8797
2026-06-23T13:30:00,7470.75,7473.25,7466.0,7473.25,9717
2026-06-23T13:35:00,7473.25,7475.75,7470.25,7471.25,7081
2026-06-23T13:40:00,7471.0,7472.5,7466.25,7467.25,6328
2026-06-23T13:45:00,7467.25,7470.5,7466.0,7468.5,7499
2026-06-23T13:50:00,7468.5,7469.0,7455.5,7456.25,12197
2026-06-23T13:55:00,7456.0,7457.5,7452.5,7453.25,11836
2026-06-23T14:00:00,7453.25,7461.25,7451.75,7456.25,13802
2026-06-23T14:05:00,7456.0,7457.0,7448.75,7453.25,9106
2026-06-23T14:10:00,7453.5,7456.0,7452.5,7453.75,8687
2026-06-23T14:15:00,7453.75,7455.75,7450.25,7451.5,8710
2026-06-23T14:20:00,7451.5,7454.5,7447.75,7453.0,9475
2026-06-23T14:25:00,7453.0,7453.0,7448.75,7449.75,8167
2026-06-23T14:30:00,7449.5,7451.0,7446.5,7447.0,8210
2026-06-23T14:35:00,7446.75,7448.5,7444.25,7445.0,8275
2026-06-23T14:40:00,7445.0,7445.0,7433.0,7433.75,18789
2026-06-23T14:45:00,7433.75,7435.75,7430.25,7435.25,17623
2026-06-23T14:50:00,7435.5,7441.25,7428.75,7433.0,16832
2026-06-23T14:55:00,7432.75,7438.25,7429.25,7436.0,12247
2026-06-23T15:00:00,7436.0,7446.5,7433.75,7446.0,15322
2026-06-23T15:05:00,7445.75,7452.25,7438.5,7440.5,18065
2026-06-23T15:10:00,7440.75,7445.25,7438.0,7441.0,10903
2026-06-23T15:15:00,7441.0,7442.5,7434.0,7434.25,10496
2026-06-23T15:20:00,7434.25,7448.5,7433.5,7444.5,15247
2026-06-23T15:25:00,7444.75,7449.75,7442.75,7446.75,15578
2026-06-23T15:30:00,7446.75,7449.25,7440.25,7446.75,13597
2026-06-23T15:35:00,7446.75,7448.5,7442.75,7442.75,14826
2026-06-23T15:40:00,7443.0,7444.25,7438.25,7442.0,14121
2026-06-23T15:45:00,7442.25,7444.5,7436.25,7444.25,16217
2026-06-23T15:50:00,7444.25,7453.0,7442.0,7452.5,29827
2026-06-23T15:55:00,7452.75,7452.75,7433.0,7434.75,103388
2026-06-24T09:30:00,7447.25,7466.75,7438.25,7463.5,45085
2026-06-24T09:35:00,7463.5,7468.0,7456.25,7458.5,26733
2026-06-24T09:40:00,7458.5,7460.5,7442.25,7452.75,30592
2026-06-24T09:45:00,7452.5,7457.75,7437.75,7450.0,33472
2026-06-24T09:50:00,7450.0,7472.25,7449.75,7468.25,30590
2026-06-24T09:55:00,7468.25,7468.75,7453.25,7454.75,22426
2026-06-24T10:00:00,7454.5,7459.0,7447.75,7450.5,25820
2026-06-24T10:05:00,7450.5,7460.5,7447.75,7453.0,25861
2026-06-24T10:10:00,7453.0,7457.75,7447.0,7451.25,22945
2026-06-24T10:15:00,7451.0,7455.0,7442.5,7444.0,19396
2026-06-24T10:20:00,7444.25,7460.25,7436.5,7458.5,30563
2026-06-24T10:25:00,7458.5,7466.0,7455.5,7461.0,20307
2026-06-24T10:30:00,7461.0,7469.0,7460.75,7465.5,18279
2026-06-24T10:35:00,7465.75,7468.0,7458.25,7458.75,16302
2026-06-24T10:40:00,7459.0,7473.5,7457.5,7472.75,19358
2026-06-24T10:45:00,7472.75,7486.0,7471.75,7479.5,26487
2026-06-24T10:50:00,7479.75,7487.25,7479.75,7480.75,17906
2026-06-24T10:55:00,7481.0,7494.25,7478.0,7493.75,20080
2026-06-24T11:00:00,7493.75,7496.5,7488.0,7490.0,21703
2026-06-24T11:05:00,7490.0,7490.75,7479.25,7481.0,17571
2026-06-24T11:10:00,7481.0,7485.25,7476.25,7481.75,17783
2026-06-24T11:15:00,7481.75,7490.75,7480.5,7489.0,13190
2026-06-24T11:20:00,7489.0,7490.5,7483.5,7484.25,12464
2026-06-24T11:25:00,7484.25,7493.75,7478.25,7493.75,17951
2026-06-24T11:30:00,7493.5,7496.5,7485.75,7489.25,17092
2026-06-24T11:35:00,7489.25,7492.25,7483.25,7485.75,12463
2026-06-24T11:40:00,7485.5,7487.5,7478.25,7481.75,14183
2026-06-24T11:45:00,7481.75,7483.75,7474.5,7483.25,16409
2026-06-24T11:50:00,7483.25,7489.75,7483.25,7485.25,11849
2026-06-24T11:55:00,7485.0,7487.25,7478.0,7480.25,10375
2026-06-24T12:00:00,7480.25,7483.0,7475.75,7477.5,13042
2026-06-24T12:05:00,7477.5,7481.25,7474.5,7478.0,11612
2026-06-24T12:10:00,7478.0,7485.5,7476.0,7481.25,11777
2026-06-24T12:15:00,7481.5,7485.0,7478.0,7480.0,8483
2026-06-24T12:20:00,7480.0,7484.25,7477.0,7483.0,7886
2026-06-24T12:25:00,7483.0,7483.0,7476.75,7477.75,8063
2026-06-24T12:30:00,7477.75,7477.75,7471.5,7473.25,12633
2026-06-24T12:35:00,7473.25,7476.0,7461.25,7461.75,17321
2026-06-24T12:40:00,7461.75,7462.25,7455.0,7459.75,24556
2026-06-24T12:45:00,7459.5,7461.75,7455.5,7459.25,15356
2026-06-24T12:50:00,7459.5,7464.5,7454.0,7454.0,12194
2026-06-24T12:55:00,7454.0,7456.25,7450.75,7453.0,10144
2026-06-24T13:00:00,7453.0,7461.25,7451.25,7460.25,9216
2026-06-24T13:05:00,7460.25,7460.75,7442.5,7445.5,12822
2026-06-24T13:10:00,7445.75,7450.0,7442.25,7444.0,14329
2026-06-24T13:15:00,7444.0,7447.75,7431.0,7433.75,20988
2026-06-24T13:20:00,7433.75,7434.25,7426.0,7426.75,19274
2026-06-24T13:25:00,7426.75,7428.25,7415.75,7416.75,20455
2026-06-24T13:30:00,7416.75,7422.25,7407.75,7418.25,29496
2026-06-24T13:35:00,7418.5,7424.5,7412.0,7420.25,18568
2026-06-24T13:40:00,7420.25,7423.5,7413.25,7414.75,14628
2026-06-24T13:45:00,7414.75,7421.75,7410.25,7420.0,15711
2026-06-24T13:50:00,7420.0,7421.75,7416.25,7421.0,11674
2026-06-24T13:55:00,7421.25,7427.25,7412.5,7414.0,15407
2026-06-24T14:00:00,7414.25,7425.25,7413.0,7421.5,16045
2026-06-24T14:05:00,7421.5,7429.5,7421.25,7426.0,14318
2026-06-24T14:10:00,7426.0,7427.5,7421.0,7424.75,12797
2026-06-24T14:15:00,7424.75,7435.75,7424.75,7433.75,17796
2026-06-24T14:20:00,7433.75,7439.75,7431.75,7439.75,15547
2026-06-24T14:25:00,7439.5,7443.25,7437.75,7440.0,14582
2026-06-24T14:30:00,7440.0,7442.25,7436.0,7439.0,13180
2026-06-24T14:35:00,7439.0,7439.5,7431.25,7432.75,11542
2026-06-24T14:40:00,7432.75,7434.25,7425.25,7429.25,12858
2026-06-24T14:45:00,7429.25,7429.25,7410.75,7414.25,15942
2026-06-24T14:50:00,7414.0,7418.25,7408.25,7417.75,21339
2026-06-24T14:55:00,7417.5,7424.5,7412.5,7415.5,16172
2026-06-24T15:00:00,7415.5,7425.25,7409.5,7422.0,18371
2026-06-24T15:05:00,7422.25,7422.25,7404.75,7409.5,18561
2026-06-24T15:10:00,7409.25,7413.25,7404.25,7412.25,14241
2026-06-24T15:15:00,7412.25,7413.25,7407.75,7412.0,10861
2026-06-24T15:20:00,7412.0,7414.75,7408.75,7414.75,10531
2026-06-24T15:25:00,7414.75,7419.75,7413.75,7416.25,13043
2026-06-24T15:30:00,7416.0,7418.5,7411.25,7413.25,16845
2026-06-24T15:35:00,7413.5,7416.25,7410.0,7414.0,12931
2026-06-24T15:40:00,7414.0,7417.25,7405.25,7411.0,15591
2026-06-24T15:45:00,7411.25,7418.5,7410.5,7417.25,16118
2026-06-24T15:50:00,7417.0,7427.5,7411.25,7426.75,27969
2026-06-24T15:55:00,7426.75,7431.5,7417.75,7428.25,78107
2026-06-25T09:30:00,7485.75,7490.5,7464.5,7469.75,45437
2026-06-25T09:35:00,7469.5,7477.0,7465.5,7466.5,28473
2026-06-25T09:40:00,7466.25,7467.75,7436.25,7438.75,39932
2026-06-25T09:45:00,7439.0,7444.0,7410.5,7424.5,62803
2026-06-25T09:50:00,7424.5,7432.0,7399.5,7401.5,49791
2026-06-25T09:55:00,7401.5,7407.0,7390.5,7393.25,53419
2026-06-25T10:00:00,7393.25,7430.25,7392.5,7427.75,51780
2026-06-25T10:05:00,7427.75,7445.75,7427.75,7444.75,44627
2026-06-25T10:10:00,7445.0,7454.25,7436.25,7437.25,42331
2026-06-25T10:15:00,7437.25,7453.0,7427.5,7452.25,33376
2026-06-25T10:20:00,7452.0,7462.0,7441.25,7446.5,31822
2026-06-25T10:25:00,7446.25,7455.75,7444.25,7451.0,21098
2026-06-25T10:30:00,7450.75,7467.75,7449.25,7460.5,23997
2026-06-25T10:35:00,7460.5,7465.5,7452.25,7463.0,16389
2026-06-25T10:40:00,7463.0,7464.0,7444.25,7450.75,17556
2026-06-25T10:45:00,7450.75,7463.0,7444.0,7460.5,14733
2026-06-25T10:50:00,7460.25,7475.75,7457.25,7474.5,18607
2026-06-25T10:55:00,7474.5,7474.5,7446.75,7449.5,23184
2026-06-25T11:00:00,7449.25,7459.5,7445.5,7458.75,14482
2026-06-25T11:05:00,7458.75,7462.25,7441.5,7444.0,16294
2026-06-25T11:10:00,7444.25,7445.5,7422.75,7426.0,17960
2026-06-25T11:15:00,7426.0,7435.0,7414.25,7432.75,20917
2026-06-25T11:20:00,7432.5,7444.75,7426.0,7441.5,15249
2026-06-25T11:25:00,7441.5,7445.0,7433.75,7439.25,11921
2026-06-25T11:30:00,7439.25,7451.5,7437.5,7438.25,15229
2026-06-25T11:35:00,7438.5,7446.0,7438.25,7438.25,8221
2026-06-25T11:40:00,7438.25,7445.5,7435.5,7443.75,8497
2026-06-25T11:45:00,7443.75,7454.75,7439.0,7440.25,9521
2026-06-25T11:50:00,7440.25,7446.0,7436.75,7442.5,7042
2026-06-25T11:55:00,7442.5,7446.0,7436.25,7437.5,6630
2026-06-25T12:00:00,7437.75,7440.5,7432.5,7438.0,8216
2026-06-25T12:05:00,7438.0,7450.5,7436.0,7449.75,9025
2026-06-25T12:10:00,7449.75,7458.25,7448.5,7453.5,10155
2026-06-25T12:15:00,7453.5,7458.75,7450.25,7451.25,10549
2026-06-25T12:20:00,7451.25,7453.75,7438.5,7440.5,11320
2026-06-25T12:25:00,7440.75,7442.25,7435.25,7437.75,8530
2026-06-25T12:30:00,7437.75,7438.25,7425.0,7429.25,12553
2026-06-25T12:35:00,7429.25,7431.25,7422.0,7422.75,9761
2026-06-25T12:40:00,7422.75,7425.0,7415.75,7417.75,10711
2026-06-25T12:45:00,7417.75,7424.0,7409.75,7423.0,16902
2026-06-25T12:50:00,7422.75,7425.75,7417.5,7422.0,9975
2026-06-25T12:55:00,7422.25,7422.5,7415.5,7420.25,6585
2026-06-25T13:00:00,7420.25,7425.0,7419.5,7419.75,5528
2026-06-25T13:05:00,7419.75,7423.5,7416.5,7421.75,4867
2026-06-25T13:10:00,7422.0,7432.5,7422.0,7427.25,8589
2026-06-25T13:15:00,7427.25,7438.0,7420.0,7420.0,10382
2026-06-25T13:20:00,7420.25,7426.25,7415.75,7424.0,9011
2026-06-25T13:25:00,7424.0,7431.75,7423.5,7427.75,7810
2026-06-25T13:30:00,7427.75,7430.5,7421.0,7424.25,6663
2026-06-25T13:35:00,7424.5,7430.75,7423.5,7428.25,6545
2026-06-25T13:40:00,7428.25,7433.0,7420.25,7421.5,7641
2026-06-25T13:45:00,7421.5,7421.75,7411.25,7413.25,8701
2026-06-25T13:50:00,7413.25,7423.0,7410.75,7420.5,7913
2026-06-25T13:55:00,7420.5,7431.0,7418.25,7429.5,8970
2026-06-25T14:00:00,7429.5,7431.0,7408.25,7414.25,17068
2026-06-25T14:05:00,7414.75,7431.25,7411.75,7429.25,12279
2026-06-25T14:10:00,7429.5,7435.5,7424.25,7427.5,11308
2026-06-25T14:15:00,7427.75,7449.75,7425.0,7443.75,14455
2026-06-25T14:20:00,7443.75,7448.25,7437.5,7444.5,10756
2026-06-25T14:25:00,7444.5,7456.75,7444.5,7454.25,11174
2026-06-25T14:30:00,7454.25,7454.5,7435.25,7435.5,12652
2026-06-25T14:35:00,7435.5,7442.75,7431.25,7440.0,10974
2026-06-25T14:40:00,7440.0,7440.75,7434.0,7434.75,6309
2026-06-25T14:45:00,7434.75,7434.75,7422.25,7431.0,9504
2026-06-25T14:50:00,7431.0,7439.5,7429.25,7432.5,7154
2026-06-25T14:55:00,7432.5,7436.5,7430.5,7434.5,5803
2026-06-25T15:00:00,7434.25,7435.0,7422.75,7425.5,7218
2026-06-25T15:05:00,7425.25,7428.0,7423.25,7426.25,7152
2026-06-25T15:10:00,7426.25,7427.75,7418.75,7419.25,7750
2026-06-25T15:15:00,7419.5,7422.25,7414.25,7418.25,9987
2026-06-25T15:20:00,7418.25,7422.75,7416.0,7422.5,9351
2026-06-25T15:25:00,7422.5,7424.75,7416.25,7419.75,8602
2026-06-25T15:30:00,7419.5,7420.75,7413.5,7417.5,10206
2026-06-25T15:35:00,7417.25,7417.5,7412.75,7416.75,10100
2026-06-25T15:40:00,7416.75,7419.25,7411.5,7415.75,11807
2026-06-25T15:45:00,7415.5,7416.5,7409.5,7413.5,13623
2026-06-25T15:50:00,7413.5,7422.25,7409.0,7421.25,18246
2026-06-25T15:55:00,7421.25,7430.0,7414.5,7428.75,73725
2026-06-26T09:30:00,7381.0,7388.25,7360.0,7370.25,38994
2026-06-26T09:35:00,7370.25,7383.0,7367.25,7373.0,27156
2026-06-26T09:40:00,7372.75,7386.25,7368.75,7384.25,22464
2026-06-26T09:45:00,7384.25,7390.25,7371.25,7378.5,26971
2026-06-26T09:50:00,7378.75,7388.75,7377.25,7385.75,18151
2026-06-26T09:55:00,7386.0,7405.75,7384.0,7401.5,22282
2026-06-26T10:00:00,7401.25,7415.75,7398.75,7415.0,21959
2026-06-26T10:05:00,7415.0,7424.75,7414.25,7423.0,21679
2026-06-26T10:10:00,7423.0,7428.0,7417.25,7425.5,19544
2026-06-26T10:15:00,7425.5,7429.5,7418.0,7419.75,16480
2026-06-26T10:20:00,7420.0,7436.25,7418.25,7428.0,18331
2026-06-26T10:25:00,7428.0,7433.0,7426.0,7428.5,12781
2026-06-26T10:30:00,7428.75,7433.0,7424.0,7427.25,13000
2026-06-26T10:35:00,7427.5,7428.0,7415.0,7415.25,12813
2026-06-26T10:40:00,7415.25,7424.5,7409.25,7415.25,16923
2026-06-26T10:45:00,7415.25,7427.5,7413.75,7422.25,13059
2026-06-26T10:50:00,7422.25,7426.0,7415.25,7419.0,11658
2026-06-26T10:55:00,7418.75,7423.5,7411.75,7418.0,11047
2026-06-26T11:00:00,7418.0,7428.0,7418.0,7421.75,12073
2026-06-26T11:05:00,7422.0,7425.25,7416.0,7424.5,9559
2026-06-26T11:10:00,7424.25,7426.0,7412.75,7414.25,8942
2026-06-26T11:15:00,7414.5,7426.25,7409.5,7424.25,16437
2026-06-26T11:20:00,7424.25,7432.5,7422.0,7431.75,14064
2026-06-26T11:25:00,7431.5,7440.75,7430.5,7440.75,13413
2026-06-26T11:30:00,7440.5,7450.0,7437.5,7439.0,22318
2026-06-26T11:35:00,7439.25,7453.75,7439.25,7451.75,13472
2026-06-26T11:40:00,7451.75,7459.5,7449.25,7456.5,13254
2026-06-26T11:45:00,7456.5,7458.5,7449.0,7449.5,11649
2026-06-26T11:50:00,7449.5,7454.25,7435.0,7439.0,20735
2026-06-26T11:55:00,7439.25,7452.5,7437.5,7447.5,10585
2026-06-26T12:00:00,7447.75,7449.0,7444.75,7447.25,8321
2026-06-26T12:05:00,7447.0,7448.0,7434.5,7436.25,8252
2026-06-26T12:10:00,7436.0,7438.75,7431.25,7434.75,7905
2026-06-26T12:15:00,7434.75,7440.25,7431.25,7433.75,8375
2026-06-26T12:20:00,7433.75,7435.25,7420.75,7425.75,17710
2026-06-26T12:25:00,7425.5,7429.75,7424.25,7427.25,7508
2026-06-26T12:30:00,7427.25,7440.5,7427.25,7440.0,8643
2026-06-26T12:35:00,7440.0,7441.5,7435.5,7437.75,6190
2026-06-26T12:40:00,7437.75,7439.75,7433.25,7433.75,5387
2026-06-26T12:45:00,7433.75,7437.75,7432.0,7437.25,5449
2026-06-26T12:50:00,7437.25,7442.75,7436.5,7439.5,6186
2026-06-26T12:55:00,7439.75,7439.75,7436.0,7438.25,4310
2026-06-26T13:00:00,7438.25,7445.75,7435.0,7442.75,6920
2026-06-26T13:05:00,7442.75,7451.75,7442.5,7450.0,7639
2026-06-26T13:10:00,7449.75,7452.25,7442.75,7444.5,5541
2026-06-26T13:15:00,7444.5,7445.25,7436.5,7438.0,5177
2026-06-26T13:20:00,7437.75,7439.75,7432.75,7434.0,6303
2026-06-26T13:25:00,7433.75,7443.25,7431.25,7440.75,6866
2026-06-26T13:30:00,7440.75,7447.75,7437.5,7439.5,7852
2026-06-26T13:35:00,7439.5,7439.75,7433.25,7433.75,4768
2026-06-26T13:40:00,7433.5,7439.0,7429.25,7436.0,7449
2026-06-26T13:45:00,7436.0,7437.75,7431.75,7432.0,4335
2026-06-26T13:50:00,7432.25,7436.75,7431.25,7434.5,4926
2026-06-26T13:55:00,7434.25,7434.5,7427.75,7430.0,5620
2026-06-26T14:00:00,7430.25,7437.5,7429.5,7435.75,6391
2026-06-26T14:05:00,7436.0,7439.5,7433.75,7435.0,6099
2026-06-26T14:10:00,7434.75,7438.0,7432.0,7433.75,5217
2026-06-26T14:15:00,7434.0,7435.75,7425.5,7427.5,7509
2026-06-26T14:20:00,7427.25,7430.25,7425.5,7428.75,8236
2026-06-26T14:25:00,7428.5,7430.0,7420.25,7421.25,9613
2026-06-26T14:30:00,7421.5,7429.75,7420.75,7427.75,9214
2026-06-26T14:35:00,7427.5,7428.0,7420.75,7422.25,6794
2026-06-26T14:40:00,7422.0,7424.5,7420.5,7420.75,6158
2026-06-26T14:45:00,7420.75,7420.75,7410.0,7412.75,13039
2026-06-26T14:50:00,7413.0,7413.25,7408.75,7410.25,11995
2026-06-26T14:55:00,7410.25,7414.0,7405.25,7409.0,11279
2026-06-26T15:00:00,7408.75,7413.5,7406.75,7407.0,10545
2026-06-26T15:05:00,7407.25,7417.5,7406.5,7416.25,10440
2026-06-26T15:10:00,7416.0,7421.0,7412.75,7420.75,9554
2026-06-26T15:15:00,7420.5,7422.75,7417.0,7420.75,10991
2026-06-26T15:20:00,7420.5,7422.0,7411.0,7416.0,13424
2026-06-26T15:25:00,7415.75,7418.0,7414.25,7415.0,9194
2026-06-26T15:30:00,7415.25,7421.25,7410.5,7419.25,10760
2026-06-26T15:35:00,7419.5,7420.75,7415.5,7416.0,8352
2026-06-26T15:40:00,7416.25,7426.75,7415.75,7426.0,10437
2026-06-26T15:45:00,7426.0,7431.75,7420.5,7423.75,15548
2026-06-26T15:50:00,7423.5,7429.5,7418.5,7425.0,24642
2026-06-26T15:55:00,7424.75,7429.25,7369.75,7375.5,106918
2026-06-29T09:30:00,7457.0,7479.0,7444.5,7478.25,50339
2026-06-29T09:35:00,7478.0,7478.25,7460.25,7471.25,32794
2026-06-29T09:40:00,7471.5,7483.5,7464.25,7483.5,25305
2026-06-29T09:45:00,7483.5,7488.25,7478.5,7479.0,29156
2026-06-29T09:50:00,7479.25,7490.0,7474.0,7479.5,25554
2026-06-29T09:55:00,7479.5,7480.75,7453.75,7458.5,38572
2026-06-29T10:00:00,7458.5,7460.75,7448.25,7450.0,39242
2026-06-29T10:05:00,7450.0,7450.75,7435.25,7439.5,35052
2026-06-29T10:10:00,7439.5,7442.5,7415.5,7415.75,35714
2026-06-29T10:15:00,7415.5,7428.25,7409.0,7425.75,39515
2026-06-29T10:20:00,7426.0,7434.75,7421.5,7430.25,26115
2026-06-29T10:25:00,7430.25,7450.75,7430.0,7449.25,27913
2026-06-29T10:30:00,7449.5,7465.75,7448.0,7463.0,34849
2026-06-29T10:35:00,7462.75,7466.5,7457.75,7460.5,26491
2026-06-29T10:40:00,7460.75,7467.75,7457.25,7459.75,21599
2026-06-29T10:45:00,7459.75,7460.25,7447.75,7455.75,23830
2026-06-29T10:50:00,7455.5,7472.5,7455.0,7469.0,21782
2026-06-29T10:55:00,7468.75,7469.0,7460.5,7468.0,17160
2026-06-29T11:00:00,7468.0,7469.5,7461.25,7462.75,16622
2026-06-29T11:05:00,7462.75,7464.75,7459.25,7461.25,12444
2026-06-29T11:10:00,7461.25,7464.0,7454.75,7464.0,16894
2026-06-29T11:15:00,7464.25,7467.0,7458.5,7459.0,10012
2026-06-29T11:20:00,7459.0,7464.5,7453.0,7456.5,12594
2026-06-29T11:25:00,7456.75,7467.75,7454.75,7467.0,11054
2026-06-29T11:30:00,7467.0,7469.5,7464.75,7465.75,13772
2026-06-29T11:35:00,7465.5,7471.0,7461.5,7469.75,11187
2026-06-29T11:40:00,7470.0,7474.75,7466.75,7474.25,11328
2026-06-29T11:45:00,7474.5,7474.5,7467.5,7469.0,13360
2026-06-29T11:50:00,7469.0,7471.75,7467.5,7470.5,9253
2026-06-29T11:55:00,7470.5,7475.75,7468.0,7475.0,8964
2026-06-29T12:00:00,7475.25,7479.5,7474.75,7479.0,13246
2026-06-29T12:05:00,7479.25,7481.75,7476.5,7478.25,12251
2026-06-29T12:10:00,7478.5,7480.0,7474.75,7475.5,7736
2026-06-29T12:15:00,7475.25,7478.0,7474.75,7476.0,6349
2026-06-29T12:20:00,7476.25,7478.25,7474.0,7478.25,6998
2026-06-29T12:25:00,7478.0,7479.0,7473.0,7473.75,6193
2026-06-29T12:30:00,7474.0,7475.75,7470.0,7471.5,8019
2026-06-29T12:35:00,7471.5,7474.75,7470.25,7474.75,6900
2026-06-29T12:40:00,7474.5,7476.25,7473.25,7475.5,6169
2026-06-29T12:45:00,7475.5,7476.5,7472.0,7475.0,5355
2026-06-29T12:50:00,7475.25,7480.0,7474.25,7479.25,7791
2026-06-29T12:55:00,7479.0,7479.5,7476.5,7477.25,5131
2026-06-29T13:00:00,7477.25,7481.25,7477.25,7480.75,5285
2026-06-29T13:05:00,7480.75,7484.5,7480.5,7483.75,6036
2026-06-29T13:10:00,7483.5,7492.75,7483.25,7490.5,11128
2026-06-29T13:15:00,7490.5,7493.25,7489.25,7491.5,10261
2026-06-29T13:20:00,7491.5,7494.75,7485.5,7485.75,11940
2026-06-29T13:25:00,7485.75,7492.25,7485.0,7491.75,8195
2026-06-29T13:30:00,7491.75,7496.75,7490.0,7493.25,10148
2026-06-29T13:35:00,7493.0,7494.75,7490.0,7493.25,6164
2026-06-29T13:40:00,7493.25,7494.75,7492.75,7493.0,5499
2026-06-29T13:45:00,7493.25,7496.25,7491.25,7495.0,6027
2026-06-29T13:50:00,7495.25,7498.75,7494.0,7495.75,7264
2026-06-29T13:55:00,7495.75,7497.25,7491.75,7494.0,5988
2026-06-29T14:00:00,7494.0,7498.0,7492.25,7496.25,7672
2026-06-29T14:05:00,7496.0,7498.0,7494.5,7495.25,5417
2026-06-29T14:10:00,7495.0,7497.25,7494.25,7495.75,4732
2026-06-29T14:15:00,7495.75,7496.25,7493.5,7494.0,5368
2026-06-29T14:20:00,7494.0,7495.75,7491.75,7494.0,5703
2026-06-29T14:25:00,7494.0,7494.0,7491.25,7492.0,5121
2026-06-29T14:30:00,7492.25,7497.25,7491.5,7496.25,6889
2026-06-29T14:35:00,7496.25,7499.5,7495.25,7498.0,7103
2026-06-29T14:40:00,7498.0,7500.75,7496.75,7499.75,7220
2026-06-29T14:45:00,7500.0,7502.0,7498.75,7499.5,6909
2026-06-29T14:50:00,7499.5,7499.75,7496.75,7498.5,5771
2026-06-29T14:55:00,7498.5,7499.0,7495.5,7496.75,6158
2026-06-29T15:00:00,7497.0,7499.25,7494.75,7496.0,6777
2026-06-29T15:05:00,7495.75,7499.25,7495.0,7497.5,6967
2026-06-29T15:10:00,7497.5,7497.75,7494.75,7495.5,6629
2026-06-29T15:15:00,7495.25,7497.5,7493.0,7495.75,7373
2026-06-29T15:20:00,7495.75,7500.5,7495.75,7499.0,8124
2026-06-29T15:25:00,7499.0,7499.75,7497.75,7498.0,6652
2026-06-29T15:30:00,7498.0,7498.5,7493.5,7494.0,8171
2026-06-29T15:35:00,7494.0,7496.75,7493.75,7496.25,5911
2026-06-29T15:40:00,7496.25,7498.75,7493.5,7495.5,9823
2026-06-29T15:45:00,7495.5,7497.5,7495.0,7497.25,8300
2026-06-29T15:50:00,7497.25,7499.5,7491.5,7492.5,19277
2026-06-29T15:55:00,7492.5,7505.0,7492.0,7496.75,91794
2026-06-30T09:30:00,7500.0,7506.75,7495.75,7500.25,29261
2026-06-30T09:35:00,7500.25,7508.0,7498.25,7501.75,21964
2026-06-30T09:40:00,7501.5,7510.5,7499.25,7506.0,18999
2026-06-30T09:45:00,7506.0,7510.25,7503.5,7507.0,15811
2026-06-30T09:50:00,7507.0,7522.0,7505.75,7518.75,22602
2026-06-30T09:55:00,7518.75,7528.0,7518.5,7526.75,15683
2026-06-30T10:00:00,7526.75,7532.75,7515.5,7532.5,25227
2026-06-30T10:05:00,7532.5,7532.5,7521.0,7522.75,16704
2026-06-30T10:10:00,7523.0,7526.25,7519.0,7523.75,15962
2026-06-30T10:15:00,7523.5,7526.25,7520.5,7523.25,13869
2026-06-30T10:20:00,7523.25,7532.25,7522.0,7530.5,11924
2026-06-30T10:25:00,7530.5,7533.5,7527.5,7532.5,11197
2026-06-30T10:30:00,7532.5,7541.5,7532.0,7541.25,15828
2026-06-30T10:35:00,7541.25,7541.75,7531.0,7533.5,14786
2026-06-30T10:40:00,7533.25,7537.25,7529.0,7535.75,13452
2026-06-30T10:45:00,7535.5,7535.75,7523.75,7526.25,15059
2026-06-30T10:50:00,7526.0,7530.0,7520.25,7521.0,14847
2026-06-30T10:55:00,7521.0,7524.5,7516.75,7520.5,17876
2026-06-30T11:00:00,7520.5,7530.75,7520.0,7529.25,15666
2026-06-30T11:05:00,7529.25,7532.75,7525.5,7531.75,10197
2026-06-30T11:10:00,7532.0,7536.75,7530.75,7535.75,9897
2026-06-30T11:15:00,7535.5,7536.25,7531.0,7533.0,9717
2026-06-30T11:20:00,7533.0,7540.0,7533.0,7539.25,10408
2026-06-30T11:25:00,7539.25,7541.5,7537.75,7540.5,10412
2026-06-30T11:30:00,7540.5,7542.5,7538.25,7542.25,10327
2026-06-30T11:35:00,7542.25,7542.75,7536.25,7537.0,9555
2026-06-30T11:40:00,7537.0,7540.25,7535.5,7537.75,6832
2026-06-30T11:45:00,7537.75,7544.5,7537.75,7541.5,8605
2026-06-30T11:50:00,7541.5,7545.0,7540.0,7544.0,8919
2026-06-30T11:55:00,7544.0,7547.75,7543.25,7545.75,10230
2026-06-30T12:00:00,7545.5,7549.5,7545.25,7548.0,8298
2026-06-30T12:05:00,7548.25,7552.25,7547.75,7548.5,8809
2026-06-30T12:10:00,7548.5,7551.0,7548.0,7550.5,6424
2026-06-30T12:15:00,7550.5,7555.25,7549.5,7551.75,8601
2026-06-30T12:20:00,7551.75,7553.0,7550.0,7552.0,5707
2026-06-30T12:25:00,7552.0,7552.0,7550.0,7550.5,5245
2026-06-30T12:30:00,7550.75,7551.75,7548.75,7549.75,6639
2026-06-30T12:35:00,7549.75,7552.0,7548.75,7551.75,4579
2026-06-30T12:40:00,7552.0,7553.75,7551.0,7553.0,5034
2026-06-30T12:45:00,7553.25,7555.75,7552.25,7555.25,7082
2026-06-30T12:50:00,7555.5,7558.25,7554.0,7557.25,8716
2026-06-30T12:55:00,7557.0,7557.75,7554.25,7555.75,6275
2026-06-30T13:00:00,7555.75,7559.25,7555.5,7557.5,7268
2026-06-30T13:05:00,7557.75,7558.5,7556.0,7556.5,5368
2026-06-30T13:10:00,7556.75,7557.0,7553.25,7553.75,5555
2026-06-30T13:15:00,7553.5,7555.0,7552.5,7554.0,5311
2026-06-30T13:20:00,7554.0,7556.25,7553.0,7554.25,5272
2026-06-30T13:25:00,7554.25,7554.75,7550.75,7552.25,6722
2026-06-30T13:30:00,7552.5,7554.0,7550.25,7553.25,5472
2026-06-30T13:35:00,7553.0,7553.5,7548.5,7549.25,5514
2026-06-30T13:40:00,7549.25,7553.5,7549.0,7553.5,4948
2026-06-30T13:45:00,7553.5,7554.0,7550.5,7551.25,5072
2026-06-30T13:50:00,7551.0,7553.5,7550.25,7551.75,4400
2026-06-30T13:55:00,7552.0,7553.0,7551.25,7552.0,3240
2026-06-30T14:00:00,7552.25,7556.0,7551.0,7554.0,7105
2026-06-30T14:05:00,7554.25,7555.25,7550.5,7554.0,6388
2026-06-30T14:10:00,7553.75,7555.75,7553.25,7555.0,4235
2026-06-30T14:15:00,7555.25,7557.25,7554.25,7556.75,5168
2026-06-30T14:20:00,7557.0,7558.25,7556.0,7556.0,5332
2026-06-30T14:25:00,7556.25,7556.5,7554.5,7555.25,5504
2026-06-30T14:30:00,7555.5,7556.0,7553.25,7554.25,4935
2026-06-30T14:35:00,7554.25,7556.0,7554.0,7554.75,3887
2026-06-30T14:40:00,7554.75,7558.25,7554.75,7557.25,5183
2026-06-30T14:45:00,7557.0,7561.0,7555.75,7560.75,7484
2026-06-30T14:50:00,7560.75,7561.75,7557.25,7558.5,7062
2026-06-30T14:55:00,7558.75,7560.75,7558.25,7558.75,5618
2026-06-30T15:00:00,7558.75,7561.25,7558.25,7559.5,6141
2026-06-30T15:05:00,7559.75,7563.25,7558.5,7562.25,7437
2026-06-30T15:10:00,7562.25,7565.0,7560.5,7564.5,7496
2026-06-30T15:15:00,7564.5,7567.75,7563.25,7563.5,10263
2026-06-30T15:20:00,7563.75,7565.25,7562.0,7563.5,8805
2026-06-30T15:25:00,7563.25,7564.0,7560.25,7561.5,8834
2026-06-30T15:30:00,7561.5,7562.0,7558.5,7558.75,10802
2026-06-30T15:35:00,7558.5,7559.0,7554.25,7556.25,13470
2026-06-30T15:40:00,7556.0,7558.25,7554.75,7558.0,11141
2026-06-30T15:45:00,7558.0,7560.25,7554.75,7555.5,13583
2026-06-30T15:50:00,7555.25,7561.0,7553.25,7560.25,25789
2026-06-30T15:55:00,7560.25,7564.0,7544.5,7545.0,184004
2026-07-01T09:30:00,7532.0,7534.0,7507.5,7508.75,52387
2026-07-01T09:35:00,7508.75,7516.75,7505.75,7513.5,38225
2026-07-01T09:40:00,7513.5,7520.0,7510.0,7515.0,29088
2026-07-01T09:45:00,7515.0,7524.0,7511.25,7519.75,24878
2026-07-01T09:50:00,7520.0,7532.5,7519.25,7530.75,20407
2026-07-01T09:55:00,7530.5,7536.75,7528.0,7536.25,16434
2026-07-01T10:00:00,7536.75,7539.5,7533.0,7537.5,19409
2026-07-01T10:05:00,7537.25,7546.5,7536.75,7544.5,17275
2026-07-01T10:10:00,7544.25,7552.25,7543.5,7549.75,20392
2026-07-01T10:15:00,7549.75,7552.0,7546.75,7550.75,16151
2026-07-01T10:20:00,7550.75,7553.5,7549.75,7551.5,13386
2026-07-01T10:25:00,7551.5,7553.75,7550.25,7551.75,11363
2026-07-01T10:30:00,7551.75,7552.5,7543.25,7546.5,17858
2026-07-01T10:35:00,7546.5,7552.75,7543.25,7552.5,12457
2026-07-01T10:40:00,7552.5,7554.5,7548.0,7549.75,11566
2026-07-01T10:45:00,7549.75,7550.25,7540.25,7548.0,17745
2026-07-01T10:50:00,7548.0,7554.0,7547.25,7552.25,12194
2026-07-01T10:55:00,7552.25,7553.5,7547.0,7553.5,11791
2026-07-01T11:00:00,7553.5,7563.0,7552.5,7561.5,16992
2026-07-01T11:05:00,7561.25,7564.75,7557.75,7560.25,17455
2026-07-01T11:10:00,7560.5,7564.5,7558.5,7564.5,9151
2026-07-01T11:15:00,7564.25,7570.5,7564.0,7568.75,13802
2026-07-01T11:20:00,7568.75,7574.75,7568.5,7573.0,15717
2026-07-01T11:25:00,7573.0,7578.0,7572.0,7577.5,13896
2026-07-01T11:30:00,7577.5,7578.5,7570.5,7570.75,15150
2026-07-01T11:35:00,7570.75,7573.0,7567.5,7570.75,11691
2026-07-01T11:40:00,7570.75,7573.5,7569.25,7572.75,7732
2026-07-01T11:45:00,7572.5,7573.75,7568.25,7569.0,8769
2026-07-01T11:50:00,7569.0,7573.0,7568.0,7569.75,8346
2026-07-01T11:55:00,7569.5,7573.25,7568.25,7572.5,7015
2026-07-01T12:00:00,7572.5,7576.0,7571.5,7572.5,9462
2026-07-01T12:05:00,7572.75,7575.5,7571.0,7573.25,7478
2026-07-01T12:10:00,7573.5,7576.0,7571.75,7575.75,6670
2026-07-01T12:15:00,7575.5,7576.5,7573.0,7575.75,7618
2026-07-01T12:20:00,7575.5,7579.0,7574.25,7577.25,8113
2026-07-01T12:25:00,7577.0,7578.25,7574.0,7574.5,6557
2026-07-01T12:30:00,7574.5,7576.75,7574.0,7575.0,5514
2026-07-01T12:35:00,7575.0,7575.0,7569.75,7570.0,6426
2026-07-01T12:40:00,7570.0,7571.5,7567.25,7570.5,9448
2026-07-01T12:45:00,7570.5,7572.75,7567.5,7567.5,6751
2026-07-01T12:50:00,7567.5,7569.75,7563.25,7565.0,10701
2026-07-01T12:55:00,7565.0,7565.75,7557.5,7559.75,10173
2026-07-01T13:00:00,7559.75,7563.75,7558.25,7559.5,10962
2026-07-01T13:05:00,7559.5,7560.0,7554.75,7559.5,11255
2026-07-01T13:10:00,7559.25,7563.25,7557.0,7562.5,8226
2026-07-01T13:15:00,7562.75,7565.5,7561.75,7565.25,6507
2026-07-01T13:20:00,7565.25,7567.25,7564.75,7566.5,5897
2026-07-01T13:25:00,7566.5,7568.5,7563.5,7564.0,6131
2026-07-01T13:30:00,7564.0,7566.25,7561.25,7562.75,6045
2026-07-01T13:35:00,7562.75,7565.25,7561.0,7564.0,5162
2026-07-01T13:40:00,7564.0,7564.75,7559.25,7559.25,4844
2026-07-01T13:45:00,7559.5,7561.25,7557.5,7558.75,5327
2026-07-01T13:50:00,7559.0,7562.0,7557.0,7560.5,5313
2026-07-01T13:55:00,7560.75,7560.75,7556.25,7556.75,5936
2026-07-01T14:00:00,7556.75,7561.5,7556.0,7561.25,7341
2026-07-01T14:05:00,7561.25,7561.5,7557.25,7559.5,5196
2026-07-01T14:10:00,7559.5,7559.75,7555.5,7555.5,6349
2026-07-01T14:15:00,7555.5,7557.25,7551.5,7556.75,9583
2026-07-01T14:20:00,7556.75,7559.5,7555.5,7559.0,5830
2026-07-01T14:25:00,7559.0,7560.25,7556.0,7556.0,3984
2026-07-01T14:30:00,7556.0,7557.5,7554.75,7556.75,5015
2026-07-01T14:35:00,7556.75,7558.5,7555.5,7557.25,4550
2026-07-01T14:40:00,7557.25,7558.0,7555.25,7556.5,4746
2026-07-01T14:45:00,7556.5,7557.0,7551.25,7554.25,8290
2026-07-01T14:50:00,7554.0,7554.75,7549.25,7549.5,9781
2026-07-01T14:55:00,7549.5,7554.0,7549.25,7553.5,7356
2026-07-01T15:00:00,7553.5,7558.0,7552.75,7557.75,9012
2026-07-01T15:05:00,7557.5,7561.75,7557.25,7561.0,8535
2026-07-01T15:10:00,7561.0,7561.25,7557.25,7558.5,7646
2026-07-01T15:15:00,7558.25,7560.75,7557.75,7559.0,6825
2026-07-01T15:20:00,7559.0,7560.0,7557.5,7559.5,6213
2026-07-01T15:25:00,7559.75,7559.75,7553.5,7553.75,10260
2026-07-01T15:30:00,7553.75,7557.5,7553.75,7555.5,8785
2026-07-01T15:35:00,7555.5,7555.75,7551.5,7552.5,9060
2026-07-01T15:40:00,7552.5,7553.0,7548.5,7550.5,13564
2026-07-01T15:45:00,7550.5,7550.75,7547.0,7549.25,9415
2026-07-01T15:50:00,7549.25,7552.5,7543.0,7546.75,20815
2026-07-01T15:55:00,7546.75,7547.5,7536.5,7541.75,92764
2026-07-02T09:30:00,7555.0,7568.0,7551.5,7566.0,40144
2026-07-02T09:35:00,7566.0,7573.0,7560.5,7568.75,28139
2026-07-02T09:40:00,7568.75,7583.5,7566.75,7578.5,31627
2026-07-02T09:45:00,7578.5,7588.5,7576.0,7585.25,23551
2026-07-02T09:50:00,7585.25,7593.75,7582.75,7585.75,24625
2026-07-02T09:55:00,7586.0,7588.75,7581.5,7588.75,15516
2026-07-02T10:00:00,7588.75,7592.0,7585.25,7588.75,17375
2026-07-02T10:05:00,7589.0,7591.0,7582.5,7583.75,17285
2026-07-02T10:10:00,7583.75,7593.5,7577.5,7591.0,20703
2026-07-02T10:15:00,7591.0,7593.0,7582.25,7587.75,21087
2026-07-02T10:20:00,7587.5,7588.75,7575.75,7577.25,25445
2026-07-02T10:25:00,7577.25,7579.0,7556.5,7559.75,36832
2026-07-02T10:30:00,7559.75,7574.25,7555.75,7563.5,32211
2026-07-02T10:35:00,7563.25,7572.0,7558.5,7565.25,24876
2026-07-02T10:40:00,7565.25,7567.25,7543.75,7549.25,36566
2026-07-02T10:45:00,7549.25,7557.75,7543.5,7553.25,31731
2026-07-02T10:50:00,7553.25,7557.75,7540.25,7545.25,27147
2026-07-02T10:55:00,7545.0,7557.5,7544.5,7557.25,21162
2026-07-02T11:00:00,7557.25,7559.0,7541.0,7541.25,21986
2026-07-02T11:05:00,7541.5,7544.25,7522.5,7534.25,35896
2026-07-02T11:10:00,7534.5,7546.25,7530.75,7541.25,23049
2026-07-02T11:15:00,7541.25,7544.5,7524.75,7527.0,24739
2026-07-02T11:20:00,7527.0,7540.0,7524.0,7539.75,26445
2026-07-02T11:25:00,7540.0,7541.0,7529.0,7529.25,22237
2026-07-02T11:30:00,7529.0,7543.0,7528.0,7541.0,18831
2026-07-02T11:35:00,7541.25,7547.5,7539.75,7542.5,17033
2026-07-02T11:40:00,7542.75,7546.0,7533.25,7533.5,15741
2026-07-02T11:45:00,7533.25,7537.75,7527.75,7529.0,14494
2026-07-02T11:50:00,7529.0,7529.25,7520.75,7526.5,17161
2026-07-02T11:55:00,7526.5,7530.0,7521.0,7526.75,14881
2026-07-02T12:00:00,7527.0,7529.5,7517.0,7523.75,16200
2026-07-02T12:05:00,7523.5,7526.5,7518.25,7519.75,11034
2026-07-02T12:10:00,7519.75,7527.0,7518.5,7525.0,12246
2026-07-02T12:15:00,7525.25,7526.5,7519.5,7520.5,10198
2026-07-02T12:20:00,7520.5,7521.0,7513.75,7514.5,13687
2026-07-02T12:25:00,7514.75,7520.5,7514.5,7515.75,13921
2026-07-02T12:30:00,7515.75,7516.0,7508.75,7508.75,14878
2026-07-02T12:35:00,7508.75,7511.75,7501.25,7506.75,19147
2026-07-02T12:40:00,7506.75,7513.75,7506.0,7512.25,16782
2026-07-02T12:45:00,7512.25,7512.75,7507.5,7509.75,11555
2026-07-02T12:50:00,7509.75,7513.5,7505.75,7509.0,11508
2026-07-02T12:55:00,7509.25,7509.25,7498.0,7501.5,13488
2026-07-02T13:00:00,7501.5,7503.0,7485.0,7488.25,20700
2026-07-02T13:05:00,7488.25,7499.5,7483.25,7495.0,20105
2026-07-02T13:10:00,7495.0,7499.25,7492.25,7497.5,9908
2026-07-02T13:15:00,7497.25,7501.75,7493.5,7494.5,11599
2026-07-02T13:20:00,7494.5,7499.0,7492.5,7493.25,9252
2026-07-02T13:25:00,7493.25,7496.25,7491.25,7495.0,6904
2026-07-02T13:30:00,7495.0,7500.75,7493.5,7493.75,11056
2026-07-02T13:35:00,7493.75,7495.5,7485.75,7487.0,11030
2026-07-02T13:40:00,7487.0,7491.75,7483.5,7490.75,11543
2026-07-02T13:45:00,7490.75,7491.0,7481.5,7485.75,10564
2026-07-02T13:50:00,7485.75,7490.5,7483.0,7489.0,9512
2026-07-02T13:55:00,7489.25,7490.0,7479.5,7482.0,9694
2026-07-02T14:00:00,7482.25,7489.25,7480.0,7489.0,10702
2026-07-02T14:05:00,7489.0,7504.5,7488.25,7504.25,16882
2026-07-02T14:10:00,7504.0,7508.75,7501.0,7501.75,13315
2026-07-02T14:15:00,7501.75,7503.5,7493.5,7496.25,11986
2026-07-02T14:20:00,7496.25,7502.75,7496.25,7501.0,7917
2026-07-02T14:25:00,7501.0,7506.75,7499.25,7506.5,8024
2026-07-02T14:30:00,7506.5,7512.75,7505.75,7508.75,13571
2026-07-02T14:35:00,7509.0,7512.5,7508.0,7511.25,8127
2026-07-02T14:40:00,7511.5,7513.0,7509.5,7510.5,7135
2026-07-02T14:45:00,7510.25,7512.5,7505.0,7511.75,9903
2026-07-02T14:50:00,7511.75,7514.75,7508.25,7508.25,8939
2026-07-02T14:55:00,7508.25,7510.25,7505.25,7509.0,8671
2026-07-02T15:00:00,7509.25,7510.75,7494.25,7495.75,14053
2026-07-02T15:05:00,7495.5,7500.25,7491.75,7497.5,15819
2026-07-02T15:10:00,7497.75,7501.75,7494.25,7499.5,9815
2026-07-02T15:15:00,7499.75,7501.0,7494.25,7496.75,7683
2026-07-02T15:20:00,7496.75,7497.75,7494.25,7495.0,7549
2026-07-02T15:25:00,7494.75,7505.5,7493.5,7502.5,12126
2026-07-02T15:30:00,7502.5,7508.0,7500.5,7507.75,10380
2026-07-02T15:35:00,7507.75,7510.75,7504.75,7510.25,10507
2026-07-02T15:40:00,7510.25,7513.0,7507.0,7511.75,8909
2026-07-02T15:45:00,7511.75,7513.0,7508.75,7512.0,12432
2026-07-02T15:50:00,7512.0,7523.5,7512.0,7523.25,29011
2026-07-02T15:55:00,7523.0,7534.0,7520.75,7526.5,88510
2026-07-06T09:30:00,7564.75,7573.0,7559.25,7570.25,35449
2026-07-06T09:35:00,7570.0,7570.0,7552.5,7561.5,22470
2026-07-06T09:40:00,7561.5,7565.75,7555.5,7565.0,16345
2026-07-06T09:45:00,7565.0,7569.75,7561.5,7568.0,16207
2026-07-06T09:50:00,7567.75,7574.0,7560.75,7567.25,18499
2026-07-06T09:55:00,7567.25,7568.25,7561.75,7564.0,11927
2026-07-06T10:00:00,7564.25,7568.75,7558.5,7562.5,14635
2026-07-06T10:05:00,7562.25,7569.25,7559.0,7566.75,12974
2026-07-06T10:10:00,7567.0,7573.5,7564.75,7573.0,12785
2026-07-06T10:15:00,7572.75,7573.75,7568.5,7570.75,13752
2026-07-06T10:20:00,7570.75,7577.75,7569.25,7575.75,15939
2026-07-06T10:25:00,7575.5,7579.0,7574.75,7578.75,14235
2026-07-06T10:30:00,7578.5,7581.0,7575.5,7576.0,14096
2026-07-06T10:35:00,7576.25,7577.75,7573.5,7576.0,10405
2026-07-06T10:40:00,7575.75,7577.0,7570.0,7576.0,13749
2026-07-06T10:45:00,7575.75,7577.75,7574.0,7576.5,7859
2026-07-06T10:50:00,7576.5,7580.0,7575.0,7578.25,8883
2026-07-06T10:55:00,7578.0,7582.25,7576.25,7582.0,10339
2026-07-06T11:00:00,7582.25,7583.5,7579.0,7581.0,12571
2026-07-06T11:05:00,7581.0,7582.5,7579.25,7582.25,8224
2026-07-06T11:10:00,7582.25,7583.5,7577.5,7580.5,10546
2026-07-06T11:15:00,7580.75,7580.75,7575.25,7579.25,9989
2026-07-06T11:20:00,7579.25,7582.75,7576.5,7582.25,8278
2026-07-06T11:25:00,7582.25,7587.25,7581.5,7587.0,12015
2026-07-06T11:30:00,7587.0,7589.0,7585.25,7585.5,12673
2026-07-06T11:35:00,7585.5,7586.25,7582.75,7585.5,7159
2026-07-06T11:40:00,7585.5,7587.5,7584.75,7587.5,6257
2026-07-06T11:45:00,7587.5,7588.75,7585.75,7588.0,5374
2026-07-06T11:50:00,7588.0,7589.0,7585.25,7585.5,6134
2026-07-06T11:55:00,7585.5,7588.75,7585.5,7587.5,5506
2026-07-06T12:00:00,7587.5,7588.0,7585.5,7587.0,4739
2026-07-06T12:05:00,7587.0,7589.5,7586.25,7588.25,5221
2026-07-06T12:10:00,7588.5,7590.25,7587.5,7588.75,5679
2026-07-06T12:15:00,7588.75,7589.75,7587.5,7589.25,4143
2026-07-06T12:20:00,7589.25,7590.5,7587.5,7588.25,4999
2026-07-06T12:25:00,7588.0,7588.5,7584.75,7585.5,5591
2026-07-06T12:30:00,7585.75,7586.75,7583.75,7585.5,5313
2026-07-06T12:35:00,7585.5,7585.75,7583.0,7585.25,4050
2026-07-06T12:40:00,7585.25,7586.75,7584.75,7586.5,3768
2026-07-06T12:45:00,7586.25,7589.75,7584.75,7589.25,5388
2026-07-06T12:50:00,7589.5,7590.25,7585.25,7585.25,5209
2026-07-06T12:55:00,7585.5,7586.5,7582.75,7583.75,6105
2026-07-06T13:00:00,7583.75,7589.0,7583.25,7587.75,7050
2026-07-06T13:05:00,7588.0,7594.75,7588.0,7593.0,11246
2026-07-06T13:10:00,7593.0,7594.25,7591.25,7592.75,6201
2026-07-06T13:15:00,7592.75,7593.75,7589.0,7590.0,5059
2026-07-06T13:20:00,7590.0,7590.5,7587.25,7589.0,5856
2026-07-06T13:25:00,7589.0,7590.25,7585.25,7586.0,5487
2026-07-06T13:30:00,7586.0,7586.75,7580.75,7582.25,9791
2026-07-06T13:35:00,7582.25,7584.25,7580.75,7582.25,7897
2026-07-06T13:40:00,7582.25,7582.25,7575.25,7579.5,12694
2026-07-06T13:45:00,7579.5,7583.0,7577.25,7582.0,7825
2026-07-06T13:50:00,7582.0,7584.25,7579.25,7579.5,6489
2026-07-06T13:55:00,7579.5,7580.5,7578.0,7580.0,6561
2026-07-06T14:00:00,7580.0,7586.5,7580.0,7585.75,8996
2026-07-06T14:05:00,7585.75,7590.0,7585.0,7588.5,7378
2026-07-06T14:10:00,7588.5,7589.5,7587.0,7589.0,4353
2026-07-06T14:15:00,7589.0,7594.25,7589.0,7592.25,9034
2026-07-06T14:20:00,7592.5,7593.75,7591.0,7593.5,4670
2026-07-06T14:25:00,7593.5,7595.0,7591.5,7592.0,7245
2026-07-06T14:30:00,7592.0,7594.0,7589.75,7590.0,6330
2026-07-06T14:35:00,7590.0,7591.75,7588.75,7589.5,4498
2026-07-06T14:40:00,7589.5,7592.5,7589.5,7591.25,4593
2026-07-06T14:45:00,7591.25,7595.5,7590.75,7595.0,7405
2026-07-06T14:50:00,7595.0,7597.0,7594.25,7597.0,6298
2026-07-06T14:55:00,7597.0,7599.0,7595.5,7598.25,7105
2026-07-06T15:00:00,7598.25,7600.0,7595.25,7597.0,8992
2026-07-06T15:05:00,7597.25,7598.25,7595.0,7596.0,6729
2026-07-06T15:10:00,7595.75,7597.75,7595.0,7596.25,5409
2026-07-06T15:15:00,7596.25,7599.75,7595.0,7599.25,7209
2026-07-06T15:20:00,7599.25,7602.5,7598.0,7601.25,8032
2026-07-06T15:25:00,7601.0,7601.75,7599.25,7600.75,6452
2026-07-06T15:30:00,7600.75,7601.0,7597.5,7598.5,9187
2026-07-06T15:35:00,7598.5,7599.75,7595.5,7598.0,8548
2026-07-06T15:40:00,7597.75,7598.75,7596.0,7598.5,6785
2026-07-06T15:45:00,7598.5,7600.5,7597.25,7597.5,8910
2026-07-06T15:50:00,7597.75,7598.5,7591.0,7591.25,23626
2026-07-06T15:55:00,7591.25,7593.75,7587.75,7593.5,76569
2026-07-07T09:30:00,7580.75,7587.5,7571.75,7572.5,33389
2026-07-07T09:35:00,7572.75,7577.5,7569.75,7572.75,22551
2026-07-07T09:40:00,7572.75,7580.5,7569.0,7580.0,19089
2026-07-07T09:45:00,7580.0,7580.75,7573.25,7574.75,16533
2026-07-07T09:50:00,7574.5,7577.25,7565.25,7567.25,17061
2026-07-07T09:55:00,7567.25,7568.75,7560.5,7566.25,19554
2026-07-07T10:00:00,7566.25,7570.0,7560.0,7563.5,22936
2026-07-07T10:05:00,7563.5,7567.75,7559.0,7560.75,18940
2026-07-07T10:10:00,7560.5,7560.75,7547.5,7548.0,25012
2026-07-07T10:15:00,7548.0,7553.0,7542.5,7552.75,26341
2026-07-07T10:20:00,7552.75,7555.25,7543.75,7544.0,19750
2026-07-07T10:25:00,7544.25,7545.0,7538.5,7544.5,24174
2026-07-07T10:30:00,7544.5,7547.75,7540.25,7541.0,17480
2026-07-07T10:35:00,7541.0,7543.0,7536.0,7536.0,17188
2026-07-07T10:40:00,7536.25,7539.0,7529.5,7535.0,20239
2026-07-07T10:45:00,7535.0,7542.25,7534.0,7539.25,16713
2026-07-07T10:50:00,7539.5,7545.0,7537.25,7543.5,13957
2026-07-07T10:55:00,7543.5,7546.5,7541.5,7542.25,11152
2026-07-07T11:00:00,7542.0,7543.25,7536.5,7541.0,12971
2026-07-07T11:05:00,7541.0,7544.25,7538.75,7543.25,8740
2026-07-07T11:10:00,7543.25,7544.5,7537.75,7538.0,8937
2026-07-07T11:15:00,7537.75,7538.25,7534.5,7536.75,10074
2026-07-07T11:20:00,7536.75,7540.5,7535.0,7536.0,9939
2026-07-07T11:25:00,7536.25,7541.0,7534.75,7540.5,9067
2026-07-07T11:30:00,7540.75,7541.5,7536.25,7536.25,8239
2026-07-07T11:35:00,7536.25,7539.5,7533.5,7533.75,8671
2026-07-07T11:40:00,7533.75,7541.5,7531.25,7541.25,11976
2026-07-07T11:45:00,7541.25,7549.25,7541.0,7543.5,16897
2026-07-07T11:50:00,7543.25,7550.25,7543.25,7547.25,8203
2026-07-07T11:55:00,7547.5,7551.25,7545.0,7551.0,7349
2026-07-07T12:00:00,7551.0,7555.5,7549.75,7554.0,13055
2026-07-07T12:05:00,7554.0,7558.25,7549.75,7552.25,12113
2026-07-07T12:10:00,7552.25,7559.0,7552.25,7557.75,10440
2026-07-07T12:15:00,7558.0,7559.5,7555.75,7558.0,10365
2026-07-07T12:20:00,7557.75,7566.0,7557.75,7562.75,17384
2026-07-07T12:25:00,7563.0,7567.25,7562.25,7565.0,10679
2026-07-07T12:30:00,7565.25,7567.5,7561.75,7563.25,11912
2026-07-07T12:35:00,7563.25,7566.0,7559.75,7565.5,8521
2026-07-07T12:40:00,7565.5,7567.0,7563.0,7566.0,5778
2026-07-07T12:45:00,7566.25,7568.75,7566.0,7568.0,7135
2026-07-07T12:50:00,7568.0,7568.75,7565.0,7565.5,5908
2026-07-07T12:55:00,7565.5,7567.5,7562.75,7567.5,6385
2026-07-07T13:00:00,7567.25,7569.25,7566.25,7569.25,6207
2026-07-07T13:05:00,7569.25,7571.25,7568.25,7569.25,7161
2026-07-07T13:10:00,7569.0,7569.25,7565.0,7565.75,5572
2026-07-07T13:15:00,7565.75,7566.0,7561.75,7564.0,7378
2026-07-07T13:20:00,7563.75,7569.25,7563.0,7567.75,6358
2026-07-07T13:25:00,7567.5,7568.5,7565.75,7566.25,4909
2026-07-07T13:30:00,7566.25,7569.5,7566.0,7568.0,5968
2026-07-07T13:35:00,7568.0,7569.75,7565.75,7568.75,4736
2026-07-07T13:40:00,7568.5,7570.25,7566.75,7568.75,4461
2026-07-07T13:45:00,7568.75,7569.0,7565.0,7566.25,5509
2026-07-07T13:50:00,7566.25,7568.0,7564.0,7565.5,4257
2026-07-07T13:55:00,7565.5,7569.25,7564.75,7569.25,4019
2026-07-07T14:00:00,7569.25,7570.25,7566.25,7568.5,5298
2026-07-07T14:05:00,7568.5,7569.5,7565.5,7566.75,4031
2026-07-07T14:10:00,7567.0,7569.25,7566.5,7567.25,4463
2026-07-07T14:15:00,7567.25,7569.0,7566.0,7567.75,5522
2026-07-07T14:20:00,7567.75,7570.5,7566.75,7569.0,5946
2026-07-07T14:25:00,7569.0,7570.25,7566.25,7567.5,5623
2026-07-07T14:30:00,7567.25,7568.25,7563.0,7564.5,7841
2026-07-07T14:35:00,7564.25,7567.75,7562.75,7566.75,5679
2026-07-07T14:40:00,7566.75,7567.0,7561.5,7564.75,6798
2026-07-07T14:45:00,7564.75,7566.0,7554.0,7559.25,13108
2026-07-07T14:50:00,7559.25,7560.0,7552.25,7555.25,16254
2026-07-07T14:55:00,7555.25,7556.75,7551.5,7552.5,10404
2026-07-07T15:00:00,7552.5,7554.5,7545.5,7549.25,18815
2026-07-07T15:05:00,7549.5,7552.75,7543.75,7544.75,12572
2026-07-07T15:10:00,7544.5,7547.25,7542.25,7545.0,12075
2026-07-07T15:15:00,7544.75,7545.75,7537.0,7543.75,16459
2026-07-07T15:20:00,7543.5,7547.75,7541.25,7547.75,11993
2026-07-07T15:25:00,7547.5,7548.25,7542.5,7544.25,10072
2026-07-07T15:30:00,7544.0,7550.0,7543.75,7548.75,14532
2026-07-07T15:35:00,7549.0,7549.0,7543.75,7544.75,9135
2026-07-07T15:40:00,7545.0,7545.25,7541.25,7542.75,9241
2026-07-07T15:45:00,7543.0,7548.25,7542.5,7547.5,13813
2026-07-07T15:50:00,7547.5,7555.0,7547.5,7554.75,17427
2026-07-07T15:55:00,7554.75,7556.75,7548.0,7553.25,65730
2026-07-08T09:30:00,7507.0,7516.75,7501.75,7512.25,29809
2026-07-08T09:35:00,7512.25,7517.25,7505.75,7515.0,24152
2026-07-08T09:40:00,7515.25,7523.25,7513.25,7518.75,22222
2026-07-08T09:45:00,7518.75,7524.75,7511.5,7511.75,18616
2026-07-08T09:50:00,7511.75,7520.0,7508.75,7511.75,17218
2026-07-08T09:55:00,7511.75,7521.5,7507.25,7515.75,18327
2026-07-08T10:00:00,7515.75,7520.25,7511.0,7513.25,15471
2026-07-08T10:05:00,7513.25,7522.5,7513.0,7517.75,16443
2026-07-08T10:10:00,7517.75,7519.75,7505.75,7507.75,15424
2026-07-08T10:15:00,7507.5,7511.25,7501.75,7507.25,19712
2026-07-08T10:20:00,7507.0,7520.75,7505.0,7513.0,19636
2026-07-08T10:25:00,7513.0,7519.75,7502.75,7506.0,19872
2026-07-08T10:30:00,7506.0,7512.0,7502.0,7508.0,18343
2026-07-08T10:35:00,7508.0,7508.25,7497.25,7498.0,18099
2026-07-08T10:40:00,7498.0,7503.0,7494.75,7499.25,16743
2026-07-08T10:45:00,7499.5,7499.75,7488.0,7488.25,16411
2026-07-08T10:50:00,7488.0,7503.25,7484.0,7496.25,23404
2026-07-08T10:55:00,7496.0,7502.0,7490.25,7493.25,13822
2026-07-08T11:00:00,7493.5,7495.25,7489.0,7490.25,11828
2026-07-08T11:05:00,7490.25,7494.5,7489.0,7489.75,10422
2026-07-08T11:10:00,7489.75,7493.5,7484.5,7485.75,12295
2026-07-08T11:15:00,7486.0,7490.25,7478.5,7488.0,19103
2026-07-08T11:20:00,7487.75,7490.75,7475.0,7476.25,17746
2026-07-08T11:25:00,7476.25,7478.0,7470.0,7474.25,20603
2026-07-08T11:30:00,7474.25,7482.5,7469.5,7482.0,20152
2026-07-08T11:35:00,7481.75,7487.5,7478.75,7480.75,17155
2026-07-08T11:40:00,7480.75,7486.75,7480.5,7482.0,13495
2026-07-08T11:45:00,7482.25,7485.0,7477.5,7479.75,11291
2026-07-08T11:50:00,7479.75,7480.75,7475.0,7479.5,10175
2026-07-08T11:55:00,7479.5,7482.75,7476.5,7481.0,12036
2026-07-08T12:00:00,7481.0,7487.25,7480.75,7487.0,15010
2026-07-08T12:05:00,7487.0,7492.25,7485.75,7491.25,13424
2026-07-08T12:10:00,7491.5,7498.5,7491.25,7497.5,11586
2026-07-08T12:15:00,7497.75,7502.0,7494.5,7501.0,11665
2026-07-08T12:20:00,7501.0,7507.75,7500.75,7502.25,15328
2026-07-08T12:25:00,7502.5,7510.0,7501.75,7506.0,11114
2026-07-08T12:30:00,7506.0,7513.5,7505.0,7505.5,14993
2026-07-08T12:35:00,7505.5,7510.5,7499.5,7507.25,18392
2026-07-08T12:40:00,7507.25,7517.5,7503.5,7514.5,21200
2026-07-08T12:45:00,7514.5,7518.25,7510.75,7517.75,11180
2026-07-08T12:50:00,7518.0,7521.75,7516.0,7519.5,14406
2026-07-08T12:55:00,7519.5,7522.75,7517.5,7522.0,9010
2026-07-08T13:00:00,7522.0,7522.5,7516.5,7518.25,10045
2026-07-08T13:05:00,7518.25,7523.0,7517.0,7518.0,8444
2026-07-08T13:10:00,7518.0,7521.75,7514.5,7518.25,8362
2026-07-08T13:15:00,7518.0,7525.25,7518.0,7524.5,7539
2026-07-08T13:20:00,7524.5,7530.0,7524.0,7529.75,11690
2026-07-08T13:25:00,7529.75,7533.0,7527.5,7532.75,9935
2026-07-08T13:30:00,7532.75,7536.5,7531.25,7531.25,10014
2026-07-08T13:35:00,7531.0,7532.75,7527.75,7528.0,7798
2026-07-08T13:40:00,7528.0,7528.5,7523.5,7525.0,8330
2026-07-08T13:45:00,7525.0,7525.0,7517.25,7519.0,10486
2026-07-08T13:50:00,7519.0,7524.0,7517.75,7519.75,8466
2026-07-08T13:55:00,7519.5,7520.25,7514.5,7519.5,7543
2026-07-08T14:00:00,7519.25,7529.75,7515.5,7528.0,11562
2026-07-08T14:05:00,7527.75,7529.0,7523.75,7527.75,7965
2026-07-08T14:10:00,7527.5,7530.0,7524.25,7528.0,8796
2026-07-08T14:15:00,7528.0,7529.25,7522.25,7527.0,8468
2026-07-08T14:20:00,7526.75,7528.0,7523.5,7524.25,7591
2026-07-08T14:25:00,7524.25,7527.25,7521.5,7521.75,5888
2026-07-08T14:30:00,7521.5,7522.75,7517.75,7519.5,7625
2026-07-08T14:35:00,7519.25,7527.5,7518.25,7526.75,7038
2026-07-08T14:40:00,7526.75,7528.0,7520.5,7525.5,7185
2026-07-08T14:45:00,7525.5,7528.25,7522.75,7527.75,4670
2026-07-08T14:50:00,7527.75,7530.5,7525.5,7526.5,7053
2026-07-08T14:55:00,7526.75,7528.5,7523.0,7528.25,6674
2026-07-08T15:00:00,7528.5,7532.5,7525.5,7527.25,9613
2026-07-08T15:05:00,7527.25,7529.0,7524.75,7528.0,5828
2026-07-08T15:10:00,7528.25,7528.5,7522.5,7523.75,6202
2026-07-08T15:15:00,7523.5,7526.5,7521.75,7523.0,5706
2026-07-08T15:20:00,7523.25,7527.5,7523.0,7525.0,5123
2026-07-08T15:25:00,7525.25,7528.5,7524.25,7526.75,5312
2026-07-08T15:30:00,7526.75,7528.25,7523.0,7524.0,7903
2026-07-08T15:35:00,7523.75,7528.5,7523.0,7527.0,6188
2026-07-08T15:40:00,7526.75,7528.25,7523.5,7527.75,6502
2026-07-08T15:45:00,7528.0,7528.25,7518.25,7522.25,12365
2026-07-08T15:50:00,7522.25,7531.75,7520.25,7531.5,15044
2026-07-08T15:55:00,7531.5,7536.5,7526.5,7526.75,72014
2026-07-09T09:30:00,7546.75,7548.75,7530.25,7547.25,40429
2026-07-09T09:35:00,7547.25,7557.25,7544.75,7555.25,23481
2026-07-09T09:40:00,7555.0,7559.25,7548.5,7558.0,19995
2026-07-09T09:45:00,7558.0,7562.0,7551.5,7555.25,18678
2026-07-09T09:50:00,7555.0,7565.25,7552.0,7563.75,15704
2026-07-09T09:55:00,7564.0,7566.5,7559.5,7561.0,14080
2026-07-09T10:00:00,7561.25,7564.5,7559.25,7561.0,13714
2026-07-09T10:05:00,7561.25,7562.75,7553.5,7553.75,13454
2026-07-09T10:10:00,7553.5,7554.0,7546.25,7549.25,17353
2026-07-09T10:15:00,7549.5,7549.5,7532.75,7536.5,29125
2026-07-09T10:20:00,7536.5,7543.5,7529.5,7543.0,24730
2026-07-09T10:25:00,7543.25,7555.75,7541.25,7552.75,21654
2026-07-09T10:30:00,7552.75,7555.0,7544.75,7550.5,16933
2026-07-09T10:35:00,7550.5,7559.0,7549.25,7558.25,11364
2026-07-09T10:40:00,7558.0,7559.0,7552.25,7553.0,10613
2026-07-09T10:45:00,7553.25,7558.25,7552.5,7554.75,9639
2026-07-09T10:50:00,7554.75,7554.75,7546.75,7554.0,14324
2026-07-09T10:55:00,7554.0,7563.75,7554.0,7562.0,13547
2026-07-09T11:00:00,7562.0,7564.25,7560.5,7563.25,11643
2026-07-09T11:05:00,7563.5,7570.25,7563.0,7569.75,14818
2026-07-09T11:10:00,7569.75,7570.75,7565.75,7566.75,10796
2026-07-09T11:15:00,7566.75,7570.75,7564.5,7567.0,11392
2026-07-09T11:20:00,7567.25,7574.75,7566.75,7574.0,13189
2026-07-09T11:25:00,7574.25,7575.0,7572.25,7572.75,10055
2026-07-09T11:30:00,7573.0,7573.25,7569.75,7571.0,9697
2026-07-09T11:35:00,7570.75,7574.0,7570.25,7573.75,6588
2026-07-09T11:40:00,7574.0,7577.75,7573.0,7576.25,11614
2026-07-09T11:45:00,7576.5,7578.0,7574.25,7577.0,8148
2026-07-09T11:50:00,7577.0,7577.5,7573.75,7574.5,6598
2026-07-09T11:55:00,7574.5,7576.25,7573.25,7573.75,5597
2026-07-09T12:00:00,7573.75,7579.75,7573.75,7578.5,8221
2026-07-09T12:05:00,7578.75,7581.25,7578.75,7579.75,7351
2026-07-09T12:10:00,7579.5,7580.75,7579.0,7580.75,4206
2026-07-09T12:15:00,7580.75,7582.0,7579.25,7580.75,5027
2026-07-09T12:20:00,7580.75,7583.5,7579.75,7583.25,4966
2026-07-09T12:25:00,7583.0,7583.25,7581.0,7581.5,4604
2026-07-09T12:30:00,7581.75,7584.25,7579.75,7580.0,6039
2026-07-09T12:35:00,7580.0,7581.25,7578.5,7581.25,7146
2026-07-09T12:40:00,7581.25,7583.25,7581.25,7582.0,4534
2026-07-09T12:45:00,7582.25,7582.75,7578.5,7580.25,4513
2026-07-09T12:50:00,7580.0,7581.25,7578.75,7579.25,4090
2026-07-09T12:55:00,7579.25,7580.25,7577.5,7579.5,4567
2026-07-09T13:00:00,7579.75,7583.5,7579.5,7582.5,5598
2026-07-09T13:05:00,7582.5,7587.75,7581.5,7586.75,11615
2026-07-09T13:10:00,7586.75,7589.5,7586.25,7587.25,9646
2026-07-09T13:15:00,7587.5,7591.25,7587.25,7590.75,5675
2026-07-09T13:20:00,7590.75,7592.25,7589.0,7590.0,8171
2026-07-09T13:25:00,7590.25,7593.5,7590.0,7593.25,6682
2026-07-09T13:30:00,7593.25,7594.0,7590.0,7591.75,7618
2026-07-09T13:35:00,7591.75,7594.25,7591.25,7592.75,5321
2026-07-09T13:40:00,7592.75,7593.5,7590.25,7592.5,5918
2026-07-09T13:45:00,7592.5,7595.0,7592.25,7593.75,4675
2026-07-09T13:50:00,7593.5,7594.5,7592.25,7592.75,3912
2026-07-09T13:55:00,7592.5,7592.75,7588.0,7591.5,9808
2026-07-09T14:00:00,7591.25,7592.75,7589.5,7590.25,6629
2026-07-09T14:05:00,7590.5,7593.75,7590.25,7592.0,5191
2026-07-09T14:10:00,7592.25,7593.5,7591.5,7592.5,4555
2026-07-09T14:15:00,7592.5,7594.0,7590.25,7591.25,4752
2026-07-09T14:20:00,7591.25,7591.25,7588.25,7588.25,6362
2026-07-09T14:25:00,7588.25,7589.5,7587.25,7589.5,6270
2026-07-09T14:30:00,7589.5,7590.75,7587.25,7587.5,5151
2026-07-09T14:35:00,7587.25,7588.25,7585.5,7586.0,4834
2026-07-09T14:40:00,7586.0,7588.0,7585.25,7587.75,4623
2026-07-09T14:45:00,7587.5,7588.0,7585.5,7587.5,4446
2026-07-09T14:50:00,7587.5,7588.0,7585.5,7585.5,4244
2026-07-09T14:55:00,7585.5,7586.0,7583.0,7585.0,6508
2026-07-09T15:00:00,7585.25,7585.5,7582.25,7583.0,5776
2026-07-09T15:05:00,7583.0,7584.5,7581.0,7582.0,5838
2026-07-09T15:10:00,7582.0,7584.75,7581.0,7583.25,5715
2026-07-09T15:15:00,7583.5,7588.0,7582.75,7587.25,8267
2026-07-09T15:20:00,7587.25,7588.5,7585.75,7585.75,5159
2026-07-09T15:25:00,7586.0,7586.75,7584.75,7585.0,4960
2026-07-09T15:30:00,7585.0,7586.25,7583.5,7585.25,6973
2026-07-09T15:35:00,7585.25,7588.0,7585.25,7586.75,5150
2026-07-09T15:40:00,7586.75,7589.0,7585.25,7588.0,5663
2026-07-09T15:45:00,7588.0,7588.75,7586.5,7586.5,6280
2026-07-09T15:50:00,7586.75,7586.75,7582.5,7582.75,14320
2026-07-09T15:55:00,7582.5,7591.0,7582.5,7590.5,55341
2026-07-10T09:30:00,7592.25,7600.5,7592.25,7597.75,25683
2026-07-10T09:35:00,7597.75,7604.5,7596.5,7597.75,14820
2026-07-10T09:40:00,7598.0,7598.5,7590.0,7594.25,19822
2026-07-10T09:45:00,7594.5,7603.5,7592.75,7602.5,13463
2026-07-10T09:50:00,7602.25,7604.25,7598.75,7601.25,12208
2026-07-10T09:55:00,7601.25,7604.5,7598.0,7601.5,12786
2026-07-10T10:00:00,7601.5,7605.75,7598.75,7603.5,13793
2026-07-10T10:05:00,7603.5,7604.75,7596.75,7602.75,13215
2026-07-10T10:10:00,7603.0,7603.75,7598.25,7599.25,8600
2026-07-10T10:15:00,7599.0,7601.75,7595.25,7599.0,14284
2026-07-10T10:20:00,7599.0,7600.25,7593.0,7597.75,12418
2026-07-10T10:25:00,7597.5,7603.75,7593.25,7598.0,13157
2026-07-10T10:30:00,7597.75,7602.75,7552.75,7581.25,55385
2026-07-10T10:35:00,7581.25,7592.75,7576.0,7589.25,25578
2026-07-10T10:40:00,7589.0,7595.0,7585.0,7593.25,15223
2026-07-10T10:45:00,7593.5,7596.75,7588.0,7596.0,13103
2026-07-10T10:50:00,7596.0,7598.25,7591.25,7591.75,11130
2026-07-10T10:55:00,7591.75,7592.5,7583.0,7584.25,17006
2026-07-10T11:00:00,7584.25,7586.75,7581.0,7581.75,17250
2026-07-10T11:05:00,7581.75,7590.0,7578.5,7590.0,12601
2026-07-10T11:10:00,7590.0,7593.0,7588.25,7591.75,9390
2026-07-10T11:15:00,7591.75,7604.25,7591.5,7599.5,17258
2026-07-10T11:20:00,7599.5,7603.5,7596.75,7602.75,9966
2026-07-10T11:25:00,7603.0,7606.75,7603.0,7605.25,12268
2026-07-10T11:30:00,7605.25,7606.5,7601.0,7602.75,13393
2026-07-10T11:35:00,7602.5,7603.0,7595.25,7596.5,11738
2026-07-10T11:40:00,7596.5,7597.5,7586.0,7592.5,17346
2026-07-10T11:45:00,7592.75,7598.75,7588.0,7596.5,12226
2026-07-10T11:50:00,7596.75,7601.5,7595.5,7600.5,7582
2026-07-10T11:55:00,7600.75,7601.5,7597.25,7600.25,6008
2026-07-10T12:00:00,7600.25,7606.25,7600.0,7603.75,10140
2026-07-10T12:05:00,7603.75,7604.25,7600.5,7601.75,6758
2026-07-10T12:10:00,7601.75,7604.75,7600.25,7604.0,6916
2026-07-10T12:15:00,7604.25,7609.25,7604.0,7608.0,8858
2026-07-10T12:20:00,7608.0,7608.5,7603.5,7606.0,5310
2026-07-10T12:25:00,7606.0,7606.25,7603.5,7604.25,5257
2026-07-10T12:30:00,7604.0,7608.0,7604.0,7606.75,4548
2026-07-10T12:35:00,7606.75,7608.25,7601.5,7605.0,5856
2026-07-10T12:40:00,7605.0,7608.75,7604.5,7608.5,4699
2026-07-10T12:45:00,7608.5,7612.0,7608.25,7610.75,7691
2026-07-10T12:50:00,7610.75,7613.5,7610.25,7612.25,6880
2026-07-10T12:55:00,7612.0,7614.0,7610.75,7612.75,5802
2026-07-10T13:00:00,7612.5,7613.0,7608.75,7609.75,6856
2026-07-10T13:05:00,7609.75,7610.75,7608.75,7609.0,3401
2026-07-10T13:10:00,7609.25,7610.75,7607.25,7610.5,4061
2026-07-10T13:15:00,7610.5,7613.0,7610.25,7611.25,4425
2026-07-10T13:20:00,7611.25,7612.75,7610.75,7612.0,2932
2026-07-10T13:25:00,7612.25,7613.25,7611.5,7613.0,3551
2026-07-10T13:30:00,7613.0,7614.5,7611.5,7613.0,5640
2026-07-10T13:35:00,7613.0,7617.0,7612.5,7615.0,7878
2026-07-10T13:40:00,7615.25,7616.25,7613.5,7614.0,4118
2026-07-10T13:45:00,7614.0,7616.25,7613.75,7616.0,2871
2026-07-10T13:50:00,7615.75,7616.75,7615.25,7615.5,2749
2026-07-10T13:55:00,7615.5,7615.75,7612.0,7612.75,4436
2026-07-10T14:00:00,7612.75,7614.75,7612.0,7613.5,5482
2026-07-10T14:05:00,7613.75,7616.25,7613.5,7615.5,5223
2026-07-10T14:10:00,7615.5,7619.0,7615.25,7616.0,7626
2026-07-10T14:15:00,7616.0,7616.75,7614.25,7615.0,4320
2026-07-10T14:20:00,7615.0,7617.0,7613.75,7616.25,3981
2026-07-10T14:25:00,7616.25,7620.0,7616.25,7617.25,6536
2026-07-10T14:30:00,7617.5,7619.0,7616.75,7618.5,3871
2026-07-10T14:35:00,7618.5,7618.75,7616.25,7617.25,3459
2026-07-10T14:40:00,7617.25,7619.5,7617.0,7618.5,3886
2026-07-10T14:45:00,7618.25,7619.5,7618.0,7618.75,3591
2026-07-10T14:50:00,7618.5,7619.75,7618.0,7619.5,3366
2026-07-10T14:55:00,7619.25,7620.25,7618.25,7618.5,3508
2026-07-10T15:00:00,7618.5,7624.25,7618.25,7623.25,9820
2026-07-10T15:05:00,7623.5,7625.5,7622.0,7622.75,7096
2026-07-10T15:10:00,7622.75,7625.0,7622.75,7624.75,5709
2026-07-10T15:15:00,7624.5,7625.25,7622.75,7623.5,6633
2026-07-10T15:20:00,7623.5,7624.0,7622.25,7622.75,6507
2026-07-10T15:25:00,7622.75,7624.25,7622.5,7622.75,5265
2026-07-10T15:30:00,7622.75,7624.75,7621.25,7622.5,8713
2026-07-10T15:35:00,7622.75,7624.5,7621.75,7623.25,5301
2026-07-10T15:40:00,7623.25,7625.25,7623.0,7623.5,6318
2026-07-10T15:45:00,7623.5,7624.75,7622.5,7623.75,7128
2026-07-10T15:50:00,7624.0,7627.25,7622.5,7623.0,15618
2026-07-10T15:55:00,7623.0,7624.0,7617.75,7621.0,55190
2026-07-13T09:30:00,7595.5,7609.75,7594.5,7605.0,33278
2026-07-13T09:35:00,7605.25,7608.75,7601.0,7603.0,20574
2026-07-13T09:40:00,7602.75,7603.0,7595.75,7601.0,22342
2026-07-13T09:45:00,7601.25,7602.25,7593.75,7599.5,20862
2026-07-13T09:50:00,7599.75,7600.5,7590.25,7597.25,17834
2026-07-13T09:55:00,7597.0,7608.75,7595.0,7607.5,16758
2026-07-13T10:00:00,7607.5,7610.5,7597.5,7598.75,23932
2026-07-13T10:05:00,7598.75,7600.5,7593.5,7599.25,13045
2026-07-13T10:10:00,7599.25,7604.25,7597.5,7603.5,11562
2026-07-13T10:15:00,7603.75,7604.75,7573.5,7590.0,45861
2026-07-13T10:20:00,7590.0,7600.0,7585.25,7598.5,23287
2026-07-13T10:25:00,7598.5,7602.75,7596.25,7602.0,16470
2026-07-13T10:30:00,7601.75,7603.75,7596.5,7597.5,14316
2026-07-13T10:35:00,7597.5,7598.0,7590.75,7592.75,13023
2026-07-13T10:40:00,7593.0,7593.25,7583.25,7585.75,16437
2026-07-13T10:45:00,7585.75,7595.5,7580.75,7594.75,18143
2026-07-13T10:50:00,7594.75,7595.75,7586.0,7588.0,12065
2026-07-13T10:55:00,7588.0,7599.0,7586.25,7598.5,10989
2026-07-13T11:00:00,7598.5,7601.75,7593.75,7594.25,13758
2026-07-13T11:05:00,7594.0,7597.0,7592.5,7593.5,8143
2026-07-13T11:10:00,7593.5,7596.75,7590.25,7592.0,8612
2026-07-13T11:15:00,7592.0,7594.25,7589.75,7593.25,6698
2026-07-13T11:20:00,7593.25,7597.0,7591.75,7595.5,7543
2026-07-13T11:25:00,7595.5,7596.0,7590.75,7594.75,6367
2026-07-13T11:30:00,7595.0,7596.5,7591.0,7592.25,7455
2026-07-13T11:35:00,7592.25,7593.75,7589.25,7592.0,7110
2026-07-13T11:40:00,7592.0,7592.5,7587.75,7588.0,6475
2026-07-13T11:45:00,7588.0,7589.0,7585.75,7588.0,7395
2026-07-13T11:50:00,7588.0,7588.75,7582.25,7586.5,8812
2026-07-13T11:55:00,7586.5,7586.75,7581.75,7583.25,7115
2026-07-13T12:00:00,7583.25,7585.75,7580.5,7582.5,7548
2026-07-13T12:05:00,7582.5,7586.0,7581.5,7585.75,6133
2026-07-13T12:10:00,7585.75,7589.0,7583.5,7585.5,7229
2026-07-13T12:15:00,7585.25,7585.5,7577.75,7579.75,8711
2026-07-13T12:20:00,7579.75,7580.25,7577.0,7577.5,6545
2026-07-13T12:25:00,7577.5,7578.0,7570.25,7574.0,13758
2026-07-13T12:30:00,7574.0,7574.0,7566.75,7567.25,17432
2026-07-13T12:35:00,7567.25,7573.5,7560.0,7571.25,21962
2026-07-13T12:40:00,7571.0,7576.25,7566.75,7575.0,12816
2026-07-13T12:45:00,7574.75,7578.0,7571.0,7571.25,10855
2026-07-13T12:50:00,7571.25,7572.0,7563.25,7565.75,12193
2026-07-13T12:55:00,7565.5,7572.75,7564.25,7570.25,9689
2026-07-13T13:00:00,7570.0,7574.25,7569.0,7569.75,8561
2026-07-13T13:05:00,7570.0,7576.5,7569.25,7575.75,7640
2026-07-13T13:10:00,7575.75,7578.0,7570.75,7572.0,6662
2026-07-13T13:15:00,7572.0,7574.5,7568.0,7573.25,6549
2026-07-13T13:20:00,7573.0,7575.25,7568.25,7568.5,5267
2026-07-13T13:25:00,7568.75,7571.25,7566.75,7569.75,6333
2026-07-13T13:30:00,7569.75,7572.5,7568.0,7570.75,5732
2026-07-13T13:35:00,7571.0,7571.0,7566.0,7568.25,5181
2026-07-13T13:40:00,7568.25,7572.75,7566.25,7571.5,6299
2026-07-13T13:45:00,7571.5,7574.25,7567.5,7568.0,5879
2026-07-13T13:50:00,7568.0,7568.75,7563.5,7566.0,7456
2026-07-13T13:55:00,7566.25,7567.0,7563.25,7563.5,7433
2026-07-13T14:00:00,7563.75,7570.25,7563.0,7568.0,9626
2026-07-13T14:05:00,7567.75,7574.0,7567.25,7568.0,6713
2026-07-13T14:10:00,7567.75,7569.75,7562.75,7569.25,6941
2026-07-13T14:15:00,7569.0,7569.5,7561.75,7563.25,6568
2026-07-13T14:20:00,7563.5,7566.75,7561.5,7566.25,7926
2026-07-13T14:25:00,7566.25,7567.0,7563.0,7563.5,6743
2026-07-13T14:30:00,7563.75,7566.75,7561.0,7563.75,8360
2026-07-13T14:35:00,7563.75,7569.0,7563.25,7568.25,8405
2026-07-13T14:40:00,7568.0,7572.0,7567.25,7570.25,7439
2026-07-13T14:45:00,7570.25,7570.75,7566.75,7569.0,7935
2026-07-13T14:50:00,7569.0,7572.25,7566.75,7569.25,6252
2026-07-13T14:55:00,7569.5,7570.5,7566.0,7567.25,7100
2026-07-13T15:00:00,7567.25,7570.5,7563.0,7570.0,8163
2026-07-13T15:05:00,7570.0,7571.25,7566.5,7566.5,5351
2026-07-13T15:10:00,7566.5,7566.75,7562.25,7564.25,9817
2026-07-13T15:15:00,7564.25,7565.75,7562.5,7564.0,7119
2026-07-13T15:20:00,7563.75,7564.25,7558.25,7560.5,13027
2026-07-13T15:25:00,7560.5,7560.75,7551.75,7555.0,15352
2026-07-13T15:30:00,7555.0,7558.25,7554.25,7558.0,13517
2026-07-13T15:35:00,7558.0,7558.0,7551.0,7554.0,10400
2026-07-13T15:40:00,7554.0,7561.5,7553.25,7561.0,10769
2026-07-13T15:45:00,7561.25,7562.25,7557.5,7560.75,9480
2026-07-13T15:50:00,7560.75,7566.5,7559.75,7562.5,23508
2026-07-13T15:55:00,7562.5,7568.25,7561.0,7563.0,68410
2026-07-14T09:30:00,7579.5,7581.25,7565.25,7566.5,33955
2026-07-14T09:35:00,7566.25,7584.0,7564.25,7581.75,24682
2026-07-14T09:40:00,7582.0,7585.5,7575.75,7583.25,19885
2026-07-14T09:45:00,7583.0,7588.25,7576.25,7579.75,17688
2026-07-14T09:50:00,7579.75,7586.5,7576.0,7581.0,13802
2026-07-14T09:55:00,7581.25,7586.0,7577.25,7583.5,10361
2026-07-14T10:00:00,7583.5,7585.25,7572.0,7574.5,14777
2026-07-14T10:05:00,7574.5,7577.25,7568.75,7572.75,12169
2026-07-14T10:10:00,7572.5,7575.25,7567.75,7574.5,12193
2026-07-14T10:15:00,7574.5,7574.5,7556.5,7569.0,24072
2026-07-14T10:20:00,7568.75,7579.5,7568.0,7571.75,16285
2026-07-14T10:25:00,7572.0,7583.5,7570.0,7577.25,14155
2026-07-14T10:30:00,7577.25,7603.75,7575.0,7591.0,27049
2026-07-14T10:35:00,7591.0,7592.0,7585.75,7589.75,15142
2026-07-14T10:40:00,7589.75,7593.75,7580.0,7581.75,12382
2026-07-14T10:45:00,7581.5,7585.0,7578.25,7579.25,11414
2026-07-14T10:50:00,7579.25,7586.75,7575.25,7586.75,10014
2026-07-14T10:55:00,7586.75,7590.5,7585.75,7587.5,8225
2026-07-14T11:00:00,7587.5,7600.75,7583.25,7594.0,20852
2026-07-14T11:05:00,7594.0,7601.5,7591.75,7598.75,16913
2026-07-14T11:10:00,7598.75,7601.0,7594.25,7596.0,10279
2026-07-14T11:15:00,7596.0,7597.5,7587.5,7590.0,10599
2026-07-14T11:20:00,7589.75,7595.75,7587.0,7595.75,9454
2026-07-14T11:25:00,7595.75,7598.0,7593.5,7597.25,7213
2026-07-14T11:30:00,7597.0,7600.5,7589.0,7590.0,12925
2026-07-14T11:35:00,7590.0,7591.0,7585.5,7589.0,11366
2026-07-14T11:40:00,7589.0,7589.0,7577.75,7586.25,14025
2026-07-14T11:45:00,7586.0,7590.0,7585.5,7586.25,7226
2026-07-14T11:50:00,7586.5,7587.25,7579.25,7580.25,8629
2026-07-14T11:55:00,7580.25,7582.0,7576.25,7579.75,7547
2026-07-14T12:00:00,7580.0,7580.75,7570.0,7573.5,11079
2026-07-14T12:05:00,7573.5,7577.0,7570.0,7574.5,9860
2026-07-14T12:10:00,7574.75,7576.5,7570.0,7575.25,6872
2026-07-14T12:15:00,7575.5,7576.75,7570.0,7574.25,6874
2026-07-14T12:20:00,7574.25,7575.75,7570.0,7573.5,5858
2026-07-14T12:25:00,7573.5,7579.25,7572.5,7578.25,7670
2026-07-14T12:30:00,7578.0,7581.0,7576.5,7581.0,6408
2026-07-14T12:35:00,7581.0,7583.75,7579.75,7582.75,5811
2026-07-14T12:40:00,7582.75,7588.25,7581.25,7585.0,6781
2026-07-14T12:45:00,7585.25,7588.0,7580.0,7584.5,6349
2026-07-14T12:50:00,7584.5,7587.25,7583.25,7585.25,4322
2026-07-14T12:55:00,7585.5,7589.25,7584.25,7589.25,4589
2026-07-14T13:00:00,7589.25,7591.0,7586.75,7587.25,6725
2026-07-14T13:05:00,7587.5,7592.25,7586.0,7591.75,4454
2026-07-14T13:10:00,7591.5,7592.75,7588.75,7588.75,4822
2026-07-14T13:15:00,7588.75,7592.25,7585.25,7591.25,7578
2026-07-14T13:20:00,7591.25,7596.75,7591.0,7595.0,6747
2026-07-14T13:25:00,7595.0,7596.25,7592.75,7593.75,5214
2026-07-14T13:30:00,7594.0,7595.75,7590.5,7590.75,5813
2026-07-14T13:35:00,7590.75,7591.75,7588.75,7591.5,4712
2026-07-14T13:40:00,7591.75,7592.0,7589.25,7590.75,3901
2026-07-14T13:45:00,7590.75,7592.75,7587.75,7591.25,4047
2026-07-14T13:50:00,7591.0,7593.5,7591.0,7592.75,3449
2026-07-14T13:55:00,7592.5,7593.75,7591.75,7593.25,3641
2026-07-14T14:00:00,7593.5,7595.25,7589.75,7595.0,5746
2026-07-14T14:05:00,7594.75,7595.5,7593.0,7594.75,5073
2026-07-14T14:10:00,7594.75,7596.75,7593.75,7596.25,3784
2026-07-14T14:15:00,7596.5,7598.25,7595.0,7596.75,5087
2026-07-14T14:20:00,7596.75,7598.0,7594.5,7595.0,3498
2026-07-14T14:25:00,7595.0,7596.75,7593.5,7595.5,4067
2026-07-14T14:30:00,7595.25,7596.0,7593.5,7594.75,4526
2026-07-14T14:35:00,7594.75,7596.25,7590.5,7593.5,8070
2026-07-14T14:40:00,7593.5,7593.75,7587.0,7590.25,12036
2026-07-14T14:45:00,7590.5,7592.0,7589.0,7589.75,4213
2026-07-14T14:50:00,7590.0,7593.5,7588.75,7592.25,4536
2026-07-14T14:55:00,7592.5,7592.75,7591.0,7592.0,3191
2026-07-14T15:00:00,7592.25,7592.75,7588.75,7589.5,4668
2026-07-14T15:05:00,7589.75,7591.0,7588.25,7588.75,3870
2026-07-14T15:10:00,7589.0,7591.25,7587.5,7590.25,4122
2026-07-14T15:15:00,7590.25,7592.5,7588.25,7591.0,6524
2026-07-14T15:20:00,7591.0,7594.75,7590.25,7594.25,4139
2026-07-14T15:25:00,7594.25,7594.5,7591.0,7591.5,4611
2026-07-14T15:30:00,7591.5,7591.75,7587.0,7590.25,11420
2026-07-14T15:35:00,7590.0,7593.0,7589.0,7589.75,5282
2026-07-14T15:40:00,7589.75,7594.75,7589.25,7593.25,6325
2026-07-14T15:45:00,7593.0,7595.25,7592.75,7595.0,6237
2026-07-14T15:50:00,7595.0,7596.0,7591.5,7591.5,14045
2026-07-14T15:55:00,7591.5,7596.0,7589.25,7590.0,53762
2026-07-15T09:30:00,7612.5,7622.75,7611.75,7621.75,34207
2026-07-15T09:35:00,7622.0,7626.25,7615.25,7618.5,26046
2026-07-15T09:40:00,7618.75,7618.75,7612.75,7613.5,16611
2026-07-15T09:45:00,7613.5,7614.75,7603.25,7605.5,25216
2026-07-15T09:50:00,7605.5,7610.75,7601.25,7610.75,22664
2026-07-15T09:55:00,7610.5,7616.75,7608.5,7614.5,24593
2026-07-15T10:00:00,7614.5,7621.75,7614.5,7618.0,21334
2026-07-15T10:05:00,7618.0,7623.5,7616.5,7620.5,16263
2026-07-15T10:10:00,7620.75,7622.25,7616.5,7617.75,13549
2026-07-15T10:15:00,7617.75,7626.0,7617.0,7623.5,15105
2026-07-15T10:20:00,7623.5,7624.0,7603.25,7608.0,25063
2026-07-15T10:25:00,7607.75,7617.5,7603.75,7616.5,25524
2026-07-15T10:30:00,7616.25,7618.75,7609.25,7616.25,16438
2026-07-15T10:35:00,7616.25,7618.0,7605.0,7606.75,15134
2026-07-15T10:40:00,7606.75,7609.75,7597.75,7605.0,21445
2026-07-15T10:45:00,7605.0,7608.25,7599.0,7607.75,15301
2026-07-15T10:50:00,7607.75,7608.25,7597.25,7600.5,13478
2026-07-15T10:55:00,7600.75,7605.75,7598.25,7604.75,11647
2026-07-15T11:00:00,7605.0,7606.75,7600.0,7602.0,8899
2026-07-15T11:05:00,7602.0,7611.25,7599.5,7610.0,9047
2026-07-15T11:10:00,7610.0,7611.5,7600.5,7601.0,8851
2026-07-15T11:15:00,7601.25,7603.5,7592.0,7602.5,17169
2026-07-15T11:20:00,7602.5,7602.75,7594.25,7598.75,11995
2026-07-15T11:25:00,7599.0,7606.25,7597.5,7605.75,16705
2026-07-15T11:30:00,7605.75,7608.5,7601.5,7605.5,13102
2026-07-15T11:35:00,7605.5,7607.75,7601.0,7606.5,9743
2026-07-15T11:40:00,7606.75,7607.5,7600.0,7601.5,7713
2026-07-15T11:45:00,7601.5,7602.5,7597.5,7598.0,9586
2026-07-15T11:50:00,7598.0,7598.25,7592.75,7597.0,9977
2026-07-15T11:55:00,7597.0,7597.75,7592.5,7596.25,7359
2026-07-15T12:00:00,7596.25,7598.0,7587.25,7590.5,14454
2026-07-15T12:05:00,7590.5,7590.75,7583.25,7588.75,15983
2026-07-15T12:10:00,7588.75,7590.5,7581.0,7581.5,10199
2026-07-15T12:15:00,7581.5,7583.25,7578.25,7579.75,16009
2026-07-15T12:20:00,7580.0,7581.25,7573.75,7574.75,14267
2026-07-15T12:25:00,7574.5,7578.75,7574.0,7577.75,11605
2026-07-15T12:30:00,7577.75,7581.5,7574.25,7575.25,10682
2026-07-15T12:35:00,7575.5,7576.0,7572.5,7574.0,9383
2026-07-15T12:40:00,7574.0,7579.0,7571.75,7578.75,9746
2026-07-15T12:45:00,7578.75,7593.25,7577.0,7583.25,20956
2026-07-15T12:50:00,7583.25,7588.5,7582.75,7584.25,11624
2026-07-15T12:55:00,7584.25,7586.75,7579.5,7586.75,8051
2026-07-15T13:00:00,7587.0,7590.75,7586.0,7589.0,9900
2026-07-15T13:05:00,7589.0,7594.25,7588.25,7591.25,8656
2026-07-15T13:10:00,7591.25,7592.5,7587.75,7588.0,7123
2026-07-15T13:15:00,7588.0,7594.75,7587.5,7594.0,6050
2026-07-15T13:20:00,7594.25,7596.0,7592.25,7594.25,7037
2026-07-15T13:25:00,7594.5,7598.75,7593.5,7598.25,7265
2026-07-15T13:30:00,7598.5,7602.5,7598.5,7601.0,12929
2026-07-15T13:35:00,7601.25,7605.0,7600.0,7604.0,9675
2026-07-15T13:40:00,7604.25,7604.75,7602.25,7603.25,7984
2026-07-15T13:45:00,7603.5,7611.0,7602.75,7610.75,13845
2026-07-15T13:50:00,7610.75,7616.25,7608.75,7615.0,14050
2026-07-15T13:55:00,7615.25,7615.25,7611.25,7612.5,10804
2026-07-15T14:00:00,7612.5,7616.0,7611.75,7614.0,10437
2026-07-15T14:05:00,7614.0,7617.25,7613.25,7616.25,7345
2026-07-15T14:10:00,7616.25,7618.25,7615.75,7616.0,7541
2026-07-15T14:15:00,7616.25,7616.25,7612.75,7614.0,8865
2026-07-15T14:20:00,7613.75,7619.0,7613.75,7617.75,7052
2026-07-15T14:25:00,7617.75,7618.5,7616.0,7616.75,5029
2026-07-15T14:30:00,7616.75,7619.75,7615.75,7618.75,6156
2026-07-15T14:35:00,7618.75,7618.75,7614.75,7615.5,5560
2026-07-15T14:40:00,7615.25,7616.25,7610.25,7610.5,7375
2026-07-15T14:45:00,7610.75,7611.0,7604.5,7606.5,14352
2026-07-15T14:50:00,7606.5,7607.5,7601.75,7603.75,11262
2026-07-15T14:55:00,7603.75,7605.75,7601.0,7602.0,9633
2026-07-15T15:00:00,7602.0,7607.5,7600.5,7606.75,9640
2026-07-15T15:05:00,7606.75,7608.5,7605.0,7605.75,7113
2026-07-15T15:10:00,7605.5,7609.0,7604.75,7608.0,8649
2026-07-15T15:15:00,7608.0,7608.5,7605.25,7605.25,5682
2026-07-15T15:20:00,7605.25,7605.75,7601.75,7603.5,7653
2026-07-15T15:25:00,7603.5,7608.0,7601.75,7606.5,7119
2026-07-15T15:30:00,7606.5,7609.5,7601.25,7602.5,15604
2026-07-15T15:35:00,7602.75,7609.0,7601.25,7608.5,8988
2026-07-15T15:40:00,7608.5,7612.75,7608.0,7611.25,10552
2026-07-15T15:45:00,7611.25,7612.0,7605.25,7606.75,9766
2026-07-15T15:50:00,7607.0,7611.75,7606.75,7611.5,14864
2026-07-15T15:55:00,7611.5,7618.0,7611.5,7616.75,64166
2026-07-16T09:30:00,7596.75,7604.25,7589.75,7590.75,30124
2026-07-16T09:35:00,7591.0,7594.25,7585.0,7585.75,23437
2026-07-16T09:40:00,7586.0,7592.0,7579.75,7582.0,26304
2026-07-16T09:45:00,7581.75,7586.25,7575.5,7579.0,24090
2026-07-16T09:50:00,7579.25,7591.5,7578.5,7583.75,24853
2026-07-16T09:55:00,7583.75,7590.0,7580.25,7588.0,17225
2026-07-16T10:00:00,7587.75,7597.25,7585.25,7596.25,20539
2026-07-16T10:05:00,7596.25,7604.75,7595.0,7603.25,19337
2026-07-16T10:10:00,7603.0,7605.5,7601.0,7602.75,18270
2026-07-16T10:15:00,7602.75,7608.5,7601.25,7607.75,14908
2026-07-16T10:20:00,7608.0,7608.75,7600.0,7605.5,14220
2026-07-16T10:25:00,7605.75,7613.0,7602.0,7612.5,15959
2026-07-16T10:30:00,7612.5,7613.5,7608.75,7610.75,14240
2026-07-16T10:35:00,7610.75,7613.75,7607.25,7608.5,13418
2026-07-16T10:40:00,7608.25,7613.5,7606.5,7612.75,9398
2026-07-16T10:45:00,7613.0,7615.0,7610.5,7611.0,12842
2026-07-16T10:50:00,7611.0,7611.75,7604.5,7606.0,15042
2026-07-16T10:55:00,7606.0,7611.25,7602.75,7611.25,14339
2026-07-16T11:00:00,7611.0,7613.25,7605.25,7605.75,13746
2026-07-16T11:05:00,7605.75,7607.25,7600.25,7604.5,14286
2026-07-16T11:10:00,7604.5,7606.75,7599.75,7602.25,12151
2026-07-16T11:15:00,7602.5,7605.5,7598.75,7605.25,10797
2026-07-16T11:20:00,7605.25,7605.5,7599.25,7605.25,10216
2026-07-16T11:25:00,7605.25,7613.5,7604.75,7607.25,17966
2026-07-16T11:30:00,7607.25,7611.5,7601.75,7611.25,11470
2026-07-16T11:35:00,7611.0,7612.75,7607.5,7612.25,10412
2026-07-16T11:40:00,7612.0,7613.25,7604.0,7605.75,10782
2026-07-16T11:45:00,7605.5,7605.5,7599.25,7604.0,11774
2026-07-16T11:50:00,7604.0,7610.25,7604.0,7607.0,9270
2026-07-16T11:55:00,7607.0,7607.0,7602.0,7604.75,6975
2026-07-16T12:00:00,7605.0,7605.5,7596.25,7596.5,9057
2026-07-16T12:05:00,7596.75,7599.25,7592.0,7597.75,14252
2026-07-16T12:10:00,7597.75,7598.0,7588.5,7589.25,12945
2026-07-16T12:15:00,7589.0,7594.25,7587.5,7590.75,11662
2026-07-16T12:20:00,7591.0,7591.0,7584.0,7585.0,17621
2026-07-16T12:25:00,7585.0,7590.25,7583.0,7588.25,10651
2026-07-16T12:30:00,7588.5,7594.25,7587.75,7590.75,10608
2026-07-16T12:35:00,7590.75,7592.5,7587.5,7588.0,10888
2026-07-16T12:40:00,7588.0,7591.25,7586.75,7588.75,5885
2026-07-16T12:45:00,7588.75,7591.25,7586.0,7589.5,5946
2026-07-16T12:50:00,7589.25,7595.75,7588.0,7595.25,7545
2026-07-16T12:55:00,7595.25,7599.25,7595.25,7598.25,9109
2026-07-16T13:00:00,7598.25,7598.75,7591.5,7595.25,7490
2026-07-16T13:05:00,7595.25,7597.75,7591.25,7596.0,4326
2026-07-16T13:10:00,7596.25,7597.0,7590.5,7591.25,4365
2026-07-16T13:15:00,7591.25,7594.25,7590.25,7593.25,4777
2026-07-16T13:20:00,7593.0,7594.25,7589.5,7589.5,4688
2026-07-16T13:25:00,7589.5,7597.25,7589.25,7596.0,6501
2026-07-16T13:30:00,7596.25,7597.25,7589.25,7589.75,6828
2026-07-16T13:35:00,7590.0,7591.0,7584.0,7585.0,10524
2026-07-16T13:40:00,7585.25,7585.25,7579.5,7583.0,12673
2026-07-16T13:45:00,7583.25,7588.0,7579.75,7586.0,9034
2026-07-16T13:50:00,7586.0,7587.75,7582.75,7584.75,5256
2026-07-16T13:55:00,7584.75,7585.0,7579.75,7582.25,6930
2026-07-16T14:00:00,7582.25,7584.0,7578.0,7578.0,7079
2026-07-16T14:05:00,7578.25,7578.75,7573.25,7576.5,12187
2026-07-16T14:10:00,7576.75,7583.75,7576.25,7576.25,12136
2026-07-16T14:15:00,7576.25,7583.0,7573.75,7581.5,10013
2026-07-16T14:20:00,7581.25,7586.5,7580.75,7583.0,11300
2026-07-16T14:25:00,7582.75,7584.5,7578.0,7578.5,8994
2026-07-16T14:30:00,7578.5,7578.5,7574.75,7576.25,8083
2026-07-16T14:35:00,7576.25,7576.25,7572.75,7573.0,7112
2026-07-16T14:40:00,7573.0,7576.75,7568.0,7574.5,12847
2026-07-16T14:45:00,7574.25,7578.5,7572.5,7577.0,6129
2026-07-16T14:50:00,7576.75,7578.75,7571.5,7571.5,6304
2026-07-16T14:55:00,7571.5,7573.75,7570.5,7571.5,5859
2026-07-16T15:00:00,7571.25,7576.25,7570.0,7574.5,7794
2026-07-16T15:05:00,7574.25,7576.0,7566.5,7567.0,10092
2026-07-16T15:10:00,7566.75,7567.75,7564.75,7566.5,8300
2026-07-16T15:15:00,7566.5,7568.0,7563.0,7567.0,10740
2026-07-16T15:20:00,7567.0,7569.5,7564.25,7564.5,8866
2026-07-16T15:25:00,7564.5,7566.0,7558.0,7560.25,10541
2026-07-16T15:30:00,7560.25,7561.0,7553.5,7556.0,16174
2026-07-16T15:35:00,7556.0,7561.0,7553.0,7559.75,12740
2026-07-16T15:40:00,7559.5,7561.25,7554.25,7554.5,10747
2026-07-16T15:45:00,7554.5,7555.75,7548.25,7551.75,14293
2026-07-16T15:50:00,7551.75,7569.5,7551.75,7568.5,31427
2026-07-16T15:55:00,7568.75,7579.5,7568.75,7577.25,70202
2026-07-17T09:30:00,7485.25,7491.25,7475.0,7475.25,49332
2026-07-17T09:35:00,7475.25,7482.0,7473.0,7480.5,36636
2026-07-17T09:40:00,7480.75,7492.25,7473.5,7475.75,34030
2026-07-17T09:45:00,7475.75,7497.0,7475.0,7495.75,31425
2026-07-17T09:50:00,7495.75,7507.75,7495.5,7504.0,24462
2026-07-17T09:55:00,7504.25,7514.0,7501.5,7513.75,22829
2026-07-17T10:00:00,7513.75,7523.75,7512.5,7519.0,38547
2026-07-17T10:05:00,7518.75,7530.5,7518.75,7529.0,28447
2026-07-17T10:10:00,7529.0,7533.75,7525.0,7528.75,28381
2026-07-17T10:15:00,7528.5,7539.0,7527.5,7531.5,25322
2026-07-17T10:20:00,7531.5,7536.5,7527.75,7534.5,21057
2026-07-17T10:25:00,7534.25,7538.0,7527.5,7529.25,19793
2026-07-17T10:30:00,7529.5,7532.5,7521.75,7525.75,22622
2026-07-17T10:35:00,7526.0,7534.0,7523.0,7532.75,18839
2026-07-17T10:40:00,7532.75,7533.75,7523.25,7524.5,16366
2026-07-17T10:45:00,7524.75,7531.5,7518.5,7522.25,18766
2026-07-17T10:50:00,7522.5,7524.25,7517.25,7520.0,15303
2026-07-17T10:55:00,7519.75,7527.5,7514.25,7516.25,15875
2026-07-17T11:00:00,7516.25,7518.0,7506.75,7507.75,17430
2026-07-17T11:05:00,7507.75,7515.75,7506.75,7514.25,15281
2026-07-17T11:10:00,7514.25,7517.75,7506.5,7509.0,14093
2026-07-17T11:15:00,7509.0,7514.25,7505.25,7511.0,16207
2026-07-17T11:20:00,7511.0,7514.75,7504.75,7508.75,17530
2026-07-17T11:25:00,7508.75,7521.5,7508.25,7520.25,18572
2026-07-17T11:30:00,7520.25,7525.0,7514.25,7515.5,23692
2026-07-17T11:35:00,7515.75,7523.5,7510.0,7522.0,15778
2026-07-17T11:40:00,7522.0,7524.5,7515.25,7520.75,11350
2026-07-17T11:45:00,7520.5,7521.75,7514.5,7521.25,13034
2026-07-17T11:50:00,7521.0,7526.25,7517.25,7526.0,11355
2026-07-17T11:55:00,7526.5,7536.5,7525.5,7534.25,16201
2026-07-17T12:00:00,7534.25,7536.75,7517.0,7521.0,27213
2026-07-17T12:05:00,7521.0,7525.0,7513.5,7525.0,16578
2026-07-17T12:10:00,7524.75,7529.0,7522.5,7528.25,11044
2026-07-17T12:15:00,7528.5,7531.0,7525.25,7529.0,10019
2026-07-17T12:20:00,7528.75,7530.75,7517.5,7517.75,12505
2026-07-17T12:25:00,7517.75,7529.5,7516.5,7524.75,11482
2026-07-17T12:30:00,7524.75,7527.25,7520.75,7521.0,8796
2026-07-17T12:35:00,7521.25,7526.25,7520.75,7524.5,6646
2026-07-17T12:40:00,7524.5,7530.0,7521.25,7529.75,8956
2026-07-17T12:45:00,7529.75,7536.0,7528.0,7534.25,12207
2026-07-17T12:50:00,7534.5,7538.5,7531.25,7534.25,13049
2026-07-17T12:55:00,7534.25,7535.25,7527.0,7529.25,7592
2026-07-17T13:00:00,7529.0,7538.0,7527.75,7532.5,11419
2026-07-17T13:05:00,7532.25,7535.5,7530.25,7535.5,5392
2026-07-17T13:10:00,7535.25,7537.0,7529.75,7530.0,7077
2026-07-17T13:15:00,7530.0,7535.75,7528.0,7528.75,7648
2026-07-17T13:20:00,7528.5,7530.0,7525.25,7528.75,7650
2026-07-17T13:25:00,7528.75,7536.0,7528.5,7534.5,6931
2026-07-17T13:30:00,7534.5,7535.5,7530.75,7531.5,6454
2026-07-17T13:35:00,7531.5,7532.5,7524.5,7525.5,7644
2026-07-17T13:40:00,7525.25,7526.0,7520.25,7521.5,7845
2026-07-17T13:45:00,7521.25,7524.25,7519.25,7521.0,7510
2026-07-17T13:50:00,7521.0,7521.75,7513.0,7514.0,8764
2026-07-17T13:55:00,7514.0,7515.25,7508.75,7510.75,8565
2026-07-17T14:00:00,7511.0,7516.75,7509.0,7511.5,10935
2026-07-17T14:05:00,7511.5,7511.5,7506.75,7508.5,8240
2026-07-17T14:10:00,7508.5,7510.0,7506.0,7506.5,7393
2026-07-17T14:15:00,7506.25,7507.25,7500.75,7503.5,13538
2026-07-17T14:20:00,7503.5,7507.0,7500.75,7502.5,8633
2026-07-17T14:25:00,7502.25,7502.75,7497.75,7502.25,10182
2026-07-17T14:30:00,7502.25,7508.5,7498.75,7501.75,12768
2026-07-17T14:35:00,7501.5,7504.5,7500.25,7502.5,5582
2026-07-17T14:40:00,7502.75,7503.5,7495.75,7497.5,8998
2026-07-17T14:45:00,7497.5,7507.25,7495.75,7504.0,9805
2026-07-17T14:50:00,7504.0,7511.0,7501.5,7510.75,8767
2026-07-17T14:55:00,7510.75,7511.75,7506.5,7508.5,8256
2026-07-17T15:00:00,7508.75,7510.0,7502.5,7503.75,10525
2026-07-17T15:05:00,7504.0,7505.25,7499.0,7499.25,8111
2026-07-17T15:10:00,7499.5,7500.0,7492.25,7492.5,11752
2026-07-17T15:15:00,7492.25,7495.0,7490.75,7494.25,14531
2026-07-17T15:20:00,7494.25,7494.25,7488.5,7488.5,9273
2026-07-17T15:25:00,7488.5,7498.0,7486.25,7496.75,13326
2026-07-17T15:30:00,7497.0,7501.5,7492.75,7495.25,18365
2026-07-17T15:35:00,7495.25,7500.5,7492.25,7493.5,10364
2026-07-17T15:40:00,7493.5,7501.5,7491.0,7499.75,11565
2026-07-17T15:45:00,7500.0,7505.5,7498.75,7505.25,16321
2026-07-17T15:50:00,7505.25,7508.25,7499.75,7504.75,25225
2026-07-17T15:55:00,7504.5,7509.25,7494.25,7496.75,77969
