timestamp,open,high,low,close,volume
2024-01-29T10:00:00,17558.5,17570.5,17526.0,17530.0,94027
2024-01-29T11:00:00,17530.25,17582.25,17519.75,17581.0,55333
2024-01-29T12:00:00,17580.75,17609.5,17576.25,17597.25,53143
2024-01-29T13:00:00,17597.75,17603.75,17578.25,17587.75,33609
2024-01-29T14:00:00,17588.0,17634.0,17583.0,17626.0,44233
2024-01-29T15:00:00,17626.25,17714.5,17626.25,17707.5,101893
2024-01-30T10:00:00,17670.25,17672.25,17616.5,17639.25,98912
2024-01-30T11:00:00,17639.5,17654.75,17625.25,17640.0,48322
2024-01-30T12:00:00,17640.0,17647.5,17563.0,17573.5,57936
2024-01-30T13:00:00,17573.5,17602.0,17554.5,17570.75,43504
2024-01-30T14:00:00,17571.0,17601.5,17548.25,17590.0,41706
2024-01-30T15:00:00,17590.25,17608.5,17576.25,17584.25,57147
2024-01-31T10:00:00,17370.0,17383.5,17283.5,17301.25,96908
2024-01-31T11:00:00,17301.25,17350.75,17300.25,17339.75,66001
2024-01-31T12:00:00,17340.0,17371.75,17333.25,17370.5,48355
2024-01-31T13:00:00,17371.0,17403.5,17365.0,17382.75,37508
2024-01-31T14:00:00,17384.75,17484.0,17309.0,17378.75,144640
2024-01-31T15:00:00,17378.75,17385.25,17230.5,17238.25,154010
2024-02-01T10:00:00,17299.25,17371.75,17270.0,17273.25,108711
2024-02-01T11:00:00,17273.25,17335.0,17264.0,17324.75,72246
2024-02-01T12:00:00,17325.0,17414.0,17322.5,17383.25,77959
2024-02-01T13:00:00,17383.75,17401.5,17330.25,17373.5,65595
2024-02-01T14:00:00,17373.5,17437.0,17373.0,17433.25,53783
2024-02-01T15:00:00,17433.25,17453.25,17404.25,17440.0,60613
2024-02-02T10:00:00,17590.25,17666.75,17548.5,17639.5,121545
2024-02-02T11:00:00,17640.0,17717.75,17606.25,17702.0,74297
2024-02-02T12:00:00,17702.75,17756.5,17664.5,17709.75,80583
2024-02-02T13:00:00,17710.0,17739.5,17680.75,17728.25,65278
2024-02-02T14:00:00,17729.0,17775.5,17727.5,17762.75,56204
2024-02-02T15:00:00,17762.75,17774.25,17728.0,17729.5,69691
2024-02-05T10:00:00,17704.5,17706.0,17554.25,17593.0,119570
2024-02-05T11:00:00,17593.0,17663.25,17584.5,17659.75,64444
2024-02-05T12:00:00,17659.75,17720.0,17654.25,17695.0,56079
2024-02-05T13:00:00,17695.5,17722.5,17677.75,17697.0,47859
2024-02-05T14:00:00,17697.5,17745.5,17682.5,17735.25,46662
2024-02-05T15:00:00,17735.75,17737.0,17673.5,17697.75,76371
2024-02-06T10:00:00,17654.75,17658.5,17598.25,17637.75,112871
2024-02-06T11:00:00,17638.0,17663.25,17578.0,17586.5,72553
2024-02-06T12:00:00,17587.25,17616.0,17560.75,17591.5,64629
2024-02-06T13:00:00,17591.75,17633.0,17588.25,17630.75,41700
2024-02-06T14:00:00,17631.0,17640.75,17562.75,17635.5,54724
2024-02-06T15:00:00,17635.75,17663.75,17599.25,17661.75,63328
2024-02-07T10:00:00,17745.75,17875.5,17725.25,17833.5,122324
2024-02-07T11:00:00,17833.5,17854.0,17802.25,17844.5,72493
2024-02-07T12:00:00,17844.25,17853.75,17779.25,17819.0,55817
2024-02-07T13:00:00,17819.0,17859.0,17788.0,17852.25,58708
2024-02-07T14:00:00,17852.0,17861.5,17831.5,17854.0,36611
2024-02-07T15:00:00,17854.25,17866.25,17830.5,17841.25,53565
2024-02-08T10:00:00,17851.25,17892.5,17824.0,17889.25,89202
2024-02-08T11:00:00,17889.25,17894.25,17858.75,17886.5,55021
2024-02-08T12:00:00,17886.25,17896.5,17849.25,17856.5,43185
2024-02-08T13:00:00,17856.75,17892.5,17851.75,17868.25,40385
2024-02-08T14:00:00,17868.75,17875.5,17827.25,17863.0,39543
2024-02-08T15:00:00,17863.25,17879.5,17848.0,17865.25,46358
2024-02-09T10:00:00,17940.25,17997.25,17922.75,17982.25,81248
2024-02-09T11:00:00,17994.0,18007.5,17967.0,17992.75,55814
2024-02-09T12:00:00,17992.75,18027.0,17977.75,18024.0,36858
2024-02-09T13:00:00,18024.0,18044.75,18020.0,18039.0,35722
2024-02-09T14:00:00,18038.75,18071.0,18029.25,18055.25,34558
2024-02-09T15:00:00,18055.5,18057.0,18030.75,18039.25,60470
2024-02-12T10:00:00,18040.5,18084.25,18014.25,18079.25,67391
2024-02-12T11:00:00,18079.5,18121.5,18063.25,18100.25,66158
2024-02-12T12:00:00,18100.25,18108.5,18066.75,18103.75,50280
2024-02-12T13:00:00,18103.75,18109.25,17991.75,18020.5,75188
2024-02-12T14:00:00,18020.75,18025.25,17936.25,17951.25,77976
2024-02-12T15:00:00,17951.0,17985.75,17948.25,17963.0,61726
2024-02-13T10:00:00,17674.5,17791.75,17631.0,17733.5,131094
2024-02-13T11:00:00,17737.25,17776.75,17715.5,17721.5,81459
2024-02-13T12:00:00,17721.5,17728.0,17663.75,17674.0,66391
2024-02-13T13:00:00,17674.0,17698.0,17647.5,17657.0,55660
2024-02-13T14:00:00,17657.25,17657.5,17569.75,17578.75,91772
2024-02-13T15:00:00,17578.75,17681.25,17542.0,17680.0,111857
2024-02-14T10:00:00,17789.25,17847.0,17743.5,17744.5,113149
2024-02-14T11:00:00,17744.25,17768.25,17704.0,17728.0,89481
2024-02-14T12:00:00,17728.5,17787.5,17690.25,17777.25,61366
2024-02-14T13:00:00,17777.5,17814.25,17738.25,17784.75,57631
2024-02-14T14:00:00,17785.5,17797.75,17730.5,17796.5,59758
2024-02-14T15:00:00,17796.75,17887.0,17784.0,17869.25,83322
2024-02-15T10:00:00,17817.0,17863.25,17797.0,17847.0,108547
2024-02-15T11:00:00,17847.5,17853.5,17780.5,17835.5,79139
2024-02-15T12:00:00,17835.75,17883.0,17819.5,17853.5,50933
2024-02-15T13:00:00,17853.5,17933.0,17850.75,17911.25,66423
2024-02-15T14:00:00,17911.25,17928.5,17881.0,17907.0,63444
2024-02-15T15:00:00,17907.0,17916.75,17873.0,17913.75,74069
2024-02-16T10:00:00,17772.0,17819.5,17717.75,17807.25,128298
2024-02-16T11:00:00,17807.25,17892.25,17803.75,17876.75,82997
2024-02-16T12:00:00,17877.0,17887.0,17845.25,17857.25,55168
2024-02-16T13:00:00,17857.5,17876.75,17802.25,17875.0,62259
2024-02-16T14:00:00,17875.75,17903.5,17769.0,17790.75,71324
2024-02-16T15:00:00,17791.0,17797.5,17722.25,17747.0,90781
2024-02-20T10:00:00,17562.5,17577.25,17482.0,17574.25,129162
2024-02-20T11:00:00,17574.25,17598.25,17504.25,17506.0,79761
2024-02-20T12:00:00,17506.5,17516.0,17452.5,17503.5,75900
2024-02-20T13:00:00,17503.75,17533.0,17476.0,17531.5,56640
2024-02-20T14:00:00,17531.75,17576.75,17505.25,17570.0,63425
2024-02-20T15:00:00,17570.75,17614.25,17530.75,17612.25,96545
2024-02-21T10:00:00,17473.25,17525.5,17454.25,17469.25,93953
2024-02-21T11:00:00,17469.0,17519.0,17466.5,17506.0,57268
2024-02-21T12:00:00,17506.75,17508.75,17435.25,17478.25,65498
2024-02-21T13:00:00,17478.25,17486.5,17427.75,17452.25,58756
2024-02-21T14:00:00,17452.25,17487.25,17372.75,17405.5,94417
2024-02-21T15:00:00,17406.0,17542.5,17382.75,17537.0,88924
2024-02-22T10:00:00,17922.25,17975.0,17895.0,17914.0,114136
2024-02-22T11:00:00,17914.5,17981.0,17905.25,17951.5,70835
2024-02-22T12:00:00,17951.75,18019.25,17935.25,18018.25,53371
2024-02-22T13:00:00,18018.25,18056.0,18002.5,18052.75,43948
2024-02-22T14:00:00,18052.75,18087.0,17536.75,18050.5,57442
2024-02-22T15:00:00,18050.5,18084.75,18040.5,18044.75,88295
2024-02-23T10:00:00,18080.0,18092.5,18013.25,18017.5,116902
2024-02-23T11:00:00,18018.0,18038.25,17946.0,18037.0,103456
2024-02-23T12:00:00,18037.25,18064.25,17993.0,18043.0,63727
2024-02-23T13:00:00,18042.75,18061.25,18027.25,18036.5,39774
2024-02-23T14:00:00,18037.0,18038.0,17988.75,18015.0,48603
2024-02-23T15:00:00,18014.5,18020.0,17963.75,17986.5,70888
2024-02-26T10:00:00,17985.0,18041.25,17968.25,18017.5,79771
2024-02-26T11:00:00,18017.75,18058.75,17992.75,18046.0,61233
2024-02-26T12:00:00,18046.25,18059.5,18017.25,18027.0,41350
2024-02-26T13:00:00,18027.25,18044.5,17980.25,18014.5,54203
2024-02-26T14:00:00,18014.5,18041.75,18005.75,18016.5,43036
2024-02-26T15:00:00,18016.5,18036.5,17973.25,17977.0,57610
2024-02-27T10:00:00,17988.75,18032.5,17977.25,18013.0,95547
2024-02-27T11:00:00,18013.25,18015.75,17965.0,18000.75,59927
2024-02-27T12:00:00,18000.75,18010.0,17921.5,17928.25,59770
2024-02-27T13:00:00,17928.25,17972.0,17908.75,17969.75,56759
2024-02-27T14:00:00,17970.25,18029.75,17969.25,18027.0,53166
2024-02-27T15:00:00,18027.0,18031.25,18001.5,18017.75,58141
2024-02-28T10:00:00,17896.25,17931.0,17879.75,17928.75,74827
2024-02-28T11:00:00,17928.25,17975.0,17928.0,17963.5,55181
2024-02-28T12:00:00,17963.25,17966.5,17896.25,17917.0,48868
2024-02-28T13:00:00,17917.0,17956.25,17894.0,17949.25,45182
2024-02-28T14:00:00,17949.25,17954.75,17884.0,17914.25,52767
2024-02-28T15:00:00,17914.5,17931.0,17892.0,17917.75,55610
2024-02-29T10:00:00,18053.0,18070.5,17981.0,18005.25,100844
2024-02-29T11:00:00,18005.25,18015.5,17898.25,17984.5,97941
2024-02-29T12:00:00,17984.25,18024.25,17969.0,18020.75,61678
2024-02-29T13:00:00,18020.75,18050.25,18019.0,18037.5,46265
2024-02-29T14:00:00,18038.0,18059.25,18007.0,18037.25,47054
2024-02-29T15:00:00,18037.25,18109.25,18020.5,18067.0,80694
2024-03-01T10:00:00,18134.0,18204.25,18122.0,18191.75,110359
2024-03-01T11:00:00,18192.0,18249.25,18188.25,18239.25,66764
2024-03-01T12:00:00,18240.0,18291.75,18221.75,18286.0,55578
2024-03-01T13:00:00,18286.5,18348.25,18280.0,18345.0,51765
2024-03-01T14:00:00,18344.75,18372.75,18332.75,18365.0,60510
2024-03-01T15:00:00,18360.5,18364.25,18321.75,18335.0,74797
2024-03-04T10:00:00,18296.5,18333.0,18280.25,18321.5,79547
2024-03-04T11:00:00,18321.75,18326.5,18281.25,18316.5,63574
2024-03-04T12:00:00,18316.75,18327.5,18293.25,18303.5,41557
2024-03-04T13:00:00,18302.75,18312.0,18270.25,18301.75,39607
2024-03-04T14:00:00,18302.0,18346.5,18289.0,18331.0,54637
2024-03-04T15:00:00,18331.25,18346.0,18252.25,18259.25,89721
2024-03-05T10:00:00,18039.75,18083.75,17909.25,17940.5,156007
2024-03-05T11:00:00,17940.75,17966.0,17907.5,17938.75,81423
2024-03-05T12:00:00,17938.75,17978.5,17936.25,17951.75,55459
2024-03-05T13:00:00,17952.25,17954.0,17875.75,17879.25,67207
2024-03-05T14:00:00,17879.5,17911.25,17849.0,17856.75,67887
2024-03-05T15:00:00,17857.0,17936.5,17832.5,17932.0,102830
2024-03-06T10:00:00,18048.75,18086.75,17963.5,18077.25,131333
2024-03-06T11:00:00,18077.0,18130.75,18060.5,18122.25,79846
2024-03-06T12:00:00,18122.25,18174.25,18116.25,18132.25,60404
2024-03-06T13:00:00,18132.75,18161.0,18030.5,18077.5,98756
2024-03-06T14:00:00,18078.0,18092.75,18002.25,18028.25,97537
2024-03-06T15:00:00,18028.0,18062.75,17984.5,18044.25,100754
2024-03-07T10:00:00,18192.25,18282.5,18174.25,18250.5,115241
2024-03-07T11:00:00,18250.5,18307.0,18241.75,18301.5,68701
2024-03-07T12:00:00,18301.25,18329.25,18286.25,18309.25,56529
2024-03-07T13:00:00,18309.5,18360.0,18291.25,18353.5,48328
2024-03-07T14:00:00,18353.5,18358.5,18321.75,18326.75,46145
2024-03-07T15:00:00,18327.0,18340.0,18288.5,18308.75,93875
2024-03-08T10:00:00,18388.0,18436.5,18344.5,18380.75,126862
2024-03-08T11:00:00,18380.25,18385.25,18149.5,18176.0,216790
2024-03-08T12:00:00,18176.25,18213.0,18053.25,18065.0,128145
2024-03-08T13:00:00,18065.25,18106.25,18012.5,18046.0,100956
2024-03-08T14:00:00,18046.0,18175.5,18040.25,18143.25,81531
2024-03-08T15:00:00,18142.75,18168.75,18039.0,18040.25,102377
2024-03-11T10:00:00,17899.75,18022.75,17890.75,18001.25,84053
2024-03-11T11:00:00,18001.0,18018.0,17919.5,17999.75,54444
2024-03-11T12:00:00,17999.5,18000.5,17946.75,17989.25,39443
2024-03-11T13:00:00,17990.0,18007.5,17940.5,17974.75,38722
2024-03-11T14:00:00,17975.5,18025.25,17958.25,18002.25,27008
2024-03-11T15:00:00,18001.75,18002.25,17947.75,17970.25,32806
2024-03-12T10:00:00,18047.75,18197.75,18029.25,18171.25,41323
2024-03-12T11:00:00,18172.75,18208.25,18142.0,18172.75,27842
2024-03-12T12:00:00,18172.5,18177.0,18076.75,18109.0,22470
2024-03-12T13:00:00,18109.25,18161.0,18077.5,18153.5,17102
2024-03-12T14:00:00,18154.5,18219.0,18148.25,18206.0,16518
2024-03-12T15:00:00,18206.5,18241.75,18186.5,18226.75,23295
2024-03-13T10:00:00,18093.0,18137.0,18057.75,18085.5,34306
2024-03-13T11:00:00,18086.25,18117.5,18033.25,18086.75,21658
2024-03-13T12:00:00,18086.5,18112.75,18070.5,18101.25,15236
2024-03-13T13:00:00,18102.25,18146.75,18101.75,18136.25,13496
2024-03-13T14:00:00,18134.5,18153.0,18115.75,18128.5,9689
2024-03-13T15:00:00,18129.25,18138.25,18039.75,18080.5,22859
2024-03-14T10:00:00,17989.0,18094.75,17958.75,18051.0,15338
2024-03-14T11:00:00,18055.0,18088.75,18015.75,18052.75,12837
2024-03-14T12:00:00,18053.25,18066.0,17994.25,18006.5,8235
2024-03-14T13:00:00,18006.5,18047.0,17963.75,18045.25,7429
2024-03-14T14:00:00,18047.75,18082.0,18001.75,18004.25,7768
2024-03-14T15:00:00,18002.75,18031.25,17915.5,18029.5,12965
2024-03-18T10:00:00,18288.75,18381.0,18286.25,18357.0,100697
2024-03-18T11:00:00,18356.75,18365.0,18276.5,18295.0,75074
2024-03-18T12:00:00,18295.25,18314.0,18245.75,18249.0,53422
2024-03-18T13:00:00,18249.0,18291.75,18235.25,18272.5,50649
2024-03-18T14:00:00,18273.25,18311.75,18254.5,18277.25,45309
2024-03-18T15:00:00,18277.75,18297.0,18219.0,18228.25,69215
2024-03-19T10:00:00,18090.25,18146.75,18067.75,18116.25,99674
2024-03-19T11:00:00,18115.75,18169.0,18104.5,18158.75,60201
2024-03-19T12:00:00,18158.75,18268.75,18147.0,18243.75,72180
2024-03-19T13:00:00,18243.75,18286.0,18231.75,18264.0,60182
2024-03-19T14:00:00,18264.5,18289.25,18241.5,18266.0,46921
2024-03-19T15:00:00,18266.0,18284.25,18216.5,18269.75,70966
2024-03-20T10:00:00,18259.5,18304.75,18249.0,18262.0,60243
2024-03-20T11:00:00,18262.25,18296.0,18254.25,18278.75,40715
2024-03-20T12:00:00,18278.5,18290.5,18253.0,18289.75,32358
2024-03-20T13:00:00,18290.25,18291.5,18244.75,18273.75,26611
2024-03-20T14:00:00,18272.5,18454.5,18272.5,18419.25,169557
2024-03-20T15:00:00,18419.0,18497.75,18414.0,18484.25,105443
2024-03-21T10:00:00,18648.0,18687.5,18620.25,18643.5,96688
2024-03-21T11:00:00,18643.5,18701.0,18617.5,18681.75,62973
2024-03-21T12:00:00,18682.0,18707.5,18675.0,18689.25,43079
2024-03-21T13:00:00,18689.0,18689.75,18612.25,18618.75,45265
2024-03-21T14:00:00,18618.5,18623.5,18552.5,18573.5,63016
2024-03-21T15:00:00,18573.5,18601.75,18552.75,18558.5,61113
2024-03-22T10:00:00,18530.25,18565.0,18502.5,18512.75,75157
2024-03-22T11:00:00,18512.75,18562.0,18509.25,18559.0,53622
2024-03-22T12:00:00,18559.0,18582.25,18528.5,18580.25,43606
2024-03-22T13:00:00,18580.0,18626.0,18577.0,18622.5,43339
2024-03-22T14:00:00,18622.5,18624.5,18580.5,18595.25,41619
2024-03-22T15:00:00,18595.0,18606.0,18547.0,18572.25,65449
2024-03-25T10:00:00,18479.25,18542.0,18466.75,18522.0,77367
2024-03-25T11:00:00,18522.0,18553.5,18514.75,18543.0,50490
2024-03-25T12:00:00,18534.5,18539.75,18511.25,18529.5,36178
2024-03-25T13:00:00,18529.5,18557.5,18515.0,18552.25,28497
2024-03-25T14:00:00,18552.25,18571.75,18548.0,18567.25,25741
2024-03-25T15:00:00,18568.0,18569.75,18507.5,18509.5,57317
2024-03-26T10:00:00,18589.5,18608.5,18534.0,18562.0,91368
2024-03-26T11:00:00,18561.5,18582.25,18549.75,18581.0,51618
2024-03-26T12:00:00,18580.25,18588.75,18535.25,18542.25,42012
2024-03-26T13:00:00,18542.5,18557.0,18529.5,18538.5,35440
2024-03-26T14:00:00,18538.25,18562.75,18513.5,18554.5,31665
2024-03-26T15:00:00,18554.5,18555.5,18439.25,18450.5,92823
2024-03-27T10:00:00,18450.5,18458.0,18378.5,18419.75,117750
2024-03-27T11:00:00,18420.0,18430.25,18390.75,18395.5,57120
2024-03-27T12:00:00,18396.0,18453.5,18392.0,18440.75,43629
2024-03-27T13:00:00,18441.0,18447.0,18407.25,18430.25,37567
2024-03-27T14:00:00,18430.5,18461.5,18412.75,18419.5,45097
2024-03-27T15:00:00,18419.75,18507.75,18397.0,18507.0,96347
2024-03-28T10:00:00,18514.25,18538.75,18476.5,18505.75,75618
2024-03-28T11:00:00,18506.0,18519.0,18488.0,18516.5,49513
2024-03-28T12:00:00,18516.75,18518.0,18472.25,18482.25,45018
2024-03-28T13:00:00,18482.25,18483.5,18454.0,18469.5,35612
2024-03-28T14:00:00,18469.25,18506.25,18448.75,18498.75,42024
2024-03-28T15:00:00,18498.75,18510.75,18457.75,18463.0,76496
2024-04-01T10:00:00,18584.25,18604.25,18466.75,18482.0,115862
2024-04-01T11:00:00,18482.25,18489.0,18420.5,18425.25,73929
2024-04-01T12:00:00,18425.5,18491.25,18414.5,18469.0,46002
2024-04-01T13:00:00,18469.25,18472.5,18425.25,18464.0,37250
2024-04-01T14:00:00,18464.5,18482.5,18450.25,18468.75,29419
2024-04-01T15:00:00,18468.75,18514.25,18456.0,18495.25,64974
2024-04-02T10:00:00,18254.75,18275.75,18201.5,18215.5,105121
2024-04-02T11:00:00,18216.0,18285.0,18212.0,18233.25,70120
2024-04-02T12:00:00,18233.0,18290.75,18231.25,18290.25,42607
2024-04-02T13:00:00,18289.75,18300.75,18269.5,18277.25,38147
2024-04-02T14:00:00,18277.75,18297.25,18268.0,18278.25,30077
2024-04-02T15:00:00,18278.0,18347.0,18276.0,18330.75,73990
2024-04-03T10:00:00,18270.0,18434.0,18270.0,18429.25,113153
2024-04-03T11:00:00,18429.25,18451.75,18398.25,18403.75,54487
2024-04-03T12:00:00,18403.75,18439.5,18370.25,18411.5,74010
2024-04-03T13:00:00,18411.5,18431.5,18407.0,18416.25,29360
2024-04-03T14:00:00,18417.25,18432.25,18392.25,18397.75,36799
2024-04-03T15:00:00,18397.75,18398.75,18303.0,18371.0,99380
2024-04-04T10:00:00,18517.75,18531.5,18487.0,18500.5,65021
2024-04-04T11:00:00,18500.5,18534.75,18479.75,18534.75,47422
2024-04-04T12:00:00,18534.75,18566.75,18531.25,18556.75,44391
2024-04-04T13:00:00,18557.0,18558.75,18487.5,18498.0,44761
2024-04-04T14:00:00,18498.25,18498.25,18208.25,18226.75,195237
2024-04-04T15:00:00,18226.0,18226.0,18069.25,18075.5,165068
2024-04-05T10:00:00,18206.75,18311.0,18174.5,18310.75,111866
2024-04-05T11:00:00,18310.0,18366.75,18234.25,18356.75,104123
2024-04-05T12:00:00,18356.75,18406.5,18334.5,18400.5,63851
2024-04-05T13:00:00,18400.5,18408.25,18280.25,18291.75,72226
2024-04-05T14:00:00,18291.25,18344.0,18251.25,18279.5,97865
2024-04-05T15:00:00,18279.5,18332.75,18269.75,18294.0,78612
2024-04-08T10:00:00,18300.5,18376.0,18275.75,18364.5,83934
2024-04-08T11:00:00,18364.5,18372.5,18278.25,18301.25,62323
2024-04-08T12:00:00,18301.25,18316.25,18252.0,18315.5,53847
2024-04-08T13:00:00,18315.25,18317.5,18279.5,18307.0,32233
2024-04-08T14:00:00,18307.5,18323.75,18285.25,18318.0,32189
2024-04-08T15:00:00,18318.0,18332.0,18286.5,18297.0,54076
2024-04-09T10:00:00,18342.5,18370.0,18160.75,18216.5,162831
2024-04-09T11:00:00,18216.75,18274.75,18203.75,18261.0,81540
2024-04-09T12:00:00,18261.25,18303.75,18255.5,18263.25,51746
2024-04-09T13:00:00,18264.5,18296.25,18251.0,18255.0,42191
2024-04-09T14:00:00,18255.25,18284.0,18237.25,18252.0,48446
2024-04-09T15:00:00,18251.5,18365.25,18215.5,18362.0,92984
2024-04-10T10:00:00,18179.5,18234.0,18135.75,18158.25,131976
2024-04-10T11:00:00,18158.0,18182.75,18125.25,18144.5,59548
2024-04-10T12:00:00,18144.75,18202.25,18126.75,18192.0,43889
2024-04-10T13:00:00,18191.75,18224.25,18114.0,18166.25,119215
2024-04-10T14:00:00,18164.75,18197.0,18125.0,18127.5,78053
2024-04-10T15:00:00,18128.25,18225.0,18118.0,18191.75,98001
2024-04-11T10:00:00,18261.0,18265.0,18169.5,18237.5,107546
2024-04-11T11:00:00,18237.75,18322.5,18236.0,18317.0,69172
2024-04-11T12:00:00,18317.0,18326.5,18287.75,18308.5,45826
2024-04-11T13:00:00,18308.5,18444.25,18289.75,18436.5,92825
2024-04-11T14:00:00,18437.0,18512.75,18433.0,18479.0,70346
2024-04-11T15:00:00,18479.5,18518.75,18479.5,18482.0,64371
2024-04-12T10:00:00,18338.0,18342.0,18193.25,18198.0,130617
2024-04-12T11:00:00,18198.0,18291.25,18193.75,18255.75,74220
2024-04-12T12:00:00,18255.75,18268.0,18147.25,18158.5,84848
2024-04-12T13:00:00,18158.75,18193.75,18124.0,18161.75,74757
2024-04-12T14:00:00,18161.75,18188.25,18131.25,18134.25,64019
2024-04-12T15:00:00,18134.5,18198.5,18120.25,18181.0,97294
2024-04-15T10:00:00,18304.5,18326.25,18170.75,18172.5,123196
2024-04-15T11:00:00,18172.0,18223.0,18158.5,18210.75,62861
2024-04-15T12:00:00,18210.5,18226.75,18084.0,18109.25,65601
2024-04-15T13:00:00,18109.5,18131.25,17876.75,17922.75,127080
2024-04-15T14:00:00,17923.25,17938.5,17867.25,17886.0,78752
2024-04-15T15:00:00,17885.75,17905.0,17841.5,17876.5,88411
2024-04-16T10:00:00,17897.5,17931.5,17834.5,17863.75,101851
2024-04-16T11:00:00,17863.75,17936.5,17851.75,17890.5,63539
2024-04-16T12:00:00,17890.5,17930.75,17862.5,17913.0,52216
2024-04-16T13:00:00,17913.5,17929.75,17818.0,17889.0,105055
2024-04-16T14:00:00,17889.25,17988.0,17846.0,17950.25,97920
2024-04-16T15:00:00,17950.25,17954.75,17874.0,17876.5,71526
2024-04-17T10:00:00,17892.0,17894.25,17763.5,17801.75,123428
2024-04-17T11:00:00,17802.0,17850.0,17726.25,17747.75,105366
2024-04-17T12:00:00,17747.25,17750.0,17615.25,17643.25,100911
2024-04-17T13:00:00,17643.25,17747.5,17636.5,17742.0,81710
2024-04-17T14:00:00,17741.75,17796.5,17686.0,17703.0,87495
2024-04-17T15:00:00,17703.0,17713.5,17648.5,17654.5,96296
2024-04-18T10:00:00,17610.0,17730.75,17582.5,17711.75,106835
2024-04-18T11:00:00,17711.75,17746.0,17683.0,17693.25,72867
2024-04-18T12:00:00,17693.0,17712.5,17602.25,17610.0,70576
2024-04-18T13:00:00,17610.25,17625.0,17537.0,17561.5,85231
2024-04-18T14:00:00,17561.25,17596.75,17521.5,17533.25,73543
2024-04-18T15:00:00,17533.75,17593.0,17529.5,17545.25,82902
2024-04-19T10:00:00,17454.5,17474.0,17341.0,17389.75,124028
2024-04-19T11:00:00,17389.5,17389.5,17288.5,17290.0,84555
2024-04-19T12:00:00,17290.0,17318.5,17203.75,17284.0,98386
2024-04-19T13:00:00,17284.0,17340.5,17255.75,17289.25,74810
2024-04-19T14:00:00,17289.25,17291.75,17132.0,17159.25,117135
2024-04-19T15:00:00,17159.5,17206.0,17113.25,17181.75,130928
2024-04-22T10:00:00,17283.0,17314.0,17168.0,17185.5,104638
2024-04-22T11:00:00,17185.75,17254.25,17148.5,17251.25,67911
2024-04-22T12:00:00,17251.5,17296.0,17234.25,17273.75,48819
2024-04-22T13:00:00,17274.25,17414.75,17267.25,17397.25,60656
2024-04-22T14:00:00,17397.25,17448.0,17381.0,17411.0,59563
2024-04-22T15:00:00,17410.75,17419.0,17325.0,17351.5,77250
2024-04-23T10:00:00,17501.5,17599.0,17475.25,17592.5,107019
2024-04-23T11:00:00,17593.0,17607.5,17545.75,17563.75,63218
2024-04-23T12:00:00,17564.0,17615.75,17564.0,17593.75,41237
2024-04-23T13:00:00,17594.25,17640.75,17571.25,17636.75,44600
2024-04-23T14:00:00,17637.0,17657.25,17620.5,17645.25,35623
2024-04-23T15:00:00,17645.5,17649.0,17592.25,17607.75,60141
2024-04-24T10:00:00,17736.75,17776.25,17678.0,17694.5,90794
2024-04-24T11:00:00,17693.75,17701.0,17602.75,17607.5,77214
2024-04-24T12:00:00,17607.25,17631.25,17567.25,17622.75,61745
2024-04-24T13:00:00,17623.0,17705.25,17607.25,17698.5,52153
2024-04-24T14:00:00,17698.75,17703.0,17609.75,17613.0,61192
2024-04-24T15:00:00,17612.5,17686.75,17606.25,17658.75,63409
2024-04-25T10:00:00,17357.25,17447.0,17329.5,17352.75,125054
2024-04-25T11:00:00,17353.0,17419.0,17349.5,17414.25,75427
2024-04-25T12:00:00,17413.5,17507.0,17397.0,17494.5,66071
2024-04-25T13:00:00,17494.75,17580.5,17463.75,17567.75,63691
2024-04-25T14:00:00,17567.75,17583.5,17492.5,17526.75,61147
2024-04-25T15:00:00,17527.0,17605.0,17524.0,17567.5,79064
2024-04-26T10:00:00,17786.25,17860.0,17768.75,17854.25,109127
2024-04-26T11:00:00,17854.5,17886.0,17814.25,17848.75,72502
2024-04-26T12:00:00,17849.0,17882.75,17826.75,17882.5,38291
2024-04-26T13:00:00,17882.5,17901.5,17861.75,17877.25,41116
2024-04-26T14:00:00,17877.5,17880.75,17836.5,17867.75,39608
2024-04-26T15:00:00,17867.25,17889.75,17836.25,17839.5,61022
2024-04-29T10:00:00,17867.0,17916.5,17863.25,17886.0,75225
2024-04-29T11:00:00,17886.25,17890.5,17844.75,17888.0,48939
2024-04-29T12:00:00,17888.25,17913.75,17882.25,17896.75,36274
2024-04-29T13:00:00,17896.0,17931.5,17873.5,17916.75,36216
2024-04-29T14:00:00,17916.5,17916.5,17843.25,17888.25,46373
2024-04-29T15:00:00,17887.75,17910.5,17791.25,17905.25,85831
2024-04-30T10:00:00,17871.75,17895.25,17818.0,17836.25,85593
2024-04-30T11:00:00,17832.0,17834.5,17732.0,17764.25,93088
2024-04-30T12:00:00,17764.25,17776.0,17682.25,17704.5,62578
2024-04-30T13:00:00,17704.5,17737.0,17675.5,17729.0,49495
2024-04-30T14:00:00,17728.75,17745.25,17668.25,17681.5,55180
2024-04-30T15:00:00,17682.0,17708.75,17563.75,17564.5,98018
2024-05-01T10:00:00,17477.25,17506.25,17425.75,17487.5,80041
2024-05-01T11:00:00,17487.25,17493.0,17412.25,17421.75,63103
2024-05-01T12:00:00,17421.75,17467.25,17399.25,17433.5,48523
2024-05-01T13:00:00,17432.75,17474.75,17413.0,17468.5,32424
2024-05-01T14:00:00,17469.25,17750.75,17457.25,17750.75,178185
2024-05-01T15:00:00,17750.75,17793.25,17425.25,17431.5,164387
2024-05-02T10:00:00,17500.25,17538.75,17386.5,17528.25,126370
2024-05-02T11:00:00,17528.75,17571.0,17488.25,17561.75,62626
2024-05-02T12:00:00,17561.75,17566.25,17493.25,17531.25,44944
2024-05-02T13:00:00,17531.25,17616.25,17531.25,17594.75,48114
2024-05-02T14:00:00,17595.5,17671.5,17587.25,17664.75,46001
2024-05-02T15:00:00,17664.75,17685.5,17611.75,17648.25,70296
2024-05-03T10:00:00,18000.75,18050.25,17893.75,17925.5,131467
2024-05-03T11:00:00,17925.5,18004.75,17895.25,17987.0,57373
2024-05-03T12:00:00,17987.0,18008.0,17962.0,17972.25,34470
2024-05-03T13:00:00,17972.5,18004.25,17967.0,17986.0,28502
2024-05-03T14:00:00,17986.25,18027.75,17985.5,18008.75,29318
2024-05-03T15:00:00,18009.0,18024.5,17987.75,18001.25,47501
2024-05-06T10:00:00,18109.75,18116.75,18079.25,18098.25,56105
2024-05-06T11:00:00,18097.75,18121.5,18078.25,18111.25,35885
2024-05-06T12:00:00,18111.5,18119.25,18067.25,18117.5,38757
2024-05-06T13:00:00,18117.75,18132.25,18093.0,18128.5,30096
2024-05-06T14:00:00,18128.5,18154.75,18123.5,18145.75,30661
2024-05-06T15:00:00,18145.5,18198.25,18129.5,18197.75,49308
2024-05-07T10:00:00,18193.25,18251.75,18181.75,18250.25,78828
2024-05-07T11:00:00,18250.5,18263.75,18234.25,18252.5,48296
2024-05-07T12:00:00,18252.75,18263.75,18228.5,18240.0,37781
2024-05-07T13:00:00,18240.0,18266.25,18183.5,18193.75,46884
2024-05-07T14:00:00,18194.25,18213.75,18166.5,18194.25,51012
2024-05-07T15:00:00,18194.5,18220.75,18180.75,18196.5,54536
2024-05-08T10:00:00,18168.0,18242.25,18151.75,18218.5,73265
2024-05-08T11:00:00,18218.25,18235.25,18164.25,18174.5,55961
2024-05-08T12:00:00,18174.5,18191.5,18155.0,18168.0,34445
2024-05-08T13:00:00,18168.25,18180.75,18138.75,18178.75,40174
2024-05-08T14:00:00,18179.0,18194.0,18168.25,18172.0,31147
2024-05-08T15:00:00,18172.75,18201.5,18155.25,18183.75,47248
2024-05-09T10:00:00,18157.25,18222.0,18129.0,18211.0,91098
2024-05-09T11:00:00,18210.75,18237.25,18171.0,18178.75,53694
2024-05-09T12:00:00,18179.0,18221.0,18170.0,18214.25,37026
2024-05-09T13:00:00,18213.75,18232.75,18188.0,18206.5,42141
2024-05-09T14:00:00,18206.5,18239.25,18190.5,18232.0,34052
2024-05-09T15:00:00,18231.75,18234.5,18195.5,18215.5,52663
2024-05-10T10:00:00,18328.75,18329.75,18188.5,18218.75,107923
2024-05-10T11:00:00,18219.0,18243.5,18193.25,18236.5,52659
2024-05-10T12:00:00,18236.5,18253.5,18208.75,18245.0,39227
2024-05-10T13:00:00,18244.75,18254.25,18207.5,18252.0,35135
2024-05-10T14:00:00,18252.0,18263.0,18228.75,18256.5,33955
2024-05-10T15:00:00,18256.25,18271.0,18241.25,18254.25,46555
2024-05-13T10:00:00,18286.25,18311.5,18277.5,18293.75,60616
2024-05-13T11:00:00,18294.0,18308.5,18258.75,18293.75,49544
2024-05-13T12:00:00,18293.75,18309.5,18292.25,18294.0,27209
2024-05-13T13:00:00,18294.0,18296.5,18235.0,18284.25,50791
2024-05-13T14:00:00,18283.75,18289.25,18267.5,18287.75,24868
2024-05-13T15:00:00,18288.0,18300.75,18273.0,18295.75,42170
2024-05-14T10:00:00,18289.5,18370.75,18274.25,18339.0,118877
2024-05-14T11:00:00,18339.0,18367.0,18304.75,18320.75,58798
2024-05-14T12:00:00,18320.25,18331.5,18298.0,18317.25,35529
2024-05-14T13:00:00,18317.25,18339.5,18298.5,18331.25,33521
2024-05-14T14:00:00,18331.5,18415.75,18328.5,18409.75,59027
2024-05-14T15:00:00,18409.75,18433.0,18397.25,18411.25,58824
2024-05-15T10:00:00,18483.25,18572.5,18482.0,18571.5,87830
2024-05-15T11:00:00,18571.5,18605.0,18570.0,18593.75,57176
2024-05-15T12:00:00,18594.25,18632.0,18577.25,18630.0,39327
2024-05-15T13:00:00,18630.25,18683.75,18629.25,18682.0,52865
2024-05-15T14:00:00,18682.0,18702.0,18671.5,18685.25,55185
2024-05-15T15:00:00,18685.25,18707.0,18675.5,18693.0,68738
2024-05-16T10:00:00,18709.0,18749.75,18673.75,18748.0,75465
2024-05-16T11:00:00,18748.0,18760.75,18724.25,18740.75,58003
2024-05-16T12:00:00,18740.5,18740.5,18707.0,18733.5,45756
2024-05-16T13:00:00,18733.75,18741.0,18670.75,18710.0,71298
2024-05-16T14:00:00,18710.25,18711.0,18661.0,18695.25,55403
2024-05-16T15:00:00,18695.5,18703.5,18643.75,18650.75,69621
2024-05-17T10:00:00,18638.5,18677.0,18622.0,18665.25,69101
2024-05-17T11:00:00,18665.0,18666.0,18621.5,18654.0,58148
2024-05-17T12:00:00,18653.75,18661.0,18607.75,18640.5,42689
2024-05-17T13:00:00,18640.75,18640.75,18609.25,18615.25,32518
2024-05-17T14:00:00,18615.5,18622.5,18545.0,18617.25,64602
2024-05-17T15:00:00,18617.75,18643.0,18608.75,18638.5,58506
2024-05-20T10:00:00,18749.75,18772.0,18731.75,18743.5,62703
2024-05-20T11:00:00,18743.75,18762.5,18729.5,18742.0,43071
2024-05-20T12:00:00,18742.0,18794.5,18741.25,18791.25,43738
2024-05-20T13:00:00,18791.25,18793.75,18735.5,18745.5,47316
2024-05-20T14:00:00,18745.75,18767.25,18707.0,18748.75,53546
2024-05-20T15:00:00,18748.75,18784.0,18740.75,18766.25,61052
2024-05-21T10:00:00,18707.75,18758.75,18701.75,18755.0,66234
2024-05-21T11:00:00,18754.5,18763.5,18731.5,18745.0,40213
2024-05-21T12:00:00,18745.0,18771.75,18738.25,18747.0,33539
2024-05-21T13:00:00,18747.0,18775.75,18734.0,18775.75,35103
2024-05-21T14:00:00,18775.75,18781.0,18755.25,18769.5,29418
2024-05-21T15:00:00,18769.5,18808.75,18764.0,18800.75,54894
2024-05-22T10:00:00,18823.75,18832.75,18801.5,18821.0,59538
2024-05-22T11:00:00,18822.0,18838.5,18800.0,18819.5,42734
2024-05-22T12:00:00,18819.25,18832.5,18790.5,18803.75,35879
2024-05-22T13:00:00,18803.5,18826.0,18746.0,18771.75,60341
2024-05-22T14:00:00,18771.75,18771.75,18684.25,18730.0,105282
2024-05-22T15:00:00,18730.25,18794.0,18694.25,18793.75,88489
2024-05-23T10:00:00,18852.0,18915.5,18802.0,18807.75,120872
2024-05-23T11:00:00,18808.25,18931.0,18805.0,18915.75,79159
2024-05-23T12:00:00,18915.5,18933.5,18843.25,18843.25,61142
2024-05-23T13:00:00,18843.5,18859.0,18711.25,18716.5,103412
2024-05-23T14:00:00,18716.5,18725.25,18627.75,18634.0,118121
2024-05-23T15:00:00,18633.5,18716.75,18621.5,18696.75,114089
2024-05-24T10:00:00,18750.0,18866.75,18750.0,18862.0,101450
2024-05-24T11:00:00,18862.25,18919.0,18858.75,18896.75,83268
2024-05-24T12:00:00,18896.5,18915.75,18883.5,18885.0,41552
2024-05-24T13:00:00,18885.25,18911.0,18874.25,18903.5,34695
2024-05-24T14:00:00,18903.25,18926.0,18870.0,18870.75,37187
2024-05-24T15:00:00,18870.5,18883.25,18835.5,18874.25,66794
2024-05-28T10:00:00,18864.5,18929.75,18842.5,18923.5,74868
2024-05-28T11:00:00,18924.25,18939.5,18899.25,18922.5,43024
2024-05-28T12:00:00,18922.5,18943.75,18909.75,18921.5,46479
2024-05-28T13:00:00,18921.5,18944.5,18891.25,18902.25,52085
2024-05-28T14:00:00,18902.25,18927.75,18819.5,18867.5,75555
2024-05-28T15:00:00,18867.0,18945.5,18862.5,18943.25,80569
2024-05-29T10:00:00,18831.25,18879.75,18810.5,18868.25,88490
2024-05-29T11:00:00,18867.75,18874.75,18822.75,18850.5,50786
2024-05-29T12:00:00,18851.0,18878.0,18821.0,18871.25,39734
2024-05-29T13:00:00,18871.5,18874.5,18816.5,18859.5,50780
2024-05-29T14:00:00,18859.25,18865.5,18814.0,18825.25,44584
2024-05-29T15:00:00,18825.25,18862.75,18785.0,18810.5,73562
2024-05-30T10:00:00,18739.0,18752.75,18645.5,18658.5,103472
2024-05-30T11:00:00,18658.25,18698.5,18623.75,18669.0,60253
2024-05-30T12:00:00,18669.0,18706.0,18668.25,18696.5,42503
2024-05-30T13:00:00,18696.75,18729.0,18686.5,18702.75,39730
2024-05-30T14:00:00,18702.75,18705.0,18650.75,18670.25,45090
2024-05-30T15:00:00,18670.5,18675.0,18546.25,18604.25,112537
2024-05-31T10:00:00,18543.5,18548.75,18356.0,18386.75,145662
2024-05-31T11:00:00,18387.0,18388.0,18294.75,18300.75,83356
2024-05-31T12:00:00,18300.5,18313.75,18241.25,18293.0,76675
2024-05-31T13:00:00,18292.75,18367.0,18291.5,18341.25,61332
2024-05-31T14:00:00,18341.5,18366.5,18310.25,18352.5,49308
2024-05-31T15:00:00,18352.5,18601.0,18339.0,18598.0,145418
2024-06-03T10:00:00,18681.0,18728.5,18571.0,18590.0,118857
2024-06-03T11:00:00,18590.5,18637.25,18564.25,18604.0,71424
2024-06-03T12:00:00,18604.5,18618.75,18467.75,18483.25,81730
2024-06-03T13:00:00,18483.25,18578.75,18435.75,18557.25,70621
2024-06-03T14:00:00,18557.25,18584.75,18526.5,18560.5,46092
2024-06-03T15:00:00,18560.75,18654.75,18552.75,18652.5,66886
2024-06-04T10:00:00,18603.0,18663.75,18567.75,18601.0,114655
2024-06-04T11:00:00,18610.5,18640.0,18576.25,18586.0,61217
2024-06-04T12:00:00,18585.75,18652.25,18570.75,18629.0,53196
2024-06-04T13:00:00,18628.75,18645.75,18594.75,18629.5,42501
2024-06-04T14:00:00,18628.5,18753.25,18624.0,18711.0,70328
2024-06-04T15:00:00,18710.75,18712.75,18632.0,18701.5,92426
2024-06-05T10:00:00,18854.0,18936.75,18800.0,18921.25,107245
2024-06-05T11:00:00,18921.5,18987.0,18921.25,18965.0,66072
2024-06-05T12:00:00,18964.75,19008.0,18954.75,19003.5,39947
2024-06-05T13:00:00,19003.75,19028.25,18977.25,19024.25,49112
2024-06-05T14:00:00,19024.5,19043.75,19005.5,19037.5,36913
2024-06-05T15:00:00,19037.25,19079.5,19020.5,19077.5,86344
2024-06-06T10:00:00,19033.75,19106.5,19032.25,19083.0,85117
2024-06-06T11:00:00,19082.25,19095.75,19052.0,19063.25,48086
2024-06-06T12:00:00,19063.5,19077.0,19035.25,19057.0,46278
2024-06-06T13:00:00,19056.5,19090.5,19049.0,19072.25,41325
2024-06-06T14:00:00,19072.25,19077.75,19017.25,19065.5,55624
2024-06-06T15:00:00,19066.0,19075.0,19040.75,19065.75,60411
2024-06-07T10:00:00,19032.25,19117.25,19019.25,19076.0,73279
2024-06-07T11:00:00,19076.0,19088.75,19015.25,19083.75,63385
2024-06-07T12:00:00,19083.5,19145.75,19071.0,19141.75,57971
2024-06-07T13:00:00,19141.75,19155.0,19113.75,19114.75,46572
2024-06-07T14:00:00,19114.5,19116.25,18997.0,19051.5,84591
2024-06-07T15:00:00,19052.25,19067.75,18999.0,19041.25,78739
2024-06-10T10:00:00,18993.75,19069.75,18988.0,19065.75,81903
2024-06-10T11:00:00,19065.75,19113.5,19062.25,19088.25,63230
2024-06-10T12:00:00,19088.25,19121.25,19082.75,19106.25,47740
2024-06-10T13:00:00,19106.0,19118.0,19054.0,19101.75,60050
2024-06-10T14:00:00,19101.75,19106.5,19034.0,19077.75,72658
2024-06-10T15:00:00,19077.0,19129.75,19072.75,19112.5,78429
2024-06-11T10:00:00,19032.25,19136.5,19026.0,19134.25,89460
2024-06-11T11:00:00,19134.25,19137.0,19063.25,19077.5,70546
2024-06-11T12:00:00,19078.25,19111.0,19074.25,19099.0,37002
2024-06-11T13:00:00,19098.75,19166.5,19086.5,19164.25,54030
2024-06-11T14:00:00,19164.75,19232.25,19152.0,19210.25,61960
2024-06-11T15:00:00,19210.25,19247.5,19187.25,19242.25,65638
2024-06-12T10:00:00,19491.75,19546.75,19480.0,19504.75,95779
2024-06-12T11:00:00,19505.0,19538.75,19497.5,19515.25,53228
2024-06-12T12:00:00,19514.75,19526.0,19493.25,19509.5,38565
2024-06-12T13:00:00,19509.75,19536.75,19490.75,19517.75,31886
2024-06-12T14:00:00,19518.5,19542.0,19448.5,19517.75,101533
2024-06-12T15:00:00,19518.25,19588.75,19433.0,19492.5,120479
2024-06-13T10:00:00,19631.0,19650.5,19534.75,19554.75,104977
2024-06-13T11:00:00,19555.0,19609.0,19546.25,19587.5,56104
2024-06-13T12:00:00,19588.0,19589.0,19500.0,19544.0,66261
2024-06-13T13:00:00,19543.75,19586.0,19537.25,19568.0,43769
2024-06-13T14:00:00,19568.25,19605.5,19548.0,19599.0,40905
2024-06-13T15:00:00,19599.25,19632.25,19584.75,19593.0,63513
2024-06-14T10:00:00,19638.75,19648.5,19574.0,19628.5,105271
2024-06-14T11:00:00,19628.25,19633.0,19563.5,19617.75,65693
2024-06-14T12:00:00,19617.75,19643.0,19601.0,19632.25,51543
2024-06-14T13:00:00,19632.5,19676.25,19627.0,19657.5,46957
2024-06-14T14:00:00,19657.5,19675.25,19629.25,19665.5,45740
2024-06-14T15:00:00,19665.25,19692.5,19646.0,19687.5,49952
2024-06-17T10:00:00,19690.5,19720.0,19665.75,19713.5,48796
2024-06-17T11:00:00,19713.75,19759.75,19713.5,19750.0,39895
2024-06-17T12:00:00,19750.0,19850.5,19742.75,19827.5,47902
2024-06-17T13:00:00,19828.25,19967.25,19828.25,19963.0,55653
2024-06-17T14:00:00,19962.75,20001.0,19947.75,19967.0,42356
2024-06-17T15:00:00,19966.0,19991.25,19916.0,19925.25,44294
2024-06-18T10:00:00,19904.25,19938.0,19880.0,19886.0,31092
2024-06-18T11:00:00,19886.25,19913.25,19851.75,19911.5,23086
2024-06-18T12:00:00,19910.75,19934.5,19893.25,19929.75,14413
2024-06-18T13:00:00,19929.0,19953.0,19910.5,19927.0,13033
2024-06-18T14:00:00,19927.75,19931.75,19885.0,19924.25,14853
2024-06-18T15:00:00,19924.0,19933.0,19900.0,19923.75,21229
2024-06-20T10:00:00,19962.5,19968.0,19847.75,19946.0,18190
2024-06-20T11:00:00,19946.75,19957.75,19885.5,19893.5,11003
2024-06-20T12:00:00,19893.25,19907.0,19745.5,19812.5,20952
2024-06-20T13:00:00,19812.0,19813.25,19694.25,19766.5,14864
2024-06-20T14:00:00,19766.5,19813.0,19745.0,19747.25,13066
2024-06-20T15:00:00,19747.25,19799.0,19696.75,19767.25,14346
2024-06-24T10:00:00,19947.0,19995.5,19821.25,19907.25,135141
2024-06-24T11:00:00,19907.25,19931.75,19872.25,19918.0,72714
2024-06-24T12:00:00,19918.0,19921.75,19841.25,19851.0,51371
2024-06-24T13:00:00,19851.5,19866.25,19787.75,19810.25,65225
2024-06-24T14:00:00,19810.25,19834.25,19767.25,19820.5,61983
2024-06-24T15:00:00,19820.5,19855.0,19740.5,19744.75,81169
2024-06-25T10:00:00,19832.0,19902.0,19828.25,19866.25,98172
2024-06-25T11:00:00,19866.5,19960.75,19866.5,19958.75,70530
2024-06-25T12:00:00,19959.25,19968.0,19856.0,19874.25,63958
2024-06-25T13:00:00,19874.25,19931.75,19837.75,19924.25,48253
2024-06-25T14:00:00,19924.5,19965.75,19916.0,19949.75,43256
2024-06-25T15:00:00,19949.5,19981.25,19933.75,19966.75,58478
2024-06-26T10:00:00,19970.5,20024.0,19944.5,19974.75,87243
2024-06-26T11:00:00,19974.75,20028.0,19912.0,20019.0,84762
2024-06-26T12:00:00,20019.0,20020.75,19944.25,19974.0,49424
2024-06-26T13:00:00,19974.0,19990.75,19935.25,19984.5,41119
2024-06-26T14:00:00,19984.75,19986.5,19948.25,19951.0,39403
2024-06-26T15:00:00,19951.75,20027.5,19927.25,20005.0,71688
2024-06-27T10:00:00,20059.5,20116.75,20001.5,20030.5,99495
2024-06-27T11:00:00,20030.5,20039.0,19954.0,19989.75,80989
2024-06-27T12:00:00,19988.75,20058.0,19980.75,20028.75,49141
2024-06-27T13:00:00,20028.75,20066.0,20023.25,20034.25,35381
2024-06-27T14:00:00,20034.75,20046.0,19993.5,20043.5,54265
2024-06-27T15:00:00,20043.25,20061.25,20000.25,20047.75,57017
2024-06-28T10:00:00,20148.25,20273.25,20119.5,20140.75,142088
2024-06-28T11:00:00,20140.25,20140.75,20075.75,20108.25,87013
2024-06-28T12:00:00,20109.0,20115.25,19985.25,20036.25,83393
2024-06-28T13:00:00,20036.0,20072.5,20017.25,20041.0,43722
2024-06-28T14:00:00,20040.25,20071.75,20003.25,20012.5,47521
2024-06-28T15:00:00,20012.5,20018.25,19906.25,19932.25,123065
2024-07-01T10:00:00,19888.0,19950.5,19811.75,19907.75,135229
2024-07-01T11:00:00,19907.75,19976.25,19885.0,19975.5,69198
2024-07-01T12:00:00,19975.75,20026.5,19957.25,20013.5,55257
2024-07-01T13:00:00,20013.75,20020.25,19977.5,19999.25,36893
2024-07-01T14:00:00,19999.5,20050.75,19982.5,20013.75,48021
2024-07-01T15:00:00,20013.75,20074.0,19983.75,20049.25,75556
2024-07-02T10:00:00,20063.5,20124.25,20017.75,20111.0,116529
2024-07-02T11:00:00,20111.25,20156.25,20084.75,20094.5,68724
2024-07-02T12:00:00,20094.75,20127.75,20065.25,20126.75,45728
2024-07-02T13:00:00,20127.25,20216.0,20120.0,20209.0,58816
2024-07-02T14:00:00,20209.25,20240.0,20204.0,20223.0,42887
2024-07-02T15:00:00,20222.5,20259.25,20208.0,20256.75,62479
2024-07-03T09:30:00,20219.0,20284.0,20207.0,20274.25,76838
2024-07-03T10:30:00,20275.5,20320.75,20235.5,20313.0,90948
2024-07-03T11:30:00,20313.25,20382.5,20292.5,20379.5,68563
2024-07-03T12:30:00,20379.25,20423.5,20369.75,20414.0,69862
2024-07-05T10:00:00,20514.75,20552.0,20462.25,20524.25,101861
2024-07-05T11:00:00,20523.5,20607.0,20510.0,20596.25,64247
2024-07-05T12:00:00,20596.0,20617.0,20577.0,20589.0,45516
2024-07-05T13:00:00,20589.25,20638.5,20575.75,20624.25,42525
2024-07-05T14:00:00,20624.75,20629.5,20594.25,20614.0,36141
2024-07-05T15:00:00,20613.75,20639.5,20608.25,20622.25,58540
2024-07-08T10:00:00,20635.0,20642.25,20588.0,20609.0,85165
2024-07-08T11:00:00,20609.25,20670.75,20603.75,20667.25,65531
2024-07-08T12:00:00,20668.0,20669.75,20609.0,20634.25,45951
2024-07-08T13:00:00,20634.75,20668.25,20625.75,20653.75,32630
2024-07-08T14:00:00,20653.5,20656.25,20609.0,20646.0,41619
2024-07-08T15:00:00,20646.0,20688.0,20617.75,20666.0,56887
2024-07-09T10:00:00,20749.5,20771.75,20680.5,20709.0,112289
2024-07-09T11:00:00,20708.75,20721.25,20670.25,20705.5,64648
2024-07-09T12:00:00,20705.25,20717.0,20644.0,20676.0,60093
2024-07-09T13:00:00,20676.25,20690.75,20615.75,20660.5,64258
2024-07-09T14:00:00,20660.25,20679.25,20641.75,20671.75,43050
2024-07-09T15:00:00,20671.75,20686.25,20654.5,20679.25,51021
2024-07-10T10:00:00,20764.0,20796.5,20723.75,20729.5,100067
2024-07-10T11:00:00,20729.5,20769.5,20703.0,20767.25,63437
2024-07-10T12:00:00,20767.0,20850.0,20760.25,20847.75,68071
2024-07-10T13:00:00,20847.5,20880.5,20840.5,20874.0,51228
2024-07-10T14:00:00,20874.5,20895.25,20861.0,20879.75,36348
2024-07-10T15:00:00,20879.5,20916.75,20853.0,20894.25,79891
2024-07-11T10:00:00,20869.25,20872.0,20600.75,20604.0,172964
2024-07-11T11:00:00,20604.0,20647.5,20475.75,20480.75,147300
2024-07-11T12:00:00,20481.5,20539.25,20435.5,20443.5,96502
2024-07-11T13:00:00,20444.0,20483.5,20385.75,20391.0,72959
2024-07-11T14:00:00,20390.5,20470.5,20377.25,20468.25,62931
2024-07-11T15:00:00,20468.25,20494.0,20429.25,20429.25,93467
2024-07-12T10:00:00,20543.5,20661.25,20522.0,20636.25,120409
2024-07-12T11:00:00,20636.25,20666.75,20589.75,20595.0,68432
2024-07-12T12:00:00,20594.75,20632.75,20554.75,20630.5,66476
2024-07-12T13:00:00,20630.5,20741.0,20622.75,20709.25,64407
2024-07-12T14:00:00,20710.0,20723.75,20681.25,20710.0,48235
2024-07-12T15:00:00,20709.0,20712.0,20510.25,20539.75,119987
2024-07-15T10:00:00,20627.5,20738.5,20623.25,20727.75,87934
2024-07-15T11:00:00,20727.75,20797.0,20664.0,20701.25,93283
2024-07-15T12:00:00,20700.75,20704.75,20603.25,20651.5,81470
2024-07-15T13:00:00,20652.25,20653.0,20556.5,20569.5,78275
2024-07-15T14:00:00,20569.75,20633.0,20547.5,20617.75,54054
2024-07-15T15:00:00,20617.5,20643.25,20506.25,20593.5,92134
2024-07-16T10:00:00,20580.75,20595.0,20485.5,20542.0,127127
2024-07-16T11:00:00,20542.0,20608.75,20522.5,20550.5,71380
2024-07-16T12:00:00,20550.75,20567.25,20464.5,20535.0,71981
2024-07-16T13:00:00,20521.5,20538.5,20495.0,20525.5,46896
2024-07-16T14:00:00,20525.25,20590.25,20485.75,20590.0,57912
2024-07-16T15:00:00,20590.0,20614.25,20558.75,20599.5,64090
2024-07-17T10:00:00,20209.0,20212.75,20097.75,20123.5,146975
2024-07-17T11:00:00,20123.0,20151.75,20053.0,20086.25,95859
2024-07-17T12:00:00,20087.0,20089.25,20007.75,20063.0,89337
2024-07-17T13:00:00,20063.5,20084.5,20011.25,20031.5,66919
2024-07-17T14:00:00,20032.0,20075.0,20011.75,20026.25,54993
2024-07-17T15:00:00,20026.0,20072.5,19987.75,19992.25,93387
2024-07-18T10:00:00,20068.0,20107.0,19893.25,19985.25,160476
2024-07-18T11:00:00,20002.5,20004.5,19785.0,19797.0,132590
2024-07-18T12:00:00,19797.5,19914.25,19773.0,19913.5,84824
2024-07-18T13:00:00,19913.5,19946.25,19855.0,19873.25,76758
2024-07-18T14:00:00,19873.25,19892.25,19800.5,19846.25,84550
2024-07-18T15:00:00,19846.25,19961.0,19758.75,19892.0,140671
2024-07-19T10:00:00,19883.75,19917.0,19774.5,19826.25,117106
2024-07-19T11:00:00,19826.5,19875.25,19704.0,19816.75,103295
2024-07-19T12:00:00,19817.75,19826.25,19686.5,19729.25,78605
2024-07-19T13:00:00,19729.25,19731.25,19654.0,19721.5,68976
2024-07-19T14:00:00,19720.75,19746.0,19669.75,19720.5,54397
2024-07-19T15:00:00,19721.0,19784.5,19685.0,19712.25,89669
2024-07-22T10:00:00,19970.0,20018.75,19895.0,19954.0,107264
2024-07-22T11:00:00,19954.75,19998.0,19809.75,19865.25,93630
2024-07-22T12:00:00,19865.25,19973.25,19835.5,19961.5,53648
2024-07-22T13:00:00,19961.5,20016.25,19957.5,19999.5,44378
2024-07-22T14:00:00,20000.0,20044.75,19992.5,20011.0,37732
2024-07-22T15:00:00,20011.25,20032.5,19979.25,19998.75,66400
2024-07-23T10:00:00,20006.5,20047.75,19927.5,19972.75,107177
2024-07-23T11:00:00,19982.5,20084.75,19979.5,20034.0,72473
2024-07-23T12:00:00,20034.75,20040.75,19926.5,19949.25,64424
2024-07-23T13:00:00,19949.25,19988.0,19915.75,19979.75,46199
2024-07-23T14:00:00,19979.0,19997.0,19946.5,19975.5,38770
2024-07-23T15:00:00,19976.0,19995.75,19904.0,19925.0,57475
2024-07-24T10:00:00,19510.5,19523.75,19411.75,19424.25,113695
2024-07-24T11:00:00,19434.0,19443.5,19357.25,19359.25,85084
2024-07-24T12:00:00,19359.5,19367.5,19308.5,19321.5,73426
2024-07-24T13:00:00,19321.25,19380.5,19310.75,19320.0,61598
2024-07-24T14:00:00,19320.0,19330.75,19224.0,19248.5,75088
2024-07-24T15:00:00,19248.0,19307.5,19169.0,19205.75,125108
2024-07-25T10:00:00,19031.25,19217.0,18883.25,19214.75,184743
2024-07-25T11:00:00,19214.5,19279.75,19142.5,19235.0,106039
2024-07-25T12:00:00,19234.75,19361.25,19190.75,19334.0,91845
2024-07-25T13:00:00,19334.5,19390.5,19245.0,19289.5,67053
2024-07-25T14:00:00,19289.25,19294.25,19110.0,19128.25,69181
2024-07-25T15:00:00,19127.5,19244.5,18982.0,18991.75,104901
2024-07-26T10:00:00,19130.0,19192.25,19040.25,19128.0,120295
2024-07-26T11:00:00,19127.75,19194.25,19090.5,19184.5,72386
2024-07-26T12:00:00,19185.25,19289.5,19177.25,19276.75,63763
2024-07-26T13:00:00,19277.0,19297.75,19148.5,19194.25,73318
2024-07-26T14:00:00,19195.25,19221.75,19117.75,19130.0,49646
2024-07-26T15:00:00,19129.75,19191.25,19104.25,19176.75,90221
2024-07-29T10:00:00,19358.25,19377.0,19218.5,19221.75,98837
2024-07-29T11:00:00,19222.0,19271.25,19113.25,19260.75,84049
2024-07-29T12:00:00,19261.0,19342.5,19260.5,19308.5,63407
2024-07-29T13:00:00,19308.25,19348.75,19245.0,19255.0,46591
2024-07-29T14:00:00,19255.0,19257.5,19186.0,19220.0,44570
2024-07-29T15:00:00,19220.5,19267.5,19198.75,19209.0,51058
2024-07-30T10:00:00,19225.5,19245.0,19097.25,19108.0,114361
2024-07-30T11:00:00,19106.5,19116.25,18926.0,18929.25,110643
2024-07-30T12:00:00,18929.75,18973.25,18810.75,18816.25,77211
2024-07-30T13:00:00,18816.5,18950.0,18803.0,18937.25,76117
2024-07-30T14:00:00,18936.75,18999.5,18922.5,18952.5,61220
2024-07-30T15:00:00,18953.0,19016.25,18903.75,18939.0,86580
2024-07-31T10:00:00,19391.0,19494.0,19371.75,19451.75,107766
2024-07-31T11:00:00,19452.5,19515.75,19442.0,19471.75,61439
2024-07-31T12:00:00,19471.5,19491.0,19424.5,19428.75,38936
2024-07-31T13:00:00,19429.25,19479.75,19344.75,19426.75,47641
2024-07-31T14:00:00,19431.5,19570.25,19385.0,19554.25,69728
2024-07-31T15:00:00,19554.25,19573.25,19416.25,19496.75,117747
2024-08-01T10:00:00,19641.25,19667.25,19329.5,19342.5,138558
2024-08-01T11:00:00,19342.25,19357.25,19146.25,19162.0,113085
2024-08-01T12:00:00,19162.5,19236.25,19074.5,19090.25,82826
2024-08-01T13:00:00,19091.0,19108.25,18911.5,19018.75,82860
2024-08-01T14:00:00,19019.0,19034.25,18868.25,18891.0,76542
2024-08-01T15:00:00,18891.5,19064.25,18883.0,19028.25,107626
2024-08-02T10:00:00,18577.0,18620.5,18386.0,18425.25,141678
2024-08-02T11:00:00,18425.75,18630.0,18404.75,18594.25,100348
2024-08-02T12:00:00,18593.5,18633.0,18482.25,18508.0,75859
2024-08-02T13:00:00,18507.75,18559.25,18445.0,18492.0,52702
2024-08-02T14:00:00,18492.25,18588.25,18452.0,18501.0,53574
2024-08-02T15:00:00,18500.25,18580.5,18461.25,18561.0,81834
2024-08-05T10:00:00,17889.25,18112.5,17851.0,17943.5,135327
2024-08-05T11:00:00,17943.75,18189.25,17888.25,18105.5,87581
2024-08-05T12:00:00,18105.5,18289.0,18020.0,18040.0,64637
2024-08-05T13:00:00,18042.25,18168.25,18021.5,18077.5,45993
2024-08-05T14:00:00,18079.5,18088.5,17892.5,17907.25,55808
2024-08-05T15:00:00,17907.0,18033.5,17907.0,18020.75,90659
2024-08-06T10:00:00,18142.25,18340.75,18102.25,18300.5,113438
2024-08-06T11:00:00,18301.75,18349.75,18182.0,18341.25,73780
2024-08-06T12:00:00,18342.25,18446.75,18316.25,18426.25,48594
2024-08-06T13:00:00,18427.25,18449.5,18379.25,18419.25,43156
2024-08-06T14:00:00,18420.0,18483.25,18385.0,18386.75,40829
2024-08-06T15:00:00,18386.75,18392.75,18164.75,18172.0,97004
2024-08-07T10:00:00,18520.25,18556.75,18405.75,18511.25,101024
2024-08-07T11:00:00,18512.0,18548.75,18341.25,18399.0,72046
2024-08-07T12:00:00,18400.75,18404.5,18259.25,18282.75,66110
2024-08-07T13:00:00,18281.75,18298.0,18095.0,18117.75,73694
2024-08-07T14:00:00,18117.75,18134.25,18000.5,18030.0,72075
2024-08-07T15:00:00,18030.25,18147.0,17951.75,17971.5,86312
2024-08-08T10:00:00,18209.25,18438.0,18190.0,18415.25,100030
2024-08-08T11:00:00,18382.25,18419.75,18323.25,18403.5,63956
2024-08-08T12:00:00,18403.75,18468.75,18361.0,18406.25,53951
2024-08-08T13:00:00,18407.5,18532.25,18358.0,18514.5,54192
2024-08-08T14:00:00,18514.25,18555.25,18472.25,18492.25,44026
2024-08-08T15:00:00,18493.5,18539.75,18404.25,18519.5,82968
2024-08-09T10:00:00,18432.0,18566.25,18404.5,18526.25,82899
2024-08-09T11:00:00,18525.75,18578.75,18470.0,18479.5,52269
2024-08-09T12:00:00,18480.25,18531.0,18455.5,18529.5,33717
2024-08-09T13:00:00,18529.75,18674.5,18521.5,18608.75,46123
2024-08-09T14:00:00,18610.75,18628.5,18563.25,18595.0,34526
2024-08-09T15:00:00,18594.5,18633.75,18566.75,18609.75,51030
2024-08-12T10:00:00,18541.0,18743.25,18531.25,18727.5,78673
2024-08-12T11:00:00,18728.0,18765.25,18576.25,18720.0,74613
2024-08-12T12:00:00,18719.75,18731.75,18620.75,18622.5,44051
2024-08-12T13:00:00,18622.75,18690.0,18586.0,18618.25,39771
2024-08-12T14:00:00,18618.5,18649.25,18598.0,18647.0,29872
2024-08-12T15:00:00,18647.5,18651.0,18581.5,18644.75,50890
2024-08-13T10:00:00,18899.25,18951.5,18856.0,18941.0,71210
2024-08-13T11:00:00,18941.0,18997.5,18933.5,18980.75,45878
2024-08-13T12:00:00,18981.25,19075.0,18966.0,19073.75,51586
2024-08-13T13:00:00,19073.75,19087.5,19006.5,19057.5,43971
2024-08-13T14:00:00,19058.0,19084.75,19037.5,19082.25,29905
2024-08-13T15:00:00,19082.5,19112.5,19032.25,19101.25,60166
2024-08-14T10:00:00,19029.5,19072.25,18925.5,19066.75,97360
2024-08-14T11:00:00,19067.0,19203.5,19053.5,19196.75,61575
2024-08-14T12:00:00,19196.75,19198.25,19018.0,19071.0,69075
2024-08-14T13:00:00,19070.0,19102.5,19052.25,19071.75,39055
2024-08-14T14:00:00,19071.75,19113.0,19044.5,19110.0,31159
2024-08-14T15:00:00,19109.25,19142.25,19038.25,19107.5,52112
2024-08-15T10:00:00,19461.25,19514.75,19405.5,19481.5,80867
2024-08-15T11:00:00,19481.25,19547.0,19471.5,19525.75,52863
2024-08-15T12:00:00,19526.0,19570.0,19513.25,19537.5,45785
2024-08-15T13:00:00,19538.0,19585.0,19519.75,19583.5,34419
2024-08-15T14:00:00,19584.0,19592.0,19565.25,19583.75,32925
2024-08-15T15:00:00,19584.0,19603.25,19543.0,19587.25,68910
2024-08-16T10:00:00,19494.25,19591.25,19488.25,19519.75,82864
2024-08-16T11:00:00,19520.25,19584.0,19495.0,19575.75,48108
2024-08-16T12:00:00,19575.25,19660.75,19564.25,19651.5,40211
2024-08-16T13:00:00,19652.25,19655.5,19603.5,19628.25,30587
2024-08-16T14:00:00,19628.75,19629.25,19590.5,19622.75,25842
2024-08-16T15:00:00,19623.5,19625.0,19572.25,19603.5,40540
2024-08-19T10:00:00,19588.0,19662.0,19529.0,19654.75,77849
2024-08-19T11:00:00,19655.25,19680.0,19618.25,19638.0,42498
2024-08-19T12:00:00,19639.0,19699.75,19620.25,19692.75,30202
2024-08-19T13:00:00,19692.5,19722.75,19674.0,19721.25,27039
2024-08-19T14:00:00,19721.75,19786.25,19719.0,19769.75,34869
2024-08-19T15:00:00,19769.75,19861.25,19756.0,19860.0,56615
2024-08-20T10:00:00,19918.5,19923.5,19743.0,19785.5,105868
2024-08-20T11:00:00,19786.0,19853.25,19772.75,19852.75,59771
2024-08-20T12:00:00,19852.75,19858.5,19776.0,19777.5,42359
2024-08-20T13:00:00,19778.25,19812.75,19748.25,19809.75,35836
2024-08-20T14:00:00,19810.0,19867.75,19802.25,19851.5,36822
2024-08-20T15:00:00,19851.75,19859.75,19803.5,19811.25,48842
2024-08-21T10:00:00,19879.75,19981.75,19804.0,19833.75,114911
2024-08-21T11:00:00,19834.25,19894.5,19802.5,19824.0,57701
2024-08-21T12:00:00,19824.75,19879.5,19771.5,19870.5,40043
2024-08-21T13:00:00,19871.0,19901.0,19854.5,19893.25,25627
2024-08-21T14:00:00,19895.0,19953.25,19878.25,19905.0,50735
2024-08-21T15:00:00,19904.25,19922.25,19832.75,19906.0,57113
2024-08-22T10:00:00,19977.5,19985.75,19854.5,19878.25,96392
2024-08-22T11:00:00,19878.5,19915.25,19664.0,19711.25,95798
2024-08-22T12:00:00,19711.25,19831.75,19692.0,19707.0,75241
2024-08-22T13:00:00,19707.5,19738.75,19586.5,19607.0,68317
2024-08-22T14:00:00,19607.5,19675.0,19584.0,19610.25,52999
2024-08-22T15:00:00,19610.5,19666.0,19542.0,19584.5,83987
2024-08-23T10:00:00,19754.75,19904.25,19622.5,19720.5,153114
2024-08-23T11:00:00,19720.0,19818.25,19662.5,19717.0,88452
2024-08-23T12:00:00,19717.25,19725.25,19591.75,19681.0,67862
2024-08-23T13:00:00,19680.75,19768.75,19665.75,19732.75,43779
2024-08-23T14:00:00,19732.75,19766.5,19722.5,19738.75,34114
2024-08-23T15:00:00,19738.75,19811.25,19705.75,19789.5,65324
2024-08-26T10:00:00,19722.5,19729.75,19505.5,19601.25,99260
2024-08-26T11:00:00,19600.25,19634.0,19546.25,19555.75,55555
2024-08-26T12:00:00,19556.25,19643.0,19541.75,19619.75,41471
2024-08-26T13:00:00,19620.25,19626.75,19523.75,19536.75,41878
2024-08-26T14:00:00,19537.0,19620.75,19514.0,19615.5,43874
2024-08-26T15:00:00,19615.5,19624.5,19557.5,19593.25,48982
2024-08-27T10:00:00,19542.75,19673.5,19530.5,19669.5,76839
2024-08-27T11:00:00,19669.5,19694.25,19578.0,19610.75,58877
2024-08-27T12:00:00,19610.25,19648.0,19583.25,19625.25,39942
2024-08-27T13:00:00,19625.0,19690.5,19618.0,19686.25,37404
2024-08-27T14:00:00,19686.5,19692.75,19639.5,19655.5,28252
2024-08-27T15:00:00,19656.0,19668.75,19631.0,19651.75,40416
2024-08-28T10:00:00,19558.0,19593.25,19454.5,19454.75,73029
2024-08-28T11:00:00,19454.5,19455.0,19339.25,19426.75,81869
2024-08-28T12:00:00,19426.5,19462.75,19362.25,19453.5,43395
2024-08-28T13:00:00,19452.75,19468.75,19291.25,19296.75,49342
2024-08-28T14:00:00,19297.25,19435.5,19278.5,19430.0,49843
2024-08-28T15:00:00,19429.75,19482.75,19407.25,19421.25,67253
2024-08-29T10:00:00,19643.75,19693.25,19530.75,19642.5,100383
2024-08-29T11:00:00,19640.75,19686.5,19591.5,19632.25,52863
2024-08-29T12:00:00,19632.75,19690.0,19626.0,19652.25,38456
2024-08-29T13:00:00,19652.5,19652.75,19575.75,19633.75,41702
2024-08-29T14:00:00,19633.25,19633.75,19342.0,19400.75,92256
2024-08-29T15:00:00,19401.25,19466.5,19337.0,19393.5,91877
2024-08-30T10:00:00,19593.75,19628.75,19466.75,19468.75,82080
2024-08-30T11:00:00,19469.0,19503.0,19414.25,19461.75,63660
2024-08-30T12:00:00,19461.75,19483.0,19370.5,19463.25,50000
2024-08-30T13:00:00,19463.25,19499.5,19438.25,19446.5,36899
2024-08-30T14:00:00,19447.25,19538.25,19434.0,19524.0,34587
2024-08-30T15:00:00,19524.25,19632.75,19493.25,19610.5,72346
2024-09-03T10:00:00,19366.25,19386.0,19158.0,19162.75,105055
2024-09-03T11:00:00,19162.25,19234.0,19143.0,19148.25,63552
2024-09-03T12:00:00,19148.25,19205.0,19132.25,19139.0,43755
2024-09-03T13:00:00,19139.25,19178.75,19103.25,19108.0,44770
2024-09-03T14:00:00,19108.75,19113.5,19030.5,19045.0,50794
2024-09-03T15:00:00,19044.75,19072.0,18911.0,19012.0,92761
2024-09-04T10:00:00,18973.0,19095.75,18838.25,19091.75,109361
2024-09-04T11:00:00,19091.25,19114.75,18978.0,19008.75,66641
2024-09-04T12:00:00,19008.5,19087.75,18977.0,19065.75,43406
2024-09-04T13:00:00,19065.0,19068.0,18996.5,19005.25,35173
2024-09-04T14:00:00,19005.75,19031.75,18933.25,18937.0,44020
2024-09-04T15:00:00,18937.0,19019.5,18907.75,18957.25,67036
2024-09-05T10:00:00,19051.0,19150.5,18980.5,18983.0,105130
2024-09-05T11:00:00,18983.5,18991.75,18842.0,18860.75,78978
2024-09-05T12:00:00,18861.25,18963.5,18857.0,18932.5,45357
2024-09-05T13:00:00,18933.0,19015.25,18887.0,19012.0,39808
2024-09-05T14:00:00,19012.5,19040.25,18983.0,18989.5,36045
2024-09-05T15:00:00,18989.75,18998.25,18899.25,18975.5,67668
2024-09-06T10:00:00,18745.75,18788.0,18505.0,18533.75,122515
2024-09-06T11:00:00,18533.75,18644.0,18445.75,18462.25,104104
2024-09-06T12:00:00,18461.5,18498.0,18430.25,18450.75,50685
2024-09-06T13:00:00,18450.75,18545.75,18439.5,18477.5,54732
2024-09-06T14:00:00,18478.5,18493.75,18432.25,18481.5,39897
2024-09-06T15:00:00,18480.5,18532.75,18436.25,18458.25,81549
2024-09-09T10:00:00,18687.0,18720.75,18516.5,18517.5,87156
2024-09-09T11:00:00,18517.75,18644.5,18497.25,18644.0,61012
2024-09-09T12:00:00,18644.25,18718.5,18632.0,18710.75,45269
2024-09-09T13:00:00,18711.25,18730.0,18629.75,18639.5,48112
2024-09-09T14:00:00,18639.25,18642.25,18566.75,18603.75,47368
2024-09-09T15:00:00,18604.0,18698.25,18581.0,18688.5,58086
2024-09-10T10:00:00,18762.75,18817.0,18673.25,18728.25,90571
2024-09-10T11:00:00,18728.5,18790.0,18622.0,18623.75,62644
2024-09-10T12:00:00,18623.75,18718.75,18590.0,18688.75,56017
2024-09-10T13:00:00,18688.0,18795.5,18684.25,18787.25,43783
2024-09-10T14:00:00,18787.25,18847.5,18787.25,18823.0,41405
2024-09-10T15:00:00,18823.0,18878.5,18818.5,18855.75,52665
2024-09-11T10:00:00,18791.5,18816.5,18547.0,18604.75,114508
2024-09-11T11:00:00,18604.25,18819.0,18569.5,18789.75,94069
2024-09-11T12:00:00,18789.0,18940.25,18784.0,18912.75,72414
2024-09-11T13:00:00,18912.25,19070.25,18908.0,19040.25,64061
2024-09-11T14:00:00,19040.0,19180.0,19031.5,19127.75,67841
2024-09-11T15:00:00,19127.75,19293.5,19097.75,19254.75,85813
2024-09-12T10:00:00,19257.5,19366.25,19221.5,19280.0,98479
2024-09-12T11:00:00,19280.25,19388.75,19246.25,19265.75,66573
2024-09-12T12:00:00,19265.25,19385.0,19258.0,19381.5,44444
2024-09-12T13:00:00,19381.0,19469.25,19370.25,19466.0,46277
2024-09-12T14:00:00,19466.25,19483.5,19356.75,19454.0,53647
2024-09-12T15:00:00,19453.75,19464.25,19410.75,19451.0,54467
2024-09-13T10:00:00,19466.0,19534.25,19413.25,19512.5,95272
2024-09-13T11:00:00,19512.25,19544.0,19498.75,19535.5,46438
2024-09-13T12:00:00,19535.0,19561.0,19478.0,19542.5,49712
2024-09-13T13:00:00,19542.25,19577.0,19536.0,19560.75,36092
2024-09-13T14:00:00,19561.0,19573.25,19496.5,19513.25,47404
2024-09-13T15:00:00,19513.25,19552.0,19492.0,19527.5,49797
2024-09-16T10:00:00,19428.75,19461.75,19299.5,19340.25,66009
2024-09-16T11:00:00,19339.5,19411.0,19303.0,19367.75,37950
2024-09-16T12:00:00,19367.75,19389.0,19312.0,19386.75,33907
2024-09-16T13:00:00,19387.25,19437.0,19358.0,19428.25,25755
2024-09-16T14:00:00,19429.0,19440.75,19394.75,19433.75,23310
2024-09-16T15:00:00,19434.5,19453.0,19404.75,19437.75,28500
2024-09-17T10:00:00,19527.0,19615.5,19506.5,19536.0,38508
2024-09-17T11:00:00,19536.5,19580.25,19505.75,19538.75,22756
2024-09-17T12:00:00,19539.5,19549.25,19364.25,19402.5,34409
2024-09-17T13:00:00,19401.5,19459.5,19341.0,19427.0,23424
2024-09-17T14:00:00,19427.0,19446.5,19374.0,19404.0,24787
2024-09-17T15:00:00,19402.5,19447.75,19394.5,19444.5,20348
2024-09-18T10:00:00,19472.75,19488.0,19411.25,19454.25,15090
2024-09-18T11:00:00,19455.75,19472.75,19352.5,19362.5,10260
2024-09-18T12:00:00,19360.75,19476.75,19350.0,19471.0,10499
2024-09-18T13:00:00,19471.5,19494.25,19438.0,19460.75,8060
2024-09-18T14:00:00,19443.25,19660.0,19401.0,19491.5,20836
2024-09-18T15:00:00,19489.0,19540.25,19331.0,19350.25,25230
2024-09-19T10:00:00,19772.25,19921.75,19765.0,19827.25,16688
2024-09-19T11:00:00,19828.0,19918.0,19813.75,19864.0,9915
2024-09-19T12:00:00,19864.0,19937.25,19858.25,19921.5,5900
2024-09-19T13:00:00,19920.5,19966.25,19902.25,19957.0,6956
2024-09-19T14:00:00,19956.25,19965.75,19871.5,19911.75,8855
2024-09-19T15:00:00,19911.75,19920.0,19827.75,19844.0,10940
2024-09-23T10:00:00,20066.5,20126.75,20044.0,20097.0,67636
2024-09-23T11:00:00,20097.0,20125.75,20047.25,20105.25,46743
2024-09-23T12:00:00,20105.25,20108.0,20035.25,20046.25,40193
2024-09-23T13:00:00,20045.5,20078.5,20018.75,20073.5,29646
2024-09-23T14:00:00,20073.25,20085.75,20056.75,20081.25,22999
2024-09-23T15:00:00,20081.0,20089.25,20054.0,20076.5,36842
2024-09-24T10:00:00,20091.25,20092.75,19953.0,20074.0,97442
2024-09-24T11:00:00,20074.0,20214.75,20068.75,20187.0,71619
2024-09-24T12:00:00,20187.5,20214.25,20160.25,20162.0,40017
2024-09-24T13:00:00,20162.5,20193.5,20151.0,20165.5,28453
2024-09-24T14:00:00,20165.25,20175.75,20109.0,20147.75,34926
2024-09-24T15:00:00,20147.25,20174.25,20138.75,20170.0,38411
2024-09-25T10:00:00,20231.5,20271.0,20205.0,20230.0,64194
2024-09-25T11:00:00,20229.5,20245.5,20179.0,20206.75,51027
2024-09-25T12:00:00,20206.25,20216.0,20169.75,20178.5,33333
2024-09-25T13:00:00,20178.75,20203.0,20135.75,20200.75,43694
2024-09-25T14:00:00,20199.5,20206.5,20145.5,20190.0,29650
2024-09-25T15:00:00,20190.25,20200.0,20173.75,20194.75,33414
2024-09-26T10:00:00,20428.25,20437.0,20205.75,20214.5,93396
2024-09-26T11:00:00,20214.5,20324.5,20188.0,20321.5,68320
2024-09-26T12:00:00,20321.5,20321.75,20228.0,20252.25,38555
2024-09-26T13:00:00,20251.75,20290.5,20189.0,20274.25,40971
2024-09-26T14:00:00,20274.0,20350.25,20274.0,20339.25,37820
2024-09-26T15:00:00,20339.0,20362.5,20321.5,20341.5,40913
2024-09-27T10:00:00,20328.25,20376.5,20272.5,20307.5,66804
2024-09-27T11:00:00,20308.5,20312.25,20231.5,20235.5,48563
2024-09-27T12:00:00,20235.75,20268.5,20210.0,20261.5,36734
2024-09-27T13:00:00,20262.25,20284.75,20218.25,20280.25,32375
2024-09-27T14:00:00,20279.75,20293.0,20173.25,20248.5,47741
2024-09-27T15:00:00,20248.25,20255.0,20211.25,20223.5,42280
2024-09-30T10:00:00,20204.75,20221.25,20127.5,20179.75,64598
2024-09-30T11:00:00,20180.0,20234.75,20167.25,20207.75,45696
2024-09-30T12:00:00,20206.75,20254.5,20204.5,20212.0,32717
2024-09-30T13:00:00,20212.5,20218.0,20169.0,20205.5,37808
2024-09-30T14:00:00,20206.25,20212.0,20056.0,20147.25,81607
2024-09-30T15:00:00,20147.75,20286.75,20119.0,20271.0,83581
2024-10-01T10:00:00,20044.5,20078.25,19866.25,19923.75,113690
2024-10-01T11:00:00,19923.5,19976.5,19818.0,19923.0,88813
2024-10-01T12:00:00,19923.25,19996.0,19855.0,19934.5,74969
2024-10-01T13:00:00,19935.0,20001.0,19844.5,19999.25,68313
2024-10-01T14:00:00,19998.75,20081.25,19996.5,20054.25,59633
2024-10-01T15:00:00,20054.5,20064.25,19953.25,19978.75,57709
2024-10-02T10:00:00,19916.0,20056.75,19905.5,19996.5,85536
2024-10-02T11:00:00,19996.75,20090.25,19991.25,20060.75,54262
2024-10-02T12:00:00,20061.25,20084.75,19977.75,19980.5,38677
2024-10-02T13:00:00,19980.0,20048.5,19968.5,20045.25,41444
2024-10-02T14:00:00,20044.25,20058.25,19985.75,20024.75,32916
2024-10-02T15:00:00,20024.75,20058.0,20004.75,20009.25,40971
2024-10-03T10:00:00,20024.25,20113.5,19912.5,19940.0,130008
2024-10-03T11:00:00,19940.75,20059.5,19932.75,20040.25,55341
2024-10-03T12:00:00,20039.75,20051.75,19901.75,19920.0,49569
2024-10-03T13:00:00,19920.75,19988.75,19879.0,19962.75,49557
2024-10-03T14:00:00,19963.0,19975.75,19924.75,19942.75,27502
2024-10-03T15:00:00,19942.75,20006.75,19913.75,19988.0,45969
2024-10-04T10:00:00,20086.5,20129.25,20013.25,20126.75,103709
2024-10-04T11:00:00,20126.0,20160.5,20034.25,20141.5,72402
2024-10-04T12:00:00,20141.5,20182.25,20081.5,20154.0,49798
2024-10-04T13:00:00,20154.0,20171.0,20083.75,20115.5,39217
2024-10-04T14:00:00,20115.75,20171.5,20093.5,20170.25,33512
2024-10-04T15:00:00,20170.25,20245.5,20154.75,20227.0,50715
2024-10-07T10:00:00,20110.5,20187.25,20104.25,20165.0,60537
2024-10-07T11:00:00,20166.0,20176.0,20119.0,20150.25,36812
2024-10-07T12:00:00,20150.75,20168.0,20107.75,20136.25,32210
2024-10-07T13:00:00,20136.25,20163.25,20113.25,20148.75,24827
2024-10-07T14:00:00,20148.5,20152.75,19961.0,19969.25,65217
2024-10-07T15:00:00,19969.5,20028.25,19948.0,19998.75,64857
2024-10-08T10:00:00,20155.75,20273.75,20155.25,20239.0,81168
2024-10-08T11:00:00,20240.25,20261.75,20211.5,20257.75,37012
2024-10-08T12:00:00,20257.25,20257.25,20200.0,20232.75,29419
2024-10-08T13:00:00,20232.75,20238.25,20164.75,20232.0,37910
2024-10-08T14:00:00,20232.0,20282.75,20223.0,20274.0,29542
2024-10-08T15:00:00,20273.75,20329.5,20255.25,20300.0,53587
2024-10-09T10:00:00,20265.5,20363.75,20263.25,20361.25,67785
2024-10-09T11:00:00,20361.75,20448.25,20360.75,20445.5,49698
2024-10-09T12:00:00,20446.0,20447.25,20368.0,20395.5,43006
2024-10-09T13:00:00,20395.25,20429.25,20355.0,20398.75,32262
2024-10-09T14:00:00,20399.75,20461.75,20389.0,20433.5,35951
2024-10-09T15:00:00,20433.25,20482.75,20405.25,20458.5,50279
2024-10-10T10:00:00,20357.5,20420.0,20353.75,20382.25,64090
2024-10-10T11:00:00,20382.25,20477.5,20363.0,20475.25,43831
2024-10-10T12:00:00,20475.0,20508.25,20416.75,20438.75,53987
2024-10-10T13:00:00,20439.25,20473.25,20378.5,20445.75,47428
2024-10-10T14:00:00,20445.75,20446.5,20372.5,20419.25,33386
2024-10-10T15:00:00,20419.0,20443.5,20388.75,20429.5,44177
2024-10-11T10:00:00,20358.5,20481.0,20325.75,20428.25,85449
2024-10-11T11:00:00,20428.0,20472.0,20405.75,20469.25,39181
2024-10-11T12:00:00,20469.25,20471.25,20404.5,20440.25,32998
2024-10-11T13:00:00,20440.25,20452.0,20417.25,20436.75,21939
2024-10-11T14:00:00,20436.75,20476.0,20425.0,20467.5,25765
2024-10-11T15:00:00,20467.0,20494.25,20446.25,20449.75,40436
2024-10-14T10:00:00,20671.75,20680.0,20551.0,20563.0,69041
2024-10-14T11:00:00,20563.25,20586.75,20525.0,20584.25,55134
2024-10-14T12:00:00,20584.0,20618.5,20578.0,20604.25,27902
2024-10-14T13:00:00,20604.5,20624.0,20594.25,20607.75,21853
2024-10-14T14:00:00,20608.0,20642.0,20596.5,20626.25,26139
2024-10-14T15:00:00,20626.25,20666.75,20613.0,20621.25,49572
2024-10-15T10:00:00,20629.0,20648.0,20331.25,20399.5,133682
2024-10-15T11:00:00,20399.75,20448.0,20345.5,20350.5,66575
2024-10-15T12:00:00,20350.5,20416.5,20337.75,20376.5,38786
2024-10-15T13:00:00,20376.0,20389.25,20334.25,20358.75,36746
2024-10-15T14:00:00,20359.25,20389.0,20323.25,20330.25,31988
2024-10-15T15:00:00,20330.25,20350.25,20254.0,20343.5,75284
2024-10-16T10:00:00,20224.25,20349.25,20206.25,20273.5,83743
2024-10-16T11:00:00,20273.75,20329.5,20266.0,20275.0,43943
2024-10-16T12:00:00,20274.75,20337.75,20270.0,20335.25,30404
2024-10-16T13:00:00,20335.5,20348.75,20303.25,20337.25,29563
2024-10-16T14:00:00,20337.0,20379.25,20318.0,20362.0,32492
2024-10-16T15:00:00,20362.0,20370.25,20331.25,20347.0,40109
2024-10-17T10:00:00,20434.25,20464.25,20366.5,20399.75,89235
2024-10-17T11:00:00,20400.0,20511.0,20369.0,20508.5,50123
2024-10-17T12:00:00,20508.0,20528.75,20447.0,20467.5,40291
2024-10-17T13:00:00,20467.25,20501.25,20459.25,20477.5,26384
2024-10-17T14:00:00,20477.5,20484.0,20365.75,20431.75,59505
2024-10-17T15:00:00,20431.75,20436.0,20354.0,20363.5,54896
2024-10-18T10:00:00,20476.25,20523.25,20452.0,20457.75,58938
2024-10-18T11:00:00,20457.25,20529.75,20455.75,20469.0,49257
2024-10-18T12:00:00,20469.0,20521.5,20442.0,20496.25,36440
2024-10-18T13:00:00,20496.5,20523.75,20479.25,20485.5,30382
2024-10-18T14:00:00,20485.75,20508.75,20451.75,20492.25,24954
2024-10-18T15:00:00,20492.25,20496.0,20457.25,20482.5,36346
2024-10-21T10:00:00,20493.5,20554.5,20382.0,20427.75,95338
2024-10-21T11:00:00,20428.0,20465.0,20345.0,20456.25,77541
2024-10-21T12:00:00,20455.5,20477.0,20426.0,20470.75,34770
2024-10-21T13:00:00,20471.0,20497.25,20455.25,20491.75,28693
2024-10-21T14:00:00,20492.0,20496.5,20451.25,20457.75,25332
2024-10-21T15:00:00,20458.25,20523.0,20446.0,20520.25,45950
2024-10-22T10:00:00,20461.0,20520.0,20439.75,20492.25,75155
2024-10-22T11:00:00,20493.25,20511.75,20455.5,20473.25,39958
2024-10-22T12:00:00,20473.0,20505.0,20425.25,20499.0,45915
2024-10-22T13:00:00,20499.0,20576.5,20480.25,20574.5,45349
2024-10-22T14:00:00,20574.75,20602.25,20513.0,20521.25,41270
2024-10-22T15:00:00,20521.0,20572.25,20516.0,20540.0,42280
2024-10-23T10:00:00,20433.0,20457.75,20346.0,20392.0,100589
2024-10-23T11:00:00,20393.0,20418.25,20303.0,20358.5,78589
2024-10-23T12:00:00,20357.75,20357.75,20232.5,20248.5,64220
2024-10-23T13:00:00,20248.75,20248.75,20121.25,20126.25,67653
2024-10-23T14:00:00,20125.5,20189.25,20079.0,20177.5,64949
2024-10-23T15:00:00,20177.25,20231.25,20143.0,20218.5,70821
2024-10-24T10:00:00,20337.25,20378.25,20306.0,20316.5,77399
2024-10-24T11:00:00,20316.75,20367.75,20264.0,20327.5,56753
2024-10-24T12:00:00,20328.25,20365.5,20261.75,20357.25,51326
2024-10-24T13:00:00,20357.5,20389.0,20341.0,20344.5,35267
2024-10-24T14:00:00,20345.5,20383.5,20327.25,20368.5,30215
2024-10-24T15:00:00,20368.0,20408.5,20344.0,20380.0,49338
2024-10-25T10:00:00,20649.25,20707.25,20621.0,20656.0,99407
2024-10-25T11:00:00,20656.0,20675.75,20603.25,20620.25,63738
2024-10-25T12:00:00,20620.25,20664.75,20608.75,20639.0,37283
2024-10-25T13:00:00,20639.5,20642.25,20483.5,20510.5,82669
2024-10-25T14:00:00,20510.75,20562.0,20460.0,20543.0,61952
2024-10-25T15:00:00,20543.5,20544.5,20482.25,20494.75,55042
2024-10-28T10:00:00,20555.5,20618.0,20552.5,20575.25,63567
2024-10-28T11:00:00,20575.25,20579.75,20520.5,20528.0,49936
2024-10-28T12:00:00,20526.75,20571.5,20516.5,20530.25,36189
2024-10-28T13:00:00,20530.25,20560.25,20506.75,20555.5,30985
2024-10-28T14:00:00,20555.5,20560.0,20504.5,20523.25,33510
2024-10-28T15:00:00,20523.5,20539.25,20486.0,20500.25,44680
2024-10-29T10:00:00,20515.0,20604.0,20494.75,20599.75,80006
2024-10-29T11:00:00,20599.5,20623.25,20571.0,20621.5,51376
2024-10-29T12:00:00,20622.0,20658.25,20585.25,20648.75,50777
2024-10-29T13:00:00,20648.25,20688.0,20647.5,20672.0,43788
2024-10-29T14:00:00,20672.25,20714.5,20660.0,20695.25,33425
2024-10-29T15:00:00,20694.75,20746.5,20681.75,20695.0,62742
2024-10-30T10:00:00,20631.5,20699.5,20629.0,20650.5,71658
2024-10-30T11:00:00,20649.5,20685.75,20607.75,20672.0,53751
2024-10-30T12:00:00,20671.5,20682.75,20636.5,20644.75,34061
2024-10-30T13:00:00,20644.5,20653.75,20558.0,20576.5,44950
2024-10-30T14:00:00,20576.0,20622.25,20575.25,20604.75,31925
2024-10-30T15:00:00,20604.75,20605.0,20514.75,20534.5,60649
2024-10-31T10:00:00,20166.0,20201.25,20070.25,20088.25,108384
2024-10-31T11:00:00,20087.75,20115.5,20023.25,20060.75,83558
2024-10-31T12:00:00,20068.5,20105.75,20049.5,20086.5,46393
2024-10-31T13:00:00,20086.75,20115.0,20025.5,20035.5,46097
2024-10-31T14:00:00,20036.25,20055.75,20009.25,20048.25,50394
2024-10-31T15:00:00,20048.5,20132.0,20009.25,20012.75,87045
2024-11-01T10:00:00,20171.75,20277.0,20132.25,20235.0,105300
2024-11-01T11:00:00,20235.5,20288.0,20208.25,20221.75,64575
2024-11-01T12:00:00,20222.25,20253.75,20191.25,20210.75,41356
2024-11-01T13:00:00,20211.0,20252.75,20155.25,20157.25,57850
2024-11-01T14:00:00,20157.75,20179.75,20127.75,20166.25,38208
2024-11-01T15:00:00,20166.25,20202.25,20122.75,20147.0,60949
2024-11-04T10:00:00,20131.25,20209.75,20119.5,20185.75,68722
2024-11-04T11:00:00,20186.0,20226.75,20052.75,20077.0,65665
2024-11-04T12:00:00,20077.25,20146.75,20028.75,20128.25,53105
2024-11-04T13:00:00,20128.5,20175.75,20084.25,20148.5,45996
2024-11-04T14:00:00,20148.75,20169.0,20122.5,20135.75,26881
2024-11-04T15:00:00,20136.25,20141.75,20070.25,20085.25,54681
2024-11-05T10:00:00,20289.75,20321.25,20241.0,20257.0,75159
2024-11-05T11:00:00,20257.25,20347.75,20232.5,20340.5,53208
2024-11-05T12:00:00,20340.75,20372.75,20327.5,20351.25,35313
2024-11-05T13:00:00,20351.5,20368.5,20286.5,20308.75,37935
2024-11-05T14:00:00,20308.5,20335.0,20280.5,20294.5,33246
2024-11-05T15:00:00,20294.0,20349.75,20281.5,20341.75,50601
2024-11-06T10:00:00,20676.0,20822.0,20666.0,20724.25,96773
2024-11-06T11:00:00,20724.25,20809.0,20692.5,20798.25,55089
2024-11-06T12:00:00,20798.25,20826.0,20778.25,20817.75,34598
2024-11-06T13:00:00,20817.5,20877.0,20810.25,20861.0,38069
2024-11-06T14:00:00,20861.5,20895.25,20848.75,20890.0,34300
2024-11-06T15:00:00,20890.25,20931.0,20878.0,20894.75,64829
2024-11-07T10:00:00,21109.0,21167.25,21086.5,21160.75,68965
2024-11-07T11:00:00,21160.75,21199.0,21124.25,21194.0,47195
2024-11-07T12:00:00,21194.5,21197.5,21158.75,21194.25,32404
2024-11-07T13:00:00,21194.75,21196.25,21151.25,21180.0,29017
2024-11-07T14:00:00,21180.0,21233.0,21159.25,21233.0,47323
2024-11-07T15:00:00,21233.0,21253.0,21204.5,21221.75,63985
2024-11-08T10:00:00,21208.5,21226.5,21161.25,21197.5,65193
2024-11-08T11:00:00,21197.75,21236.5,21171.0,21219.0,41325
2024-11-08T12:00:00,21219.5,21228.75,21196.5,21217.75,30381
2024-11-08T13:00:00,21217.75,21265.0,21214.25,21250.25,35597
2024-11-08T14:00:00,21250.25,21264.75,21233.75,21234.75,24392
2024-11-08T15:00:00,21234.25,21238.75,21208.0,21234.0,48509
2024-11-11T10:00:00,21172.0,21244.25,21156.25,21223.25,74739
2024-11-11T11:00:00,21223.25,21232.5,21190.5,21203.0,38478
2024-11-11T12:00:00,21203.25,21213.0,21157.0,21158.0,37525
2024-11-11T13:00:00,21157.75,21197.75,21098.25,21179.75,57516
2024-11-11T14:00:00,21180.0,21183.0,21156.25,21175.5,26000
2024-11-11T15:00:00,21175.25,21223.5,21169.5,21219.75,47659
2024-11-12T10:00:00,21234.75,21241.5,21178.25,21185.25,74904
2024-11-12T11:00:00,21183.75,21205.5,21143.75,21154.75,59788
2024-11-12T12:00:00,21154.5,21170.75,21065.25,21066.25,51045
2024-11-12T13:00:00,21066.5,21198.0,21054.75,21182.0,59030
2024-11-12T14:00:00,21181.5,21210.5,21176.0,21188.5,34972
2024-11-12T15:00:00,21188.5,21206.5,21167.0,21185.0,51184
2024-11-13T10:00:00,21140.75,21141.5,21056.5,21115.5,86711
2024-11-13T11:00:00,21116.0,21176.5,21090.5,21165.5,60694
2024-11-13T12:00:00,21165.25,21233.0,21157.75,21228.5,49312
2024-11-13T13:00:00,21228.5,21268.5,21209.0,21257.25,39948
2024-11-13T14:00:00,21257.75,21258.25,21168.25,21182.75,55257
2024-11-13T15:00:00,21182.5,21220.0,21124.0,21159.5,65400
2024-11-14T10:00:00,21091.75,21138.0,21040.5,21091.0,76141
2024-11-14T11:00:00,21090.5,21140.25,21086.5,21101.25,45713
2024-11-14T12:00:00,21101.75,21111.75,21016.75,21083.0,63133
2024-11-14T13:00:00,21083.25,21120.75,21021.5,21027.5,43250
2024-11-14T14:00:00,21026.75,21090.25,21024.25,21069.25,45326
2024-11-14T15:00:00,21069.5,21069.5,20971.25,21008.75,94640
2024-11-15T10:00:00,20690.25,20697.5,20542.75,20561.25,116065
2024-11-15T11:00:00,20561.5,20590.75,20481.0,20495.5,82465
2024-11-15T12:00:00,20495.75,20513.25,20446.5,20484.0,61623
2024-11-15T13:00:00,20483.5,20491.5,20405.25,20429.0,54945
2024-11-15T14:00:00,20429.25,20493.75,20419.5,20460.75,52783
2024-11-15T15:00:00,20460.25,20513.5,20452.25,20491.75,83658
2024-11-18T10:00:00,20531.25,20695.75,20521.75,20680.75,78500
2024-11-18T11:00:00,20680.75,20724.25,20639.25,20662.25,58744
2024-11-18T12:00:00,20662.5,20671.25,20616.75,20661.25,42480
2024-11-18T13:00:00,20661.25,20668.75,20595.75,20660.0,40805
2024-11-18T14:00:00,20660.0,20660.5,20589.5,20638.75,41275
2024-11-18T15:00:00,20638.5,20653.5,20611.0,20631.5,48854
2024-11-19T10:00:00,20553.75,20657.25,20524.5,20636.75,71746
2024-11-19T11:00:00,20637.0,20700.75,20636.5,20669.5,52892
2024-11-19T12:00:00,20669.75,20709.0,20643.25,20689.25,37458
2024-11-19T13:00:00,20691.25,20792.5,20681.25,20784.75,42911
2024-11-19T14:00:00,20784.75,20792.0,20709.25,20739.75,48315
2024-11-19T15:00:00,20739.25,20779.75,20726.75,20765.25,49325
2024-11-20T10:00:00,20614.0,20645.0,20477.25,20627.0,119731
2024-11-20T11:00:00,20627.25,20709.0,20548.0,20689.0,81803
2024-11-20T12:00:00,20688.5,20708.0,20580.0,20607.25,54031
2024-11-20T13:00:00,20608.0,20632.0,20556.5,20589.75,39096
2024-11-20T14:00:00,20589.0,20627.25,20558.0,20609.0,34161
2024-11-20T15:00:00,20609.0,20764.5,20594.5,20751.25,69171
2024-11-21T10:00:00,20668.75,20716.0,20514.25,20708.5,136362
2024-11-21T11:00:00,20708.75,20791.25,20688.0,20732.25,71118
2024-11-21T12:00:00,20732.75,20857.0,20697.5,20819.5,55408
2024-11-21T13:00:00,20819.5,20866.0,20811.75,20857.0,41003
2024-11-21T14:00:00,20856.5,20869.25,20792.25,20848.25,41174
2024-11-21T15:00:00,20848.0,20878.75,20819.25,20823.25,49689
2024-11-22T10:00:00,20853.0,20855.5,20722.25,20842.0,100504
2024-11-22T11:00:00,20842.75,20847.5,20743.25,20813.0,69987
2024-11-22T12:00:00,20813.75,20864.75,20797.5,20854.75,45088
2024-11-22T13:00:00,20854.75,20880.0,20825.5,20846.75,37100
2024-11-22T14:00:00,20847.25,20854.25,20795.5,20846.75,31029
2024-11-22T15:00:00,20847.0,20868.5,20801.75,20847.25,52562
2024-11-25T10:00:00,20944.25,20957.0,20869.5,20895.0,97953
2024-11-25T11:00:00,20895.5,20961.5,20887.0,20905.0,51790
2024-11-25T12:00:00,20904.75,20910.25,20780.25,20851.25,68837
2024-11-25T13:00:00,20851.5,20890.0,20842.25,20851.5,39074
2024-11-25T14:00:00,20851.5,20879.5,20825.5,20861.5,31237
2024-11-25T15:00:00,20861.5,20886.5,20835.75,20878.25,46675
2024-11-26T10:00:00,20974.0,20997.0,20919.5,20950.25,80984
2024-11-26T11:00:00,20950.0,20983.75,20923.5,20965.25,54043
2024-11-26T12:00:00,20965.25,20984.25,20926.75,20981.25,34501
2024-11-26T13:00:00,20981.0,20981.25,20943.75,20969.0,26139
2024-11-26T14:00:00,20968.25,20981.5,20903.75,20932.5,46613
2024-11-26T15:00:00,20932.0,21008.75,20927.0,20989.5,54422
2024-11-27T10:00:00,20860.5,20861.5,20729.75,20743.5,101434
2024-11-27T11:00:00,20743.5,20762.0,20694.75,20716.5,69457
2024-11-27T12:00:00,20716.0,20746.0,20675.0,20743.0,45327
2024-11-27T13:00:00,20742.5,20818.5,20735.5,20810.25,45703
2024-11-27T14:00:00,20810.5,20826.25,20790.25,20804.0,35875
2024-11-27T15:00:00,20804.25,20829.75,20769.25,20816.5,55963
2024-11-29T09:30:00,20828.75,20919.25,20805.5,20915.75,51848
2024-11-29T10:30:00,20915.5,20981.75,20905.5,20954.0,65418
2024-11-29T11:30:00,20954.5,21006.5,20954.5,20996.5,44590
2024-11-29T12:30:00,20996.5,21017.5,20979.5,20990.5,48580
2024-12-02T10:00:00,21153.0,21199.0,21141.0,21156.25,82458
2024-12-02T11:00:00,21156.25,21238.75,21152.5,21229.5,54390
2024-12-02T12:00:00,21229.5,21259.75,21225.25,21228.0,39291
2024-12-02T13:00:00,21227.75,21233.5,21194.5,21212.75,33404
2024-12-02T14:00:00,21212.5,21220.5,21176.25,21219.5,34464
2024-12-02T15:00:00,21219.5,21241.0,21202.25,21217.0,53893
2024-12-03T10:00:00,21203.0,21234.0,21164.5,21207.0,79220
2024-12-03T11:00:00,21207.25,21262.75,21196.5,21205.75,64867
2024-12-03T12:00:00,21206.25,21243.0,21190.0,21242.25,34624
2024-12-03T13:00:00,21242.5,21246.5,21213.0,21232.0,29324
2024-12-03T14:00:00,21232.5,21262.0,21223.75,21255.0,29719
2024-12-03T15:00:00,21254.75,21289.5,21239.0,21279.0,46654
2024-12-04T10:00:00,21416.0,21491.75,21391.5,21483.0,85304
2024-12-04T11:00:00,21483.0,21496.75,21448.25,21473.25,44061
2024-12-04T12:00:00,21472.75,21492.0,21455.5,21481.0,34325
2024-12-04T13:00:00,21480.75,21494.0,21439.5,21471.75,36820
2024-12-04T14:00:00,21472.0,21518.5,21463.25,21512.25,40997
2024-12-04T15:00:00,21512.0,21548.5,21507.0,21537.0,51697
2024-12-05T10:00:00,21511.0,21536.75,21487.75,21502.5,68455
2024-12-05T11:00:00,21502.5,21539.75,21497.5,21531.0,36215
2024-12-05T12:00:00,21530.5,21567.25,21524.0,21560.0,32677
2024-12-05T13:00:00,21560.25,21560.75,21481.5,21493.25,52729
2024-12-05T14:00:00,21493.75,21517.0,21474.0,21493.75,36655
2024-12-05T15:00:00,21493.25,21511.0,21459.0,21475.25,56968
2024-12-06T10:00:00,21607.0,21645.25,21593.0,21619.5,75893
2024-12-06T11:00:00,21620.0,21637.5,21573.0,21614.5,54991
2024-12-06T12:00:00,21615.25,21637.25,21597.5,21619.0,38138
2024-12-06T13:00:00,21618.75,21669.25,21615.5,21658.25,40762
2024-12-06T14:00:00,21658.5,21658.5,21611.75,21635.5,36377
2024-12-06T15:00:00,21635.5,21663.5,21626.25,21658.75,46507
2024-12-09T10:00:00,21623.25,21631.5,21503.25,21507.75,94476
2024-12-09T11:00:00,21508.0,21527.75,21436.0,21510.25,81723
2024-12-09T12:00:00,21510.0,21524.5,21485.75,21487.75,35541
2024-12-09T13:00:00,21488.0,21549.75,21474.25,21529.75,34240
2024-12-09T14:00:00,21530.0,21530.25,21444.25,21476.25,41317
2024-12-09T15:00:00,21476.25,21491.0,21441.25,21485.5,58633
2024-12-10T10:00:00,21546.5,21606.75,21497.0,21505.25,86001
2024-12-10T11:00:00,21505.0,21516.0,21449.0,21484.5,76957
2024-12-10T12:00:00,21484.25,21502.5,21444.0,21470.25,51050
2024-12-10T13:00:00,21470.25,21484.75,21450.75,21452.5,33468
2024-12-10T14:00:00,21453.5,21460.0,21400.0,21411.25,47716
2024-12-10T15:00:00,21411.25,21413.0,21352.75,21408.0,78879
2024-12-11T10:00:00,21696.0,21736.25,21672.75,21696.75,106850
2024-12-11T11:00:00,21696.5,21770.0,21690.5,21760.25,65763
2024-12-11T12:00:00,21760.5,21791.0,21759.0,21781.25,44713
2024-12-11T13:00:00,21781.25,21811.75,21778.75,21793.0,37066
2024-12-11T14:00:00,21793.0,21810.75,21779.75,21800.0,32114
2024-12-11T15:00:00,21799.75,21820.0,21787.5,21791.25,55742
2024-12-12T10:00:00,21682.25,21728.5,21624.75,21721.75,95612
2024-12-12T11:00:00,21720.75,21739.75,21671.25,21674.0,48591
2024-12-12T12:00:00,21674.0,21741.75,21669.25,21739.5,42595
2024-12-12T13:00:00,21739.5,21745.0,21695.0,21697.0,40221
2024-12-12T14:00:00,21696.75,21715.5,21664.0,21684.25,41729
2024-12-12T15:00:00,21684.25,21687.5,21642.25,21643.25,52431
2024-12-13T10:00:00,21880.5,21886.5,21686.5,21688.25,126876
2024-12-13T11:00:00,21688.25,21757.5,21666.5,21699.25,96479
2024-12-13T12:00:00,21699.0,21741.5,21679.5,21684.5,54134
2024-12-13T13:00:00,21684.75,21776.25,21681.25,21773.5,49455
2024-12-13T14:00:00,21774.25,21815.75,21759.25,21801.5,42854
2024-12-13T15:00:00,21801.25,21824.0,21774.5,21797.5,58513
2024-12-16T10:00:00,21971.5,22024.25,21929.25,21991.5,86895
2024-12-16T11:00:00,21991.75,22057.5,21990.5,22055.5,52238
2024-12-16T12:00:00,22055.75,22087.75,22038.25,22086.0,40311
2024-12-16T13:00:00,22086.5,22125.0,22080.25,22117.0,43282
2024-12-16T14:00:00,22117.25,22142.5,22104.75,22124.25,33362
2024-12-16T15:00:00,22125.0,22152.5,22097.5,22111.5,49013
2024-12-17T10:00:00,22004.0,22014.5,21942.25,22005.25,46344
2024-12-17T11:00:00,22005.0,22080.5,21980.25,22036.5,30265
2024-12-17T12:00:00,22037.5,22053.25,21994.5,22036.25,21270
2024-12-17T13:00:00,22036.0,22044.25,22000.25,22003.75,15757
2024-12-17T14:00:00,22004.25,22005.75,21966.25,21981.25,14256
2024-12-17T15:00:00,21980.75,22030.25,21954.0,22015.75,26684
2024-12-18T10:00:00,21991.5,22053.5,21975.5,22022.0,18323
2024-12-18T11:00:00,22021.75,22042.5,21954.5,22008.5,13585
2024-12-18T12:00:00,22007.5,22026.5,21982.0,22003.75,9586
2024-12-18T13:00:00,22003.5,22015.75,21972.0,21994.75,7672
2024-12-18T14:00:00,22001.0,22001.0,21619.25,21625.0,33656
2024-12-18T15:00:00,21629.25,21650.5,21156.0,21212.75,48893
2024-12-19T10:00:00,21310.75,21363.0,21197.25,21282.5,20064
2024-12-19T11:00:00,21279.75,21360.25,21193.75,21297.25,8835
2024-12-19T12:00:00,21292.0,21301.5,21168.25,21255.25,8797
2024-12-19T13:00:00,21253.75,21334.0,21173.25,21332.25,8755
2024-12-19T14:00:00,21329.25,21333.75,21195.25,21195.25,8741
2024-12-19T15:00:00,21196.75,21262.75,21099.5,21110.75,12145
2024-12-23T10:00:00,21633.0,21641.0,21477.0,21559.75,92772
2024-12-23T11:00:00,21559.5,21696.0,21554.25,21693.25,55721
2024-12-23T12:00:00,21693.25,21726.5,21642.25,21694.5,44992
2024-12-23T13:00:00,21695.5,21756.25,21685.25,21745.5,32777
2024-12-23T14:00:00,21744.75,21776.75,21706.25,21707.5,28536
2024-12-23T15:00:00,21707.75,21767.25,21666.0,21755.5,57176
2024-12-24T09:30:00,21826.0,21907.5,21799.25,21904.25,50463
2024-12-24T10:30:00,21903.25,21968.5,21897.25,21960.75,63193
2024-12-24T11:30:00,21960.75,21994.75,21951.0,21961.75,38423
2024-12-24T12:30:00,21961.75,22034.25,21943.0,22033.0,45421
2024-12-26T10:00:00,21957.0,22011.0,21928.0,22006.25,61403
2024-12-26T11:00:00,22007.0,22040.5,21975.75,22039.75,36537
2024-12-26T12:00:00,22039.75,22076.25,21972.75,22005.5,47201
2024-12-26T13:00:00,22006.5,22041.0,21994.75,22017.0,37121
2024-12-26T14:00:00,22016.75,22047.25,21994.25,22044.25,27372
2024-12-26T15:00:00,22044.5,22061.25,22001.25,22007.0,38045
2024-12-27T10:00:00,21695.25,21707.5,21507.0,21596.0,116843
2024-12-27T11:00:00,21595.75,21650.0,21525.0,21551.25,66818
2024-12-27T12:00:00,21550.75,21579.5,21498.75,21572.25,57958
2024-12-27T13:00:00,21571.75,21677.75,21556.5,21669.0,44400
2024-12-27T14:00:00,21666.75,21716.5,21635.75,21705.75,41463
2024-12-27T15:00:00,21705.5,21712.0,21606.5,21702.75,72056
2024-12-30T10:00:00,21288.75,21402.75,21253.0,21372.5,90132
2024-12-30T11:00:00,21371.5,21469.75,21340.75,21458.5,49501
2024-12-30T12:00:00,21459.25,21567.0,21447.5,21552.75,47860
2024-12-30T13:00:00,21552.75,21571.0,21487.75,21542.5,40827
2024-12-30T14:00:00,21542.5,21548.75,21475.75,21529.5,33204
2024-12-30T15:00:00,21528.75,21544.0,21408.5,21412.25,57368
2024-12-31T10:00:00,21434.0,21468.5,21333.5,21379.25,67630
2024-12-31T11:00:00,21379.25,21384.0,21287.0,21330.0,49779
2024-12-31T12:00:00,21329.75,21344.0,21208.0,21313.75,48655
2024-12-31T13:00:00,21313.25,21337.5,21204.5,21220.0,45397
2024-12-31T14:00:00,21220.5,21275.0,21182.0,21268.75,41496
2024-12-31T15:00:00,21268.25,21316.0,21189.0,21220.75,75503
2025-01-02T10:00:00,21392.5,21444.0,21209.75,21277.25,97688
2025-01-02T11:00:00,21278.25,21357.5,21186.25,21316.25,62778
2025-01-02T12:00:00,21316.25,21342.25,20983.75,21075.75,87232
2025-01-02T13:00:00,21076.5,21090.25,20987.75,21047.5,61506
2025-01-02T14:00:00,21047.75,21145.5,21028.0,21064.0,52521
2025-01-02T15:00:00,21063.25,21195.75,21062.0,21169.0,56840
2025-01-03T10:00:00,21382.75,21440.5,21261.5,21377.25,90348
2025-01-03T11:00:00,21376.5,21492.25,21337.25,21464.0,65434
2025-01-03T12:00:00,21464.75,21487.0,21441.5,21471.0,33938
2025-01-03T13:00:00,21470.5,21531.25,21449.75,21509.25,34795
2025-01-03T14:00:00,21509.5,21559.25,21496.75,21534.5,30763
2025-01-03T15:00:00,21534.5,21534.5,21474.75,21508.0,58078
2025-01-06T10:00:00,21819.25,21892.75,21780.25,21873.0,80243
2025-01-06T11:00:00,21876.5,21896.75,21844.5,21857.5,46310
2025-01-06T12:00:00,21857.25,21869.25,21768.75,21794.5,51257
2025-01-06T13:00:00,21794.5,21795.75,21701.5,21707.25,55738
2025-01-06T14:00:00,21706.75,21723.25,21657.5,21660.0,51725
2025-01-06T15:00:00,21659.75,21756.0,21647.75,21750.0,67379
2025-01-07T10:00:00,21709.75,21709.75,21399.5,21549.5,165663
2025-01-07T11:00:00,21548.5,21573.25,21425.5,21435.0,85000
2025-01-07T12:00:00,21435.75,21475.75,21387.0,21445.0,51600
2025-01-07T13:00:00,21445.5,21517.25,21427.75,21440.0,39600
2025-01-07T14:00:00,21439.25,21474.75,21403.0,21417.5,39200
2025-01-07T15:00:00,21417.75,21423.0,21279.5,21359.5,80738
2025-01-08T10:00:00,21343.5,21406.25,21231.0,21358.0,92541
2025-01-08T11:00:00,21358.25,21419.0,21285.5,21385.5,50875
2025-01-08T12:00:00,21385.75,21387.5,21166.25,21268.5,65208
2025-01-08T13:00:00,21268.0,21408.0,21264.75,21325.5,60653
2025-01-08T14:00:00,21327.25,21431.75,21287.5,21337.0,67820
2025-01-08T15:00:00,21337.25,21377.75,21301.25,21361.0,49853
2025-01-10T10:00:00,21052.75,21123.5,20874.75,20989.0,132399
2025-01-10T11:00:00,20989.5,21002.0,20885.0,20899.75,77850
2025-01-10T12:00:00,20900.75,21039.0,20886.0,21033.75,51618
2025-01-10T13:00:00,21033.25,21176.5,21005.5,21167.25,61502
2025-01-10T14:00:00,21168.25,21171.5,21042.5,21086.5,52236
2025-01-10T15:00:00,21086.25,21097.5,20982.0,21016.25,73277
2025-01-13T10:00:00,20802.25,20880.25,20714.5,20798.25,91266
2025-01-13T11:00:00,20798.75,20826.5,20727.0,20737.5,64827
2025-01-13T12:00:00,20737.5,20895.0,20718.25,20890.0,62745
2025-01-13T13:00:00,20890.0,20913.75,20856.25,20892.5,45286
2025-01-13T14:00:00,20891.75,20926.5,20835.25,20906.25,44717
2025-01-13T15:00:00,20905.5,20964.5,20873.75,20947.5,51998
2025-01-14T10:00:00,20980.75,21111.0,20935.0,20936.25,105358
2025-01-14T11:00:00,20936.5,20956.25,20819.5,20822.75,79277
2025-01-14T12:00:00,20822.75,20884.25,20791.75,20863.75,58745
2025-01-14T13:00:00,20862.75,21010.0,20855.25,20997.5,47382
2025-01-14T14:00:00,20997.25,21013.25,20855.75,20860.5,50321
2025-01-14T15:00:00,20861.25,20929.25,20773.75,20923.5,93663
2025-01-15T10:00:00,21328.0,21408.0,21322.0,21329.75,90476
2025-01-15T11:00:00,21348.5,21370.75,21246.25,21273.25,68784
2025-01-15T12:00:00,21273.0,21365.0,21262.25,21322.0,47446
2025-01-15T13:00:00,21322.5,21395.75,21321.25,21380.25,33176
2025-01-15T14:00:00,21380.75,21435.5,21377.25,21419.5,34937
2025-01-15T15:00:00,21419.25,21452.75,21387.75,21396.5,62262
2025-01-16T10:00:00,21377.25,21427.25,21336.5,21424.75,92497
2025-01-16T11:00:00,21424.25,21474.75,21317.75,21400.75,75239
2025-01-16T12:00:00,21400.25,21426.0,21369.25,21385.5,39664
2025-01-16T13:00:00,21386.5,21413.25,21262.25,21290.5,50959
2025-01-16T14:00:00,21289.75,21380.75,21277.25,21374.5,43711
2025-01-16T15:00:00,21374.5,21395.75,21243.75,21247.75,63853
2025-01-17T10:00:00,21505.5,21597.75,21481.25,21593.75,92536
2025-01-17T11:00:00,21593.25,21638.0,21570.5,21583.75,60688
2025-01-17T12:00:00,21583.5,21630.0,21559.75,21626.25,41085
2025-01-17T13:00:00,21626.0,21672.0,21612.0,21631.75,46263
2025-01-17T14:00:00,21632.0,21644.75,21609.0,21622.5,36331
2025-01-17T15:00:00,21622.0,21638.5,21579.5,21600.5,67814
2025-01-21T10:00:00,21630.75,21649.5,21525.75,21634.0,81246
2025-01-21T11:00:00,21634.0,21682.0,21593.0,21674.75,52194
2025-01-21T12:00:00,21675.25,21743.0,21649.75,21741.25,43032
2025-01-21T13:00:00,21741.0,21772.0,21719.75,21752.75,37042
2025-01-21T14:00:00,21752.75,21763.5,21697.0,21724.75,37119
2025-01-21T15:00:00,21724.75,21755.5,21697.5,21714.5,50122
2025-01-22T10:00:00,22013.75,22042.75,21976.0,21994.75,76406
2025-01-22T11:00:00,21994.5,22078.5,21989.5,22074.75,57142
2025-01-22T12:00:00,22075.75,22093.5,22046.0,22057.25,37970
2025-01-22T13:00:00,22057.25,22062.25,22010.5,22027.25,44755
2025-01-22T14:00:00,22027.5,22044.75,22006.5,22040.25,33226
2025-01-22T15:00:00,22040.25,22041.5,21982.0,21997.25,59501
2025-01-23T10:00:00,21897.75,21941.5,21868.25,21931.5,61946
2025-01-23T11:00:00,21931.75,21971.5,21896.75,21947.75,71473
2025-01-23T12:00:00,21948.25,21948.25,21900.25,21938.5,37239
2025-01-23T13:00:00,21938.5,21985.0,21931.75,21954.75,37369
2025-01-23T14:00:00,21954.75,21963.5,21923.75,21954.0,34144
2025-01-23T15:00:00,21953.75,22043.75,21943.5,22041.75,61944
2025-01-24T10:00:00,22058.0,22070.0,21978.0,21986.5,69628
2025-01-24T11:00:00,21986.75,22035.75,21970.25,21982.75,50214
2025-01-24T12:00:00,21983.0,22008.25,21930.75,21941.5,44159
2025-01-24T13:00:00,21941.75,21952.5,21862.25,21867.75,52587
2025-01-24T14:00:00,21868.25,21896.75,21844.0,21868.0,46159
2025-01-24T15:00:00,21868.0,21919.25,21857.0,21908.5,55687
2025-01-27T10:00:00,21330.5,21418.5,21228.0,21319.0,129395
2025-01-27T11:00:00,21306.25,21326.25,21185.5,21209.25,101903
2025-01-27T12:00:00,21210.5,21267.0,21140.25,21142.25,63038
2025-01-27T13:00:00,21142.5,21217.0,21138.75,21150.75,50762
2025-01-27T14:00:00,21151.75,21260.5,21095.0,21133.0,70243
2025-01-27T15:00:00,21133.0,21265.0,21127.5,21258.25,95233
2025-01-28T10:00:00,21284.75,21481.5,21281.0,21451.75,110753
2025-01-28T11:00:00,21464.25,21479.0,21387.5,21472.5,76366
2025-01-28T12:00:00,21472.75,21563.5,21470.5,21544.75,60756
2025-01-28T13:00:00,21544.75,21584.0,21521.5,21540.25,44685
2025-01-28T14:00:00,21540.5,21626.0,21513.5,21615.5,45675
2025-01-28T15:00:00,21615.25,21622.5,21558.0,21576.25,65714
2025-01-29T10:00:00,21518.75,21564.5,21456.0,21506.0,83737
2025-01-29T11:00:00,21507.0,21525.0,21466.75,21484.0,55271
2025-01-29T12:00:00,21483.5,21548.25,21478.25,21484.75,36477
2025-01-29T13:00:00,21485.25,21516.0,21367.0,21467.25,73050
2025-01-29T14:00:00,21464.0,21578.0,21386.75,21537.75,91414
2025-01-29T15:00:00,21538.5,21600.75,21463.0,21530.75,79621
2025-01-30T10:00:00,21674.0,21676.0,21461.25,21462.0,105145
2025-01-30T11:00:00,21462.75,21625.75,21420.0,21610.0,78730
2025-01-30T12:00:00,21610.25,21610.25,21503.25,21552.75,46418
2025-01-30T13:00:00,21552.75,21612.25,21527.25,21606.5,35204
2025-01-30T14:00:00,21606.5,21661.5,21587.25,21659.75,32077
2025-01-30T15:00:00,21660.0,21700.0,21523.5,21624.75,104089
2025-01-31T10:00:00,21868.25,21957.0,21865.75,21956.75,81018
2025-01-31T11:00:00,21948.5,21965.75,21877.0,21903.0,55108
2025-01-31T12:00:00,21903.75,21939.0,21865.0,21915.0,45988
2025-01-31T13:00:00,21915.5,21926.5,21721.0,21751.75,97123
2025-01-31T14:00:00,21752.0,21781.75,21584.75,21660.75,87873
2025-01-31T15:00:00,21660.5,21660.5,21535.75,21580.5,95661
2025-02-03T10:00:00,21215.25,21453.75,21113.25,21420.0,139293
2025-02-03T11:00:00,21419.0,21474.5,21340.75,21382.5,76166
2025-02-03T12:00:00,21382.0,21455.75,21341.0,21401.25,56866
2025-02-03T13:00:00,21400.75,21473.0,21351.0,21467.75,45955
2025-02-03T14:00:00,21466.75,21519.75,21448.0,21485.5,41829
2025-02-03T15:00:00,21486.25,21506.75,21398.5,21406.25,56685
2025-02-04T10:00:00,21561.0,21680.0,21561.0,21633.5,84433
2025-02-04T11:00:00,21634.5,21694.0,21634.0,21657.5,43752
2025-02-04T12:00:00,21658.0,21660.75,21550.0,21622.75,52911
2025-02-04T13:00:00,21623.5,21646.0,21570.0,21622.0,29725
2025-02-04T14:00:00,21622.75,21680.0,21609.5,21638.75,35064
2025-02-04T15:00:00,21638.0,21685.25,21625.25,21668.0,45615
2025-02-05T10:00:00,21564.75,21613.75,21501.0,21592.25,83956
2025-02-05T11:00:00,21591.0,21719.25,21562.75,21711.0,65876
2025-02-05T12:00:00,21711.0,21742.25,21684.25,21704.75,42562
2025-02-05T13:00:00,21705.5,21722.25,21672.0,21710.5,29069
2025-02-05T14:00:00,21710.5,21736.25,21703.0,21709.5,24393
2025-02-05T15:00:00,21708.75,21769.0,21689.75,21761.5,51109
2025-02-06T10:00:00,21789.5,21848.75,21740.25,21774.5,81570
2025-02-06T11:00:00,21781.75,21815.0,21753.75,21770.75,36366
2025-02-06T12:00:00,21772.0,21830.75,21748.0,21815.5,30574
2025-02-06T13:00:00,21815.5,21841.75,21801.75,21816.5,29745
2025-02-06T14:00:00,21815.25,21830.25,21711.5,21747.5,43930
2025-02-06T15:00:00,21747.25,21882.25,21735.25,21871.0,49486
2025-02-07T10:00:00,21904.0,21904.0,21613.25,21722.0,142139
2025-02-07T11:00:00,21721.25,21759.25,21606.75,21629.25,90980
2025-02-07T12:00:00,21628.75,21683.0,21585.0,21652.5,68956
2025-02-07T13:00:00,21652.75,21730.75,21619.0,21624.25,43484
2025-02-07T14:00:00,21625.0,21637.25,21566.0,21607.5,41226
2025-02-07T15:00:00,21607.0,21621.25,21552.75,21588.25,54888
2025-02-10T10:00:00,21792.5,21894.0,21782.5,21865.75,69547
2025-02-10T11:00:00,21865.5,21886.25,21836.25,21871.5,40408
2025-02-10T12:00:00,21871.5,21872.25,21817.25,21866.0,32224
2025-02-10T13:00:00,21865.75,21886.25,21858.0,21878.75,20781
2025-02-10T14:00:00,21878.5,21881.5,21845.0,21862.0,23864
2025-02-10T15:00:00,21862.5,21875.5,21832.75,21843.0,44913
2025-02-11T10:00:00,21777.5,21871.5,21761.0,21841.25,65932
2025-02-11T11:00:00,21841.5,21850.25,21785.0,21791.0,44832
2025-02-11T12:00:00,21790.25,21796.0,21715.75,21763.75,57043
2025-02-11T13:00:00,21764.0,21833.5,21747.75,21801.5,34374
2025-02-11T14:00:00,21802.25,21840.25,21792.25,21826.25,26549
2025-02-11T15:00:00,21826.75,21840.5,21766.0,21790.5,45771
2025-02-12T10:00:00,21677.25,21773.25,21580.5,21728.0,103440
2025-02-12T11:00:00,21728.5,21784.5,21646.0,21780.0,58840
2025-02-12T12:00:00,21780.0,21825.75,21755.5,21817.75,49957
2025-02-12T13:00:00,21818.0,21826.75,21770.25,21792.5,32295
2025-02-12T14:00:00,21793.0,21839.0,21758.0,21828.5,31925
2025-02-12T15:00:00,21828.75,21837.25,21776.25,21801.75,44280
2025-02-13T10:00:00,21919.5,22057.75,21876.75,22038.25,95664
2025-02-13T11:00:00,22038.0,22046.5,21942.0,21962.0,50894
2025-02-13T12:00:00,21962.5,21999.0,21943.25,21966.5,33697
2025-02-13T13:00:00,21967.25,21997.25,21890.5,21996.0,57805
2025-02-13T14:00:00,21997.0,22075.5,21988.0,22057.0,41369
2025-02-13T15:00:00,22057.5,22123.75,22052.75,22110.0,51387
2025-02-14T10:00:00,22127.5,22166.0,22099.0,22164.75,72586
2025-02-14T11:00:00,22164.5,22170.25,22102.0,22138.5,50566
2025-02-14T12:00:00,22139.25,22163.0,22092.0,22157.25,39055
2025-02-14T13:00:00,22157.75,22198.75,22145.0,22185.5,34126
2025-02-14T14:00:00,22185.5,22206.75,22156.0,22178.25,30502
2025-02-14T15:00:00,22178.5,22225.0,22159.25,22194.5,51043
2025-02-18T10:00:00,22202.25,22207.25,22125.0,22187.0,78604
2025-02-18T11:00:00,22187.25,22215.75,22165.0,22186.25,48568
2025-02-18T12:00:00,22186.75,22202.75,22162.0,22195.0,34268
2025-02-18T13:00:00,22195.0,22206.0,22138.5,22158.75,35243
2025-02-18T14:00:00,22159.0,22186.75,22102.75,22178.5,43309
2025-02-18T15:00:00,22178.5,22239.5,22160.5,22239.0,47182
2025-02-19T10:00:00,22168.25,22208.5,22118.0,22160.75,87583
2025-02-19T11:00:00,22160.75,22243.5,22159.75,22238.5,52861
2025-02-19T12:00:00,22238.75,22256.5,22207.5,22245.5,36473
2025-02-19T13:00:00,22245.5,22264.25,22195.0,22232.5,37822
2025-02-19T14:00:00,22232.5,22299.75,22226.25,22295.0,45416
2025-02-19T15:00:00,22295.25,22295.25,22205.5,22246.75,71445
2025-02-20T10:00:00,22011.0,22107.5,21951.0,21988.75,121347
2025-02-20T11:00:00,21988.75,22076.5,21983.5,22031.25,63059
2025-02-20T12:00:00,22030.5,22098.0,22023.25,22040.0,41596
2025-02-20T13:00:00,22039.75,22077.25,22027.5,22067.5,37060
2025-02-20T14:00:00,22067.5,22127.75,22056.0,22116.75,48167
2025-02-20T15:00:00,22116.5,22148.25,22084.5,22145.0,63807
2025-02-21T10:00:00,22096.25,22110.75,21940.75,22006.75,113224
2025-02-21T11:00:00,22006.25,22029.75,21960.0,21979.25,66522
2025-02-21T12:00:00,21978.5,21998.5,21837.5,21852.5,76794
2025-02-21T13:00:00,21852.25,21854.25,21759.75,21771.75,94246
2025-02-21T14:00:00,21772.25,21784.5,21667.25,21687.5,89291
2025-02-21T15:00:00,21687.0,21719.5,21662.5,21682.5,85163
2025-02-24T10:00:00,21567.75,21585.25,21436.25,21492.0,130876
2025-02-24T11:00:00,21493.0,21625.0,21477.5,21576.5,90148
2025-02-24T12:00:00,21577.25,21659.75,21569.25,21605.25,63062
2025-02-24T13:00:00,21605.75,21660.5,21595.25,21608.75,37844
2025-02-24T14:00:00,21608.5,21639.5,21538.5,21553.25,43885
2025-02-24T15:00:00,21553.75,21569.0,21408.75,21421.25,83570
2025-02-25T10:00:00,21259.75,21265.5,21028.25,21104.25,160297
2025-02-25T11:00:00,21105.0,21202.75,20990.0,21170.5,96799
2025-02-25T12:00:00,21170.0,21225.75,21109.25,21219.75,60028
2025-02-25T13:00:00,21220.0,21281.25,21165.5,21199.5,64937
2025-02-25T14:00:00,21199.5,21214.75,21123.75,21202.5,64217
2025-02-25T15:00:00,21202.5,21263.0,21121.0,21150.0,93817
2025-02-26T10:00:00,21301.75,21373.0,21264.5,21351.5,91043
2025-02-26T11:00:00,21352.0,21409.25,21339.75,21349.75,62878
2025-02-26T12:00:00,21350.25,21407.5,21229.0,21248.75,73066
2025-02-26T13:00:00,21249.75,21261.0,21083.0,21102.25,76465
2025-02-26T14:00:00,21100.75,21173.25,21064.5,21093.75,65411
2025-02-26T15:00:00,21094.0,21224.5,21077.5,21191.5,65641
2025-02-27T10:00:00,21006.5,21166.0,20896.5,21018.75,158397
2025-02-27T11:00:00,21020.0,21159.75,20994.5,21005.75,73926
2025-02-27T12:00:00,21006.25,21076.5,20956.5,21038.75,63755
2025-02-27T13:00:00,21038.0,21117.5,21028.5,21052.25,52905
2025-02-27T14:00:00,21051.75,21056.5,20795.75,20833.0,90620
2025-02-27T15:00:00,20835.0,20840.5,20597.75,20608.5,125451
2025-02-28T10:00:00,20591.75,20778.0,20554.0,20759.75,123070
2025-02-28T11:00:00,20760.0,20776.25,20641.75,20696.75,77241
2025-02-28T12:00:00,20697.25,20749.0,20537.0,20540.5,75534
2025-02-28T13:00:00,20540.5,20666.75,20484.25,20542.25,93768
2025-02-28T14:00:00,20541.5,20721.75,20537.75,20710.75,68770
2025-02-28T15:00:00,20711.5,20944.25,20683.25,20920.25,118539
2025-03-03T10:00:00,20845.0,20989.25,20760.0,20858.0,130368
2025-03-03T11:00:00,20858.5,20985.0,20831.0,20922.0,77917
2025-03-03T12:00:00,20922.0,20964.5,20822.0,20849.25,47665
2025-03-03T13:00:00,20849.5,20857.0,20653.25,20747.75,92921
2025-03-03T14:00:00,20747.25,20819.75,20598.75,20603.25,78920
2025-03-03T15:00:00,20604.25,20606.0,20316.75,20473.0,148894
2025-03-04T10:00:00,20230.5,20263.25,20075.25,20196.25,150128
2025-03-04T11:00:00,20197.5,20337.75,20108.5,20299.0,101793
2025-03-04T12:00:00,20298.0,20436.25,20265.75,20337.0,85474
2025-03-04T13:00:00,20338.0,20523.0,20310.75,20500.5,76010
2025-03-04T14:00:00,20500.0,20632.25,20497.75,20618.75,73292
2025-03-04T15:00:00,20619.25,20732.5,20324.25,20397.5,121894
2025-03-05T10:00:00,20322.75,20497.0,20299.5,20391.25,120796
2025-03-05T11:00:00,20390.75,20390.75,20215.0,20338.0,94832
2025-03-05T12:00:00,20337.0,20575.75,20331.0,20570.5,79025
2025-03-05T13:00:00,20570.25,20596.75,20445.75,20590.5,77111
2025-03-05T14:00:00,20590.25,20711.5,20558.25,20651.0,67482
2025-03-05T15:00:00,20651.0,20725.0,20602.0,20657.5,80903
2025-03-06T10:00:00,20282.75,20513.25,20253.25,20429.75,104373
2025-03-06T11:00:00,20431.0,20496.0,20246.25,20252.0,82938
2025-03-06T12:00:00,20252.0,20277.25,20088.25,20171.25,92693
2025-03-06T13:00:00,20171.0,20208.0,20040.0,20119.0,66959
2025-03-06T14:00:00,20118.5,20207.5,20003.0,20050.5,81322
2025-03-06T15:00:00,20051.25,20155.0,20026.5,20093.5,91614
2025-03-07T10:00:00,20139.5,20193.0,19887.75,20021.0,114546
2025-03-07T11:00:00,20021.0,20035.0,19765.5,19830.25,87052
2025-03-07T12:00:00,19831.25,20084.25,19771.0,19945.25,93648
2025-03-07T13:00:00,19945.5,20176.75,19943.5,20169.25,83579
2025-03-07T14:00:00,20169.75,20274.0,20121.0,20192.75,67522
2025-03-07T15:00:00,20193.5,20286.25,20098.5,20225.0,82191
2025-03-10T10:00:00,19791.0,19791.0,19521.0,19554.25,115492
2025-03-10T11:00:00,19554.5,19703.0,19550.0,19587.25,86523
2025-03-10T12:00:00,19586.5,19639.25,19522.75,19542.75,61622
2025-03-10T13:00:00,19542.5,19553.0,19422.0,19441.75,73018
2025-03-10T14:00:00,19441.75,19500.0,19330.0,19338.75,66637
2025-03-10T15:00:00,19338.5,19551.25,19272.25,19464.25,129434
2025-03-11T10:00:00,19523.25,19613.25,19264.5,19315.0,136254
2025-03-11T11:00:00,19311.5,19544.25,19286.0,19423.25,88835
2025-03-11T12:00:00,19422.25,19446.0,19296.0,19323.0,62435
2025-03-11T13:00:00,19323.0,19369.5,19201.0,19325.0,77917
2025-03-11T14:00:00,19326.0,19686.75,19319.0,19638.75,91972
2025-03-11T15:00:00,19640.0,19677.25,19391.75,19393.25,100556
2025-03-12T10:00:00,19643.25,19724.5,19469.5,19475.75,105600
2025-03-12T11:00:00,19475.0,19638.0,19395.25,19633.0,86211
2025-03-12T12:00:00,19634.0,19727.75,19586.5,19626.5,77450
2025-03-12T13:00:00,19627.0,19719.5,19535.5,19539.75,58833
2025-03-12T14:00:00,19540.0,19706.25,19531.25,19677.75,52139
2025-03-12T15:00:00,19677.5,19677.75,19554.0,19609.5,74614
2025-03-13T10:00:00,19367.5,19570.0,19324.5,19423.25,125470
2025-03-13T11:00:00,19424.5,19477.5,19276.5,19296.75,90383
2025-03-13T12:00:00,19297.0,19390.75,19240.5,19288.25,61553
2025-03-13T13:00:00,19287.5,19312.75,19170.0,19191.0,58230
2025-03-13T14:00:00,19190.0,19377.0,19186.75,19363.5,67547
2025-03-13T15:00:00,19362.25,19396.25,19184.25,19251.5,79262
2025-03-14T10:00:00,19545.25,19611.0,19437.0,19609.75,135774
2025-03-14T11:00:00,19610.25,19703.0,19589.25,19680.0,85379
2025-03-14T12:00:00,19680.0,19707.75,19604.5,19687.0,63753
2025-03-14T13:00:00,19686.75,19707.25,19619.75,19629.75,57036
2025-03-14T14:00:00,19630.0,19704.5,19612.25,19674.25,51360
2025-03-14T15:00:00,19673.75,19742.5,19650.0,19705.25,84990
2025-03-17T10:00:00,19790.0,19816.75,19671.25,19686.0,99448
2025-03-17T11:00:00,19686.25,19734.5,19628.75,19689.5,52236
2025-03-17T12:00:00,19676.25,19745.0,19654.75,19699.25,50155
2025-03-17T13:00:00,19698.5,19833.25,19673.25,19816.0,54868
2025-03-17T14:00:00,19815.75,19959.25,19814.75,19937.5,62186
2025-03-17T15:00:00,19936.75,19944.5,19826.0,19832.5,65050
2025-03-18T10:00:00,19469.25,19530.0,19431.25,19478.0,52108
2025-03-18T11:00:00,19476.0,19497.5,19397.75,19456.5,35993
2025-03-18T12:00:00,19456.5,19548.0,19446.75,19529.0,34061
2025-03-18T13:00:00,19529.0,19545.0,19447.5,19508.25,26129
2025-03-18T14:00:00,19508.0,19579.0,19454.75,19542.75,27806
2025-03-18T15:00:00,19541.5,19547.75,19458.0,19500.25,28913
2025-03-19T10:00:00,19618.75,19694.25,19585.0,19595.0,24235
2025-03-19T11:00:00,19590.5,19731.5,19588.0,19715.0,17355
2025-03-19T12:00:00,19715.0,19728.0,19651.5,19672.0,12302
2025-03-19T13:00:00,19672.25,19680.75,19584.75,19610.5,10335
2025-03-19T14:00:00,19603.25,19824.0,19550.0,19820.25,30490
2025-03-19T15:00:00,19819.0,19935.0,19729.5,19748.5,27007
2025-03-20T10:00:00,19728.5,19898.75,19723.25,19838.0,14565
2025-03-20T11:00:00,19840.5,19857.75,19757.0,19784.0,12084
2025-03-20T12:00:00,19779.25,19835.0,19659.25,19674.5,12475
2025-03-20T13:00:00,19675.0,19742.5,19627.25,19650.25,9049
2025-03-20T14:00:00,19650.75,19699.0,19597.75,19618.25,8265
2025-03-20T15:00:00,19620.5,19720.0,19615.0,19681.0,12020
2025-03-24T10:00:00,20315.5,20359.25,20275.0,20349.25,74212
2025-03-24T11:00:00,20349.25,20370.25,20328.25,20354.5,46953
2025-03-24T12:00:00,20354.75,20380.75,20319.0,20341.75,50064
2025-03-24T13:00:00,20342.5,20350.25,20309.0,20342.5,37005
2025-03-24T14:00:00,20342.75,20373.5,20308.25,20366.0,49802
2025-03-24T15:00:00,20366.25,20409.5,20359.75,20365.75,69956
2025-03-25T10:00:00,20414.5,20491.0,20371.0,20477.0,71490
2025-03-25T11:00:00,20476.0,20495.25,20432.25,20442.5,44461
2025-03-25T12:00:00,20443.25,20461.25,20417.5,20450.0,44140
2025-03-25T13:00:00,20450.25,20480.0,20402.0,20414.25,41406
2025-03-25T14:00:00,20414.25,20457.25,20402.75,20427.75,40913
2025-03-25T15:00:00,20427.5,20492.75,20425.0,20488.0,57019
2025-03-26T10:00:00,20316.5,20356.25,20227.0,20295.5,101561
2025-03-26T11:00:00,20295.75,20320.5,20170.25,20192.5,70742
2025-03-26T12:00:00,20193.0,20218.0,20124.75,20132.25,64110
2025-03-26T13:00:00,20132.5,20157.75,20076.5,20083.75,66005
2025-03-26T14:00:00,20083.25,20146.25,20050.0,20057.25,58042
2025-03-26T15:00:00,20056.25,20135.0,20045.0,20112.5,84370
2025-03-27T10:00:00,20076.5,20199.5,20028.0,20189.25,93078
2025-03-27T11:00:00,20189.75,20193.75,20040.5,20048.0,65381
2025-03-27T12:00:00,20048.25,20155.75,20006.0,20008.5,62176
2025-03-27T13:00:00,20008.5,20070.75,20001.0,20015.0,47283
2025-03-27T14:00:00,20014.75,20109.25,20011.0,20045.25,50386
2025-03-27T15:00:00,20045.0,20129.75,19975.0,19994.75,75434
2025-03-28T10:00:00,19856.75,19879.0,19575.75,19605.5,131724
2025-03-28T11:00:00,19605.25,19632.0,19542.0,19542.25,84308
2025-03-28T12:00:00,19542.75,19582.5,19485.25,19493.0,64720
2025-03-28T13:00:00,19492.5,19500.0,19439.0,19482.75,59930
2025-03-28T14:00:00,19482.75,19518.5,19444.25,19481.5,48607
2025-03-28T15:00:00,19481.5,19504.25,19421.5,19461.75,83802
2025-03-31T10:00:00,19090.0,19168.0,19056.0,19139.5,110549
2025-03-31T11:00:00,19139.5,19263.75,19113.75,19221.5,88889
2025-03-31T12:00:00,19220.75,19286.25,19174.25,19217.25,62575
2025-03-31T13:00:00,19217.75,19307.5,19207.5,19222.75,59216
2025-03-31T14:00:00,19222.5,19416.0,19218.25,19348.5,83210
2025-03-31T15:00:00,19348.25,19489.75,19346.0,19449.75,121315
2025-04-01T10:00:00,19410.5,19519.5,19261.25,19516.0,135004
2025-04-01T11:00:00,19516.0,19606.0,19503.0,19592.0,93790
2025-04-01T12:00:00,19592.75,19644.0,19496.5,19564.25,86435
2025-04-01T13:00:00,19564.0,19582.5,19500.75,19505.5,56976
2025-04-01T14:00:00,19505.75,19514.25,19385.0,19448.0,74970
2025-04-01T15:00:00,19448.25,19626.25,19437.5,19603.25,88865
2025-04-02T10:00:00,19530.75,19639.75,19491.25,19632.5,108081
2025-04-02T11:00:00,19632.5,19714.0,19578.5,19668.5,88831
2025-04-02T12:00:00,19668.75,19829.0,19658.5,19813.25,74731
2025-04-02T13:00:00,19815.5,19890.25,19718.75,19744.5,84168
2025-04-02T14:00:00,19744.75,19762.25,19604.75,19607.25,80567
2025-04-02T15:00:00,19608.0,19796.0,19608.0,19746.5,81149
2025-04-03T10:00:00,18984.5,19002.25,18762.25,18766.25,127240
2025-04-03T11:00:00,18766.0,18934.5,18720.0,18885.0,105007
2025-04-03T12:00:00,18885.0,18987.75,18858.75,18875.0,73051
2025-04-03T13:00:00,18875.75,18918.5,18812.0,18814.0,51265
2025-04-03T14:00:00,18814.25,18862.0,18754.75,18850.25,61596
2025-04-03T15:00:00,18850.5,18862.75,18664.75,18686.0,107584
2025-04-04T10:00:00,18195.0,18200.25,17656.0,17855.75,150808
2025-04-04T11:00:00,17855.0,18147.75,17835.25,17881.0,144139
2025-04-04T12:00:00,17881.0,17978.25,17710.0,17751.75,97577
2025-04-04T13:00:00,17752.75,17867.25,17619.75,17866.25,93724
2025-04-04T14:00:00,17867.25,17913.0,17548.5,17623.5,101808
2025-04-04T15:00:00,17625.25,17870.25,17528.5,17535.25,160137
2025-04-07T10:00:00,17273.0,18361.5,17163.0,17658.5,248378
2025-04-07T11:00:00,17657.75,17799.0,17150.0,17389.25,109858
2025-04-07T12:00:00,17388.5,17496.75,17212.75,17255.25,49173
2025-04-07T13:00:00,17253.25,17792.0,17248.0,17783.5,64756
2025-04-07T14:00:00,17784.75,17824.0,17498.0,17531.25,53865
2025-04-07T15:00:00,17532.5,17660.75,17405.0,17561.5,77840
2025-04-08T10:00:00,18247.75,18356.75,18117.25,18119.25,111876
2025-04-08T11:00:00,18120.25,18182.25,17952.5,18054.0,98441
2025-04-08T12:00:00,18053.75,18073.25,17655.5,17662.75,109187
2025-04-08T13:00:00,17661.0,17761.25,17488.25,17669.25,116611
2025-04-08T14:00:00,17670.5,17703.5,17438.5,17439.5,76249
2025-04-08T15:00:00,17441.0,17462.0,16973.5,17237.0,130159
2025-04-09T10:00:00,17446.75,17597.25,17219.0,17225.0,103497
2025-04-09T11:00:00,17224.5,17462.0,17206.0,17322.5,75102
2025-04-09T12:00:00,17320.25,17579.75,17281.5,17530.25,52377
2025-04-09T13:00:00,17532.25,18897.75,17422.5,18878.25,166231
2025-04-09T14:00:00,18877.75,19112.25,18743.5,18776.25,119012
2025-04-09T15:00:00,18776.75,19386.75,18719.25,19271.5,132001
2025-04-10T10:00:00,18661.25,18800.75,18568.5,18585.0,107609
2025-04-10T11:00:00,18586.5,18677.75,18257.5,18277.25,88888
2025-04-10T12:00:00,18278.25,18335.0,17919.0,18313.0,135373
2025-04-10T13:00:00,18309.0,18515.75,18030.25,18458.75,100792
2025-04-10T14:00:00,18460.25,18674.75,18300.75,18538.25,95814
2025-04-10T15:00:00,18537.25,18657.75,18241.25,18482.0,118522
2025-04-11T10:00:00,18562.0,18623.0,18270.0,18415.0,101131
2025-04-11T11:00:00,18445.5,18576.0,18323.0,18568.5,62903
2025-04-11T12:00:00,18568.75,18790.0,18532.0,18736.25,54995
2025-04-11T13:00:00,18737.25,18873.5,18594.75,18822.5,64504
2025-04-11T14:00:00,18821.5,18838.25,18713.25,18739.5,49029
2025-04-11T15:00:00,18742.25,18867.5,18735.0,18810.0,64131
2025-04-14T10:00:00,19046.75,19193.0,19030.0,19128.25,68119
2025-04-14T11:00:00,19128.25,19151.0,18803.5,18828.75,71341
2025-04-14T12:00:00,18829.5,18898.0,18737.5,18784.5,63162
2025-04-14T13:00:00,18784.75,18951.75,18772.0,18941.0,48058
2025-04-14T14:00:00,18940.75,19044.25,18936.0,19014.0,38924
2025-04-14T15:00:00,19015.0,19095.0,18921.25,18940.25,59542
2025-04-15T10:00:00,19068.25,19144.5,18924.5,19019.5,99310
2025-04-15T11:00:00,19019.0,19088.75,18983.0,19049.25,60389
2025-04-15T12:00:00,19050.0,19090.5,18943.5,18964.0,42055
2025-04-15T13:00:00,18964.5,19009.5,18908.0,18952.0,50178
2025-04-15T14:00:00,18951.25,18994.25,18884.25,18975.0,47500
2025-04-15T15:00:00,18975.5,19000.75,18922.5,18960.5,50811
2025-04-16T10:00:00,18522.75,18669.5,18509.25,18628.0,67656
2025-04-16T11:00:00,18628.0,18728.25,18576.25,18587.75,63131
2025-04-16T12:00:00,18588.5,18616.5,18548.0,18560.0,50085
2025-04-16T13:00:00,18561.0,18595.75,18288.0,18293.0,73113
2025-04-16T14:00:00,18292.5,18387.75,18209.5,18213.5,77374
2025-04-16T15:00:00,18213.25,18400.0,18116.25,18388.25,104742
2025-04-17T10:00:00,18466.25,18488.0,18261.5,18304.0,87604
2025-04-17T11:00:00,18304.0,18443.75,18291.0,18339.5,73680
2025-04-17T12:00:00,18340.25,18478.75,18317.0,18454.0,77548
2025-04-17T13:00:00,18454.0,18487.5,18366.75,18453.0,50291
2025-04-17T14:00:00,18453.75,18526.0,18418.0,18420.0,51895
2025-04-17T15:00:00,18419.75,18431.25,18330.0,18373.25,63424
2025-04-21T10:00:00,17994.5,17998.25,17899.75,17931.25,63836
2025-04-21T11:00:00,17931.75,17949.5,17786.5,17796.75,53562
2025-04-21T12:00:00,17796.0,17875.0,17788.25,17794.75,39486
2025-04-21T13:00:00,17794.5,17812.75,17703.0,17712.25,41930
2025-04-21T14:00:00,17712.75,17781.25,17700.0,17709.0,40228
2025-04-21T15:00:00,17708.0,17952.0,17705.25,17923.0,74872
2025-04-22T10:00:00,18253.75,18354.75,18241.0,18340.25,76969
2025-04-22T11:00:00,18348.25,18396.25,18287.25,18378.5,59991
2025-04-22T12:00:00,18378.75,18513.75,18378.75,18450.5,68695
2025-04-22T13:00:00,18449.75,18493.0,18211.25,18223.25,93425
2025-04-22T14:00:00,18223.5,18399.75,18218.0,18382.75,47007
2025-04-22T15:00:00,18383.0,18406.25,18240.5,18379.5,73914
2025-04-23T10:00:00,19074.25,19165.5,18974.0,19061.75,99215
2025-04-23T11:00:00,19062.25,19104.75,18797.25,18876.75,98188
2025-04-23T12:00:00,18876.5,18933.75,18747.0,18916.75,69084
2025-04-23T13:00:00,18915.75,18966.25,18832.0,18925.75,52282
2025-04-23T14:00:00,18927.5,18959.0,18846.75,18869.5,48533
2025-04-23T15:00:00,18869.25,18894.25,18729.75,18788.0,81811
2025-04-24T10:00:00,19052.5,19180.0,19044.75,19141.25,86799
2025-04-24T11:00:00,19141.0,19215.0,19122.75,19162.25,64023
2025-04-24T12:00:00,19163.0,19278.0,19140.25,19262.5,59721
2025-04-24T13:00:00,19262.0,19273.5,19203.5,19265.0,44983
2025-04-24T14:00:00,19265.75,19325.0,19258.5,19293.25,42734
2025-04-24T15:00:00,19292.0,19338.0,19221.0,19319.0,69360
2025-04-25T10:00:00,19257.0,19405.75,19233.75,19338.25,88886
2025-04-25T11:00:00,19338.0,19393.0,19309.25,19362.75,50233
2025-04-25T12:00:00,19363.25,19469.0,19349.75,19466.5,43029
2025-04-25T13:00:00,19467.0,19554.25,19374.25,19428.25,74671
2025-04-25T14:00:00,19428.75,19528.5,19414.25,19500.5,49322
2025-04-25T15:00:00,19500.5,19546.75,19447.25,19531.0,57399
2025-04-28T10:00:00,19464.5,19539.25,19433.25,19471.75,72581
2025-04-28T11:00:00,19471.5,19496.0,19311.75,19347.75,70643
2025-04-28T12:00:00,19347.0,19356.25,19267.5,19318.0,52644
2025-04-28T13:00:00,19317.0,19378.75,19257.25,19371.25,45116
2025-04-28T14:00:00,19372.0,19438.75,19356.75,19428.5,38625
2025-04-28T15:00:00,19429.0,19578.75,19423.5,19524.5,59950
2025-04-29T10:00:00,19506.0,19601.25,19466.25,19597.0,87100
2025-04-29T11:00:00,19598.0,19615.25,19500.0,19539.0,58557
2025-04-29T12:00:00,19538.5,19606.0,19471.0,19494.25,57303
2025-04-29T13:00:00,19494.0,19667.5,19483.0,19656.0,55581
2025-04-29T14:00:00,19656.5,19688.5,19638.75,19646.25,47467
2025-04-29T15:00:00,19646.5,19683.25,19615.0,19645.0,61184
2025-04-30T10:00:00,19120.25,19355.0,19103.75,19333.0,103366
2025-04-30T11:00:00,19332.75,19455.0,19327.5,19443.25,74266
2025-04-30T12:00:00,19442.75,19473.5,19356.75,19438.25,58687
2025-04-30T13:00:00,19438.25,19509.0,19337.0,19478.25,54488
2025-04-30T14:00:00,19478.5,19582.0,19447.5,19474.25,68518
2025-04-30T15:00:00,19474.75,19715.75,19467.25,19642.5,89921
2025-05-01T10:00:00,19877.0,20073.5,19866.0,20072.75,81460
2025-05-01T11:00:00,20073.25,20125.75,19933.0,19962.0,72522
2025-05-01T12:00:00,19963.0,19999.5,19910.0,19942.75,57576
2025-05-01T13:00:00,19942.25,20029.0,19939.0,19982.0,43273
2025-05-01T14:00:00,19982.0,20049.25,19976.5,20009.0,38420
2025-05-01T15:00:00,20009.0,20022.5,19857.75,19878.0,67979
2025-05-02T10:00:00,20073.25,20180.5,20062.0,20166.0,67007
2025-05-02T11:00:00,20166.0,20207.0,20127.25,20197.25,47246
2025-05-02T12:00:00,20197.0,20266.0,20192.0,20241.75,51293
2025-05-02T13:00:00,20242.0,20254.5,20196.25,20226.0,36755
2025-05-02T14:00:00,20225.75,20276.75,20198.75,20221.25,32956
2025-05-02T15:00:00,20220.75,20235.5,20152.25,20185.5,64478
2025-05-05T10:00:00,20059.25,20115.25,20009.0,20105.0,67204
2025-05-05T11:00:00,20103.75,20124.0,20065.5,20102.0,40850
2025-05-05T12:00:00,20102.25,20146.75,20094.5,20134.25,27860
2025-05-05T13:00:00,20134.0,20156.25,20106.25,20143.75,26138
2025-05-05T14:00:00,20144.0,20191.5,20138.25,20151.5,29922
2025-05-05T15:00:00,20152.0,20155.0,20044.75,20065.5,51027
2025-05-06T10:00:00,19757.5,19937.75,19739.25,19909.5,72588
2025-05-06T11:00:00,19923.25,19952.5,19885.25,19897.0,47884
2025-05-06T12:00:00,19895.75,20026.25,19860.25,19864.25,67197
2025-05-06T13:00:00,19864.75,19920.0,19837.5,19846.75,40503
2025-05-06T14:00:00,19847.0,19955.0,19845.5,19954.25,39102
2025-05-06T15:00:00,19953.75,19972.5,19870.75,19875.75,52134
2025-05-07T10:00:00,19936.75,19977.25,19829.25,19842.5,61098
2025-05-07T11:00:00,19843.0,19857.25,19787.0,19850.0,65791
2025-05-07T12:00:00,19848.0,19904.25,19806.0,19898.75,38610
2025-05-07T13:00:00,19898.5,19925.75,19802.5,19818.75,35694
2025-05-07T14:00:00,19817.5,19902.75,19678.75,19886.25,87731
2025-05-07T15:00:00,19886.75,20053.5,19764.0,19949.5,102347
2025-05-08T10:00:00,20090.5,20124.25,19979.0,20017.25,71690
2025-05-08T11:00:00,20016.25,20316.5,19993.25,20273.0,101809
2025-05-08T12:00:00,20273.0,20337.25,20268.75,20331.75,45335
2025-05-08T13:00:00,20331.0,20335.75,20246.75,20250.75,36717
2025-05-08T14:00:00,20250.0,20317.75,20234.25,20283.75,36910
2025-05-08T15:00:00,20283.75,20331.25,20141.25,20152.5,72040
2025-05-09T10:00:00,20254.0,20275.0,20058.0,20142.0,81203
2025-05-09T11:00:00,20143.0,20176.25,20103.0,20169.75,52128
2025-05-09T12:00:00,20170.25,20174.75,20072.0,20087.75,41888
2025-05-09T13:00:00,20088.25,20161.0,20061.5,20156.0,37366
2025-05-09T14:00:00,20155.25,20160.25,20110.0,20141.5,27319
2025-05-09T15:00:00,20141.25,20185.5,20131.0,20136.25,47481
2025-05-12T10:00:00,20787.75,20849.25,20690.0,20770.5,84900
2025-05-12T11:00:00,20772.0,20806.5,20753.75,20764.75,49344
2025-05-12T12:00:00,20765.25,20883.5,20756.75,20877.75,45810
2025-05-12T13:00:00,20878.25,20935.0,20872.25,20908.75,46237
2025-05-12T14:00:00,20909.0,20943.5,20893.25,20896.5,37885
2025-05-12T15:00:00,20896.0,20954.25,20859.0,20950.25,74074
2025-05-13T10:00:00,21125.0,21260.0,21115.5,21250.0,87967
2025-05-13T11:00:00,21250.75,21304.75,21230.75,21284.25,55103
2025-05-13T12:00:00,21284.0,21338.5,21252.5,21321.25,46991
2025-05-13T13:00:00,21322.0,21346.5,21294.0,21295.75,41637
2025-05-13T14:00:00,21296.5,21331.25,21275.0,21327.5,35078
2025-05-13T15:00:00,21326.75,21341.5,21257.75,21270.75,59272
2025-05-14T10:00:00,21331.75,21370.0,21297.75,21357.0,64892
2025-05-14T11:00:00,21357.5,21389.25,21289.0,21376.25,53499
2025-05-14T12:00:00,21375.75,21419.5,21355.75,21367.5,35942
2025-05-14T13:00:00,21367.25,21369.75,21281.5,21365.25,45688
2025-05-14T14:00:00,21365.25,21400.5,21336.0,21369.5,40673
2025-05-14T15:00:00,21369.75,21406.5,21331.0,21396.5,60119
2025-05-15T10:00:00,21299.0,21346.5,21257.25,21335.25,67477
2025-05-15T11:00:00,21335.25,21446.5,21327.75,21429.25,61600
2025-05-15T12:00:00,21429.5,21492.75,21419.0,21491.75,42347
2025-05-15T13:00:00,21491.5,21529.75,21468.0,21475.5,39849
2025-05-15T14:00:00,21474.75,21474.75,21376.0,21392.5,57613
2025-05-15T15:00:00,21392.25,21423.25,21303.75,21418.5,83549
2025-05-16T10:00:00,21435.75,21456.5,21320.5,21391.0,71178
2025-05-16T11:00:00,21391.5,21443.25,21373.75,21412.5,40922
2025-05-16T12:00:00,21411.5,21451.25,21405.5,21427.5,29443
2025-05-16T13:00:00,21427.25,21478.0,21419.25,21445.0,30581
2025-05-16T14:00:00,21445.5,21493.25,21435.25,21476.5,26953
2025-05-16T15:00:00,21477.0,21512.0,21461.75,21504.75,47811
2025-05-19T10:00:00,21356.0,21462.25,21347.75,21392.5,67413
2025-05-19T11:00:00,21404.75,21476.25,21379.75,21433.75,43048
2025-05-19T12:00:00,21434.0,21503.5,21428.25,21498.5,34777
2025-05-19T13:00:00,21498.25,21544.5,21493.5,21499.25,43212
2025-05-19T14:00:00,21499.25,21505.75,21449.75,21495.75,38110
2025-05-19T15:00:00,21496.25,21533.5,21443.5,21523.25,58982
2025-05-20T10:00:00,21394.75,21451.0,21363.0,21408.0,56540
2025-05-20T11:00:00,21407.25,21445.75,21387.5,21435.5,37547
2025-05-20T12:00:00,21435.5,21472.0,21402.75,21458.75,31466
2025-05-20T13:00:00,21459.25,21474.25,21408.0,21431.5,30641
2025-05-20T14:00:00,21430.5,21441.5,21340.75,21348.75,45946
2025-05-20T15:00:00,21348.75,21452.0,21298.0,21447.0,64739
2025-05-21T10:00:00,21374.25,21459.0,21363.0,21456.25,64560
2025-05-21T11:00:00,21456.5,21535.0,21447.0,21515.75,57284
2025-05-21T12:00:00,21515.0,21558.5,21508.5,21515.25,34769
2025-05-21T13:00:00,21515.25,21523.25,21159.5,21271.25,126208
2025-05-21T14:00:00,21271.5,21282.5,21167.0,21176.5,60812
2025-05-21T15:00:00,21178.0,21221.0,21072.75,21149.0,86139
2025-05-22T10:00:00,21285.75,21330.25,21166.5,21231.25,81592
2025-05-22T11:00:00,21231.75,21281.25,21198.75,21271.75,50400
2025-05-22T12:00:00,21272.25,21324.5,21208.75,21218.0,45214
2025-05-22T13:00:00,21217.75,21310.25,21196.5,21292.5,41136
2025-05-22T14:00:00,21292.25,21317.75,21268.25,21305.25,31150
2025-05-22T15:00:00,21305.25,21337.5,21166.0,21184.25,60147
2025-05-23T10:00:00,20888.25,20994.25,20882.0,20911.25,62290
2025-05-23T11:00:00,20911.25,21008.75,20885.25,20935.25,46516
2025-05-23T12:00:00,20935.75,21006.0,20917.75,20983.0,36643
2025-05-23T13:00:00,20983.5,21074.25,20971.75,21052.0,39575
2025-05-23T14:00:00,21051.75,21083.0,21006.25,21039.0,36163
2025-05-23T15:00:00,21038.75,21069.75,20958.75,20978.5,53528
2025-05-26T10:00:00,21280.5,21282.0,21224.75,21230.25,7393
2025-05-26T11:00:00,21231.25,21276.25,21215.5,21273.5,6196
2025-05-26T12:00:00,21274.0,21294.0,21268.0,21283.5,4795
2025-05-27T10:00:00,21292.5,21389.5,21292.25,21355.25,61271
2025-05-27T11:00:00,21355.5,21406.5,21353.0,21399.5,39160
2025-05-27T12:00:00,21400.0,21459.25,21395.5,21430.25,39142
2025-05-27T13:00:00,21430.5,21480.25,21430.0,21476.75,31738
2025-05-27T14:00:00,21476.5,21488.5,21440.75,21442.75,32453
2025-05-27T15:00:00,21442.5,21469.5,21414.25,21466.5,61255
2025-05-28T10:00:00,21467.5,21486.5,21426.0,21432.5,54589
2025-05-28T11:00:00,21432.0,21477.5,21428.5,21437.0,39964
2025-05-28T12:00:00,21437.25,21481.0,21436.5,21465.25,27560
2025-05-28T13:00:00,21465.5,21490.5,21456.25,21470.5,25199
2025-05-28T14:00:00,21469.75,21502.25,21401.5,21469.0,35532
2025-05-28T15:00:00,21468.25,21514.25,21349.0,21372.5,65929
2025-05-29T10:00:00,21517.5,21533.25,21380.5,21516.0,76188
2025-05-29T11:00:00,21515.0,21519.5,21325.5,21348.75,55818
2025-05-29T12:00:00,21348.0,21471.5,21301.0,21456.25,47971
2025-05-29T13:00:00,21455.25,21485.0,21368.0,21372.25,37592
2025-05-29T14:00:00,21373.0,21405.0,21317.25,21362.75,39479
2025-05-29T15:00:00,21363.0,21447.25,21338.5,21411.75,54225
2025-05-30T10:00:00,21257.25,21399.5,21254.0,21354.5,61106
2025-05-30T11:00:00,21356.5,21378.75,21288.25,21323.5,49716
2025-05-30T12:00:00,21323.75,21337.0,21071.5,21109.0,79837
2025-05-30T13:00:00,21109.25,21214.75,21089.0,21176.0,48107
2025-05-30T14:00:00,21176.5,21307.25,21174.75,21300.75,44856
2025-05-30T15:00:00,21300.5,21433.5,21295.75,21369.25,78383
2025-06-02T10:00:00,21311.0,21418.75,21235.0,21397.25,72715
2025-06-02T11:00:00,21396.75,21444.75,21355.25,21434.25,45806
2025-06-02T12:00:00,21434.0,21454.5,21401.25,21445.5,29424
2025-06-02T13:00:00,21445.75,21474.25,21425.25,21445.5,28590
2025-06-02T14:00:00,21445.5,21525.75,21426.75,21517.75,37263
2025-06-02T15:00:00,21517.75,21543.75,21495.25,21534.0,43390
2025-06-03T10:00:00,21594.75,21664.0,21557.5,21661.0,62230
2025-06-03T11:00:00,21661.0,21688.25,21652.5,21684.5,44496
2025-06-03T12:00:00,21684.5,21747.75,21675.25,21737.75,35421
2025-06-03T13:00:00,21738.25,21759.75,21715.75,21717.75,31566
2025-06-03T14:00:00,21718.25,21721.75,21635.75,21710.75,45951
2025-06-03T15:00:00,21710.75,21725.75,21665.25,21704.25,50570
2025-06-04T10:00:00,21746.0,21764.25,21641.0,21761.0,73463
2025-06-04T11:00:00,21761.25,21784.5,21731.75,21754.25,43105
2025-06-04T12:00:00,21753.75,21758.0,21706.0,21754.25,35025
2025-06-04T13:00:00,21754.25,21790.75,21752.75,21786.0,26771
2025-06-04T14:00:00,21785.75,21803.0,21771.75,21782.75,30587
2025-06-04T15:00:00,21783.0,21798.25,21748.25,21757.5,43425
2025-06-05T10:00:00,21724.25,21878.5,21703.25,21858.25,88675
2025-06-05T11:00:00,21858.25,21935.0,21844.5,21920.0,50002
2025-06-05T12:00:00,21920.25,21922.75,21670.25,21687.25,73911
2025-06-05T13:00:00,21686.75,21789.75,21659.75,21729.0,44275
2025-06-05T14:00:00,21730.0,21740.0,21606.5,21686.75,58996
2025-06-05T15:00:00,21686.5,21698.0,21503.5,21587.0,90318
2025-06-06T10:00:00,21840.5,21845.0,21762.75,21820.0,61586
2025-06-06T11:00:00,21819.75,21870.0,21743.75,21806.0,60079
2025-06-06T12:00:00,21806.5,21834.5,21722.0,21755.25,37321
2025-06-06T13:00:00,21755.25,21826.75,21737.0,21821.5,31827
2025-06-06T14:00:00,21822.25,21873.5,21821.5,21835.0,42398
2025-06-06T15:00:00,21834.5,21847.5,21784.75,21789.0,49424
2025-06-09T10:00:00,21787.0,21890.75,21787.0,21842.5,55719
2025-06-09T11:00:00,21842.5,21869.5,21813.0,21838.5,34311
2025-06-09T12:00:00,21839.25,21885.0,21815.5,21870.25,28725
2025-06-09T13:00:00,21870.25,21881.75,21834.25,21867.25,30127
2025-06-09T14:00:00,21867.5,21879.25,21841.5,21869.25,23641
2025-06-09T15:00:00,21869.75,21875.25,21814.0,21818.75,49316
2025-06-10T10:00:00,21857.25,21890.75,21847.5,21865.5,38246
2025-06-10T11:00:00,21851.75,21878.5,21743.25,21874.5,59938
2025-06-10T12:00:00,21874.25,21918.0,21871.75,21909.5,34277
2025-06-10T13:00:00,21910.0,21931.0,21867.0,21873.0,31553
2025-06-10T14:00:00,21873.5,21967.25,21820.75,21948.5,49136
2025-06-10T15:00:00,21949.0,21992.25,21910.75,21964.75,62350
2025-06-11T10:00:00,21981.0,22062.0,21973.75,22059.25,108540
2025-06-11T11:00:00,22058.75,22066.25,21977.0,21993.5,110484
2025-06-11T12:00:00,21994.25,22006.75,21908.0,21977.5,99616
2025-06-11T13:00:00,21978.25,22018.5,21910.75,21916.5,78046
2025-06-11T14:00:00,21917.25,21931.0,21790.75,21861.0,173832
2025-06-11T15:00:00,21862.25,21892.5,21824.25,21887.5,117562
2025-06-12T10:00:00,21857.25,21948.25,21840.5,21934.75,53289
2025-06-12T11:00:00,21934.5,21977.25,21881.0,21922.5,52642
2025-06-12T12:00:00,21922.25,21969.75,21901.5,21923.5,46016
2025-06-12T13:00:00,21924.25,21967.5,21917.0,21937.0,30913
2025-06-12T14:00:00,21937.75,21950.0,21903.75,21937.25,31128
2025-06-12T15:00:00,21937.0,21953.0,21893.5,21936.75,40736
2025-06-13T10:00:00,21735.25,21770.0,21617.0,21743.5,75402
2025-06-13T11:00:00,21743.75,21843.0,21735.5,21833.75,53126
2025-06-13T12:00:00,21833.25,21854.75,21798.75,21827.5,37815
2025-06-13T13:00:00,21827.25,21834.75,21749.75,21787.75,42728
2025-06-13T14:00:00,21788.25,21805.25,21601.5,21668.25,66063
2025-06-13T15:00:00,21668.0,21693.0,21600.25,21652.25,66672
2025-06-16T10:00:00,21928.0,21981.5,21921.75,21958.25,54464
2025-06-16T11:00:00,21958.75,21999.25,21930.5,21945.75,42003
2025-06-16T12:00:00,21946.25,21969.75,21918.0,21938.75,28356
2025-06-16T13:00:00,21938.75,21983.0,21923.5,21938.25,25806
2025-06-16T14:00:00,21938.75,21957.0,21910.75,21940.75,23830
2025-06-16T15:00:00,21940.0,21957.25,21914.25,21948.5,35462
2025-06-17T10:00:00,21871.25,21907.5,21845.0,21850.25,20134
2025-06-17T11:00:00,21849.0,21910.0,21847.75,21872.0,13405
2025-06-17T12:00:00,21874.75,21905.75,21801.25,21812.0,13024
2025-06-17T13:00:00,21809.5,21832.5,21718.5,21738.0,13541
2025-06-17T14:00:00,21736.5,21753.5,21685.0,21751.5,11859
2025-06-17T15:00:00,21752.25,21779.5,21720.5,21730.25,12449
2025-06-18T10:00:00,21780.25,21872.25,21756.75,21854.0,14992
2025-06-18T11:00:00,21855.75,21859.75,21810.0,21815.0,6840
2025-06-18T12:00:00,21813.75,21840.75,21797.75,21804.5,5949
2025-06-18T13:00:00,21801.75,21815.25,21716.25,21804.25,6117
2025-06-18T14:00:00,21807.0,21857.75,21667.75,21692.75,16075
2025-06-18T15:00:00,21692.5,21787.75,21660.0,21723.25,20415
2025-06-19T10:00:00,21467.25,21516.25,21457.0,21509.25,2486
2025-06-19T11:00:00,21509.5,21522.5,21459.25,21463.75,3049
2025-06-19T12:00:00,21461.75,21524.75,21461.75,21484.75,951
2025-06-23T10:00:00,21925.75,22018.0,21925.75,21952.75,67287
2025-06-23T11:00:00,21967.25,22004.0,21922.25,21938.5,43280
2025-06-23T12:00:00,21938.5,21945.25,21738.25,21840.75,89997
2025-06-23T13:00:00,21841.25,22088.0,21821.75,22052.0,78428
2025-06-23T14:00:00,22052.0,22085.5,22021.25,22036.0,34293
2025-06-23T15:00:00,22036.0,22093.0,22024.0,22073.0,49801
2025-06-24T10:00:00,22292.0,22340.25,22266.0,22314.75,57040
2025-06-24T11:00:00,22330.0,22388.0,22328.75,22362.25,47020
2025-06-24T12:00:00,22362.5,22417.75,22357.25,22400.0,36662
2025-06-24T13:00:00,22400.0,22426.0,22379.75,22417.5,31169
2025-06-24T14:00:00,22417.5,22432.0,22408.0,22426.0,24667
2025-06-24T15:00:00,22425.5,22448.25,22405.25,22405.75,53036
2025-06-25T10:00:00,22523.0,22530.0,22463.75,22497.0,61290
2025-06-25T11:00:00,22491.25,22492.25,22429.0,22444.0,47107
2025-06-25T12:00:00,22444.0,22458.0,22410.0,22442.75,33620
2025-06-25T13:00:00,22442.75,22462.75,22388.75,22412.25,40072
2025-06-25T14:00:00,22413.0,22434.75,22402.0,22420.0,23393
2025-06-25T15:00:00,22420.5,22465.75,22418.75,22462.75,47522
2025-06-26T10:00:00,22543.75,22597.0,22537.25,22571.0,55236
2025-06-26T11:00:00,22570.25,22618.75,22550.0,22610.0,50700
2025-06-26T12:00:00,22610.0,22632.75,22596.75,22607.25,30743
2025-06-26T13:00:00,22607.25,22652.0,22597.5,22640.0,29967
2025-06-26T14:00:00,22640.25,22687.0,22634.25,22667.0,36241
2025-06-26T15:00:00,22667.25,22694.0,22652.5,22672.75,51775
2025-06-27T10:00:00,22764.5,22825.5,22748.5,22759.25,69687
2025-06-27T11:00:00,22760.25,22820.0,22745.0,22809.25,43126
2025-06-27T12:00:00,22809.25,22810.0,22769.5,22795.0,34719
2025-06-27T13:00:00,22794.75,22798.25,22696.0,22736.0,51289
2025-06-27T14:00:00,22736.5,22742.5,22600.0,22609.75,65011
2025-06-27T15:00:00,22611.0,22759.75,22605.25,22751.75,69934
2025-06-30T10:00:00,22826.75,22853.75,22807.5,22821.5,52922
2025-06-30T11:00:00,22821.75,22858.5,22801.5,22843.25,39303
2025-06-30T12:00:00,22843.5,22867.5,22832.25,22842.25,30321
2025-06-30T13:00:00,22842.25,22849.5,22786.25,22821.0,33421
2025-06-30T14:00:00,22821.0,22853.25,22781.0,22849.5,40474
2025-06-30T15:00:00,22849.25,22934.75,22848.25,22885.25,79084
2025-07-01T10:00:00,22809.75,22848.25,22674.5,22688.0,85881
2025-07-01T11:00:00,22687.25,22718.0,22594.5,22659.25,82554
2025-07-01T12:00:00,22659.75,22739.25,22631.75,22700.75,50905
2025-07-01T13:00:00,22701.5,22762.25,22701.25,22742.5,35942
2025-07-01T14:00:00,22742.5,22753.5,22701.0,22702.75,29608
2025-07-01T15:00:00,22702.5,22745.25,22647.25,22692.25,68254
2025-07-02T10:00:00,22706.5,22831.5,22702.75,22811.5,74164
2025-07-02T11:00:00,22811.75,22847.5,22798.25,22822.0,43621
2025-07-02T12:00:00,22822.0,22845.0,22809.5,22840.25,32934
2025-07-02T13:00:00,22840.75,22848.25,22808.5,22825.25,30514
2025-07-02T14:00:00,22825.5,22838.25,22813.0,22828.25,25841
2025-07-02T15:00:00,22829.0,22854.0,22813.25,22844.5,48000
2025-07-03T09:30:00,22893.25,23004.5,22891.25,22997.5,57749
2025-07-03T10:30:00,22996.0,23067.75,22993.0,23047.5,54956
2025-07-03T11:30:00,23047.25,23102.5,23046.25,23083.0,38608
2025-07-03T12:30:00,23083.5,23094.5,23027.5,23057.5,41714
2025-07-04T10:00:00,22923.75,22945.5,22908.5,22936.75,5993
2025-07-04T11:00:00,22936.25,22943.0,22910.75,22934.25,4677
2025-07-04T12:00:00,22933.75,22936.25,22896.0,22906.75,3956
2025-07-07T10:00:00,22944.5,22962.75,22884.5,22895.5,56102
2025-07-07T11:00:00,22894.75,22937.5,22887.25,22929.0,41718
2025-07-07T12:00:00,22928.5,22962.5,22833.75,22870.5,73108
2025-07-07T13:00:00,22870.0,22930.0,22846.0,22871.0,45284
2025-07-07T14:00:00,22871.5,22881.25,22779.75,22877.5,51755
2025-07-07T15:00:00,22877.25,22891.25,22840.75,22883.25,51317
2025-07-08T10:00:00,22882.0,22942.75,22841.0,22894.25,82650
2025-07-08T11:00:00,22893.0,22915.0,22853.75,22906.0,45801
2025-07-08T12:00:00,22906.5,22962.75,22888.0,22916.5,52770
2025-07-08T13:00:00,22916.75,22939.0,22875.75,22934.0,38445
2025-07-08T14:00:00,22934.0,22942.75,22890.25,22899.0,31069
2025-07-08T15:00:00,22899.0,22903.75,22870.25,22891.75,43784
2025-07-09T10:00:00,23085.75,23112.0,22928.0,22947.5,99745
2025-07-09T11:00:00,22947.0,22990.0,22920.0,22948.25,58017
2025-07-09T12:00:00,22948.25,23008.5,22937.0,22983.0,34072
2025-07-09T13:00:00,22982.75,23000.5,22960.0,22983.5,40747
2025-07-09T14:00:00,22983.25,23039.75,22981.75,23032.25,36034
2025-07-09T15:00:00,23032.5,23057.75,23022.75,23051.0,44184
2025-07-10T10:00:00,22960.75,22986.75,22901.25,22963.25,76528
2025-07-10T11:00:00,22963.25,23025.5,22940.0,23024.5,45358
2025-07-10T12:00:00,23024.25,23024.5,22963.25,22992.0,36351
2025-07-10T13:00:00,22992.0,23041.75,22988.25,23037.0,31479
2025-07-10T14:00:00,23037.25,23050.0,23025.5,23037.5,26321
2025-07-10T15:00:00,23037.25,23044.5,22990.75,23015.0,40223
2025-07-11T10:00:00,22963.75,23009.0,22942.0,22970.0,62412
2025-07-11T11:00:00,22970.0,23010.75,22908.75,22976.75,57617
2025-07-11T12:00:00,22976.75,23008.25,22958.75,23003.75,40864
2025-07-11T13:00:00,23003.25,23021.5,22960.0,22998.5,35281
2025-07-11T14:00:00,22997.75,23018.5,22969.5,22976.5,31579
2025-07-11T15:00:00,22976.75,22997.25,22924.0,22955.5,57878
2025-07-14T10:00:00,22912.0,22992.5,22905.5,22991.5,63642
2025-07-14T11:00:00,22991.25,23022.5,22984.75,23009.0,48754
2025-07-14T12:00:00,23008.75,23040.75,22999.5,23034.0,30075
2025-07-14T13:00:00,23034.25,23066.5,23033.75,23045.25,32027
2025-07-14T14:00:00,23045.0,23060.0,23035.75,23051.25,21762
2025-07-14T15:00:00,23051.5,23059.25,23016.0,23034.0,47213
2025-07-15T10:00:00,23139.0,23198.5,23096.0,23099.5,82116
2025-07-15T11:00:00,23100.25,23181.0,23099.75,23158.0,54919
2025-07-15T12:00:00,23157.5,23168.0,23083.0,23098.75,43584
2025-07-15T13:00:00,23098.5,23171.0,23086.75,23169.5,40446
2025-07-15T14:00:00,23170.0,23180.0,23094.5,23094.5,40157
2025-07-15T15:00:00,23094.25,23122.5,23050.0,23052.25,60692
2025-07-16T10:00:00,22968.5,23033.75,22948.75,22990.25,86447
2025-07-16T11:00:00,22989.75,23045.75,22835.75,22990.75,137042
2025-07-16T12:00:00,22990.0,23051.25,22953.0,23045.75,46233
2025-07-16T13:00:00,23045.75,23069.5,23022.0,23028.0,31902
2025-07-16T14:00:00,23028.5,23074.0,23016.5,23072.75,29483
2025-07-16T15:00:00,23072.75,23100.0,23058.25,23074.5,48881
2025-07-17T10:00:00,23150.5,23198.75,23115.0,23194.5,70089
2025-07-17T11:00:00,23194.25,23255.5,23193.75,23249.5,54587
2025-07-17T12:00:00,23249.0,23276.0,23244.75,23256.75,37944
2025-07-17T13:00:00,23257.25,23276.0,23240.5,23275.25,27021
2025-07-17T14:00:00,23275.75,23279.75,23236.75,23252.5,33199
2025-07-17T15:00:00,23253.0,23278.0,23245.25,23258.25,55227
2025-07-18T10:00:00,23257.5,23295.0,23186.75,23205.0,78824
2025-07-18T11:00:00,23205.25,23254.25,23186.75,23247.5,48099
2025-07-18T12:00:00,23247.75,23249.25,23169.5,23187.5,58683
2025-07-18T13:00:00,23187.25,23222.75,23172.0,23198.5,41209
2025-07-18T14:00:00,23199.25,23227.0,23193.75,23204.0,28794
2025-07-18T15:00:00,23203.5,23232.5,23198.5,23226.5,44501
2025-07-21T10:00:00,23376.0,23424.75,23376.0,23397.5,58988
2025-07-21T11:00:00,23397.5,23404.75,23378.75,23385.5,35746
2025-07-21T12:00:00,23385.5,23410.25,23358.75,23405.25,43025
2025-07-21T13:00:00,23405.25,23423.5,23404.0,23411.25,23757
2025-07-21T14:00:00,23411.5,23417.75,23386.25,23390.5,26779
2025-07-21T15:00:00,23390.5,23392.75,23328.5,23344.5,68847
2025-07-22T10:00:00,23142.25,23230.0,23108.0,23224.25,100780
2025-07-22T11:00:00,23224.5,23237.25,23194.5,23206.5,54182
2025-07-22T12:00:00,23206.75,23224.5,23159.5,23198.75,47295
2025-07-22T13:00:00,23198.5,23250.75,23195.25,23217.5,38419
2025-07-22T14:00:00,23217.0,23253.5,23171.0,23251.75,42345
2025-07-22T15:00:00,23251.5,23257.75,23219.25,23222.0,50124
2025-07-23T10:00:00,23165.25,23203.5,23146.75,23199.25,65705
2025-07-23T11:00:00,23199.5,23293.5,23179.0,23257.75,63837
2025-07-23T12:00:00,23257.0,23262.75,23192.75,23228.5,54913
2025-07-23T13:00:00,23228.25,23269.75,23213.75,23263.25,42649
2025-07-23T14:00:00,23263.75,23323.75,23263.25,23301.5,47295
2025-07-23T15:00:00,23302.25,23324.75,23269.0,23324.0,51009
2025-07-24T10:00:00,23364.0,23381.0,23298.25,23372.5,69010
2025-07-24T11:00:00,23372.75,23400.5,23368.75,23388.25,46111
2025-07-24T12:00:00,23388.0,23388.75,23340.0,23370.5,42206
2025-07-24T13:00:00,23370.25,23423.0,23365.75,23384.25,36839
2025-07-24T14:00:00,23383.75,23422.0,23376.75,23400.75,38379
2025-07-24T15:00:00,23400.0,23424.5,23372.25,23376.5,52005
2025-07-25T10:00:00,23389.5,23423.5,23384.0,23405.25,62046
2025-07-25T11:00:00,23405.5,23429.25,23392.75,23421.0,39059
2025-07-25T12:00:00,23421.0,23476.0,23416.0,23450.5,44715
2025-07-25T13:00:00,23450.25,23455.0,23432.0,23439.0,28991
2025-07-25T14:00:00,23439.5,23459.75,23424.0,23443.0,30685
2025-07-25T15:00:00,23443.0,23455.5,23408.25,23422.25,44526
2025-07-28T10:00:00,23520.0,23529.0,23473.5,23493.0,66817
2025-07-28T11:00:00,23493.5,23500.0,23436.75,23493.5,49959
2025-07-28T12:00:00,23494.0,23509.25,23474.0,23485.75,36663
2025-07-28T13:00:00,23486.0,23488.25,23455.0,23461.25,34077
2025-07-28T14:00:00,23461.0,23471.0,23440.0,23463.0,35967
2025-07-28T15:00:00,23462.5,23496.25,23450.0,23491.75,46182
2025-07-29T10:00:00,23588.5,23593.5,23514.5,23528.25,81396
2025-07-29T11:00:00,23527.25,23542.5,23438.25,23503.75,91861
2025-07-29T12:00:00,23503.25,23513.75,23448.5,23507.25,52709
2025-07-29T13:00:00,23507.5,23525.75,23462.0,23491.5,48810
2025-07-29T14:00:00,23491.5,23507.5,23467.75,23479.0,36657
2025-07-29T15:00:00,23478.25,23486.0,23421.5,23457.25,66268
2025-07-30T10:00:00,23483.25,23541.25,23467.0,23515.5,56197
2025-07-30T11:00:00,23515.0,23530.5,23475.5,23529.75,43224
2025-07-30T12:00:00,23529.5,23547.0,23516.75,23534.0,30152
2025-07-30T13:00:00,23534.0,23551.0,23523.0,23544.75,22289
2025-07-30T14:00:00,23542.0,23589.5,23400.25,23412.5,87858
2025-07-30T15:00:00,23412.25,23490.25,23356.5,23483.75,117665
2025-07-31T10:00:00,23671.5,23700.0,23534.75,23542.0,91676
2025-07-31T11:00:00,23540.75,23585.0,23483.25,23584.0,80863
2025-07-31T12:00:00,23583.75,23617.0,23557.5,23570.0,44482
2025-07-31T13:00:00,23570.25,23571.75,23365.0,23389.5,88971
2025-07-31T14:00:00,23389.75,23465.75,23305.75,23414.75,86569
2025-07-31T15:00:00,23415.0,23443.0,23311.25,23354.25,100816
2025-08-01T10:00:00,22872.25,23022.75,22800.0,22929.75,136690
2025-08-01T11:00:00,22929.5,23018.75,22896.0,23006.5,70743
2025-08-01T12:00:00,23006.25,23045.5,22872.75,22879.0,63384
2025-08-01T13:00:00,22879.0,22899.75,22827.5,22845.0,60995
2025-08-01T14:00:00,22844.75,22942.75,22775.0,22870.25,67999
2025-08-01T15:00:00,22870.25,22944.5,22836.25,22881.0,79864
2025-08-04T10:00:00,23246.75,23264.25,23194.0,23215.25,68196
2025-08-04T11:00:00,23215.0,23263.5,23187.75,23254.0,43970
2025-08-04T12:00:00,23254.25,23279.5,23248.0,23270.5,32291
2025-08-04T13:00:00,23270.0,23285.25,23241.25,23268.0,30673
2025-08-04T14:00:00,23268.25,23283.75,23255.75,23261.5,26644
2025-08-04T15:00:00,23261.0,23307.25,23253.25,23296.75,58336
2025-08-05T10:00:00,23374.0,23374.0,23138.5,23181.25,105566
2025-08-05T11:00:00,23180.5,23219.75,23113.5,23156.25,72579
2025-08-05T12:00:00,23155.75,23225.25,23137.0,23180.5,52025
2025-08-05T13:00:00,23180.0,23252.0,23166.75,23241.25,33968
2025-08-05T14:00:00,23241.0,23249.0,23115.0,23147.0,50816
2025-08-05T15:00:00,23147.75,23178.5,23121.25,23133.5,57121
2025-08-06T10:00:00,23201.5,23287.0,23164.25,23282.25,91586
2025-08-06T11:00:00,23282.25,23375.5,23258.0,23368.0,76808
2025-08-06T12:00:00,23367.75,23389.5,23346.0,23371.0,43341
2025-08-06T13:00:00,23370.75,23396.5,23358.5,23373.0,28243
2025-08-06T14:00:00,23373.0,23435.25,23370.5,23427.0,32025
2025-08-06T15:00:00,23414.75,23445.25,23407.5,23423.75,56010
2025-08-07T10:00:00,23654.0,23671.0,23516.0,23538.25,92658
2025-08-07T11:00:00,23538.25,23558.5,23477.0,23497.75,57579
2025-08-07T12:00:00,23497.5,23513.75,23390.0,23461.5,57670
2025-08-07T13:00:00,23460.25,23488.0,23381.0,23419.25,50272
2025-08-07T14:00:00,23418.75,23430.5,23329.0,23406.0,49120
2025-08-07T15:00:00,23406.5,23503.75,23379.75,23501.5,53533
2025-08-08T10:00:00,23643.75,23703.0,23626.25,23652.5,78157
2025-08-08T11:00:00,23652.25,23681.75,23612.0,23680.5,58948
2025-08-08T12:00:00,23680.0,23707.5,23674.5,23677.0,40740
2025-08-08T13:00:00,23677.0,23703.5,23655.25,23699.75,36842
2025-08-08T14:00:00,23700.5,23724.0,23689.75,23711.0,32506
2025-08-08T15:00:00,23711.5,23721.0,23677.75,23713.75,54305
2025-08-11T10:00:00,23744.75,23767.5,23719.25,23727.0,55748
2025-08-11T11:00:00,23726.75,23764.25,23715.0,23764.25,47865
2025-08-11T12:00:00,23763.75,23804.5,23733.25,23736.5,48205
2025-08-11T13:00:00,23736.75,23753.0,23688.5,23697.75,37748
2025-08-11T14:00:00,23698.0,23701.25,23650.75,23685.75,45740
2025-08-11T15:00:00,23686.5,23690.0,23587.5,23638.75,61394
2025-08-12T10:00:00,23653.75,23781.75,23622.0,23776.5,79264
2025-08-12T11:00:00,23776.75,23871.0,23773.0,23868.0,66477
2025-08-12T12:00:00,23867.5,23910.75,23846.25,23899.75,38453
2025-08-12T13:00:00,23900.25,23916.0,23885.5,23914.5,27266
2025-08-12T14:00:00,23914.25,23932.75,23905.5,23907.0,27203
2025-08-12T15:00:00,23907.0,23950.0,23902.25,23934.5,52755
2025-08-13T10:00:00,24017.5,24018.25,23932.5,23959.5,81423
2025-08-13T11:00:00,23959.0,23961.0,23892.25,23924.75,65747
2025-08-13T12:00:00,23925.5,23940.0,23886.0,23899.25,36850
2025-08-13T13:00:00,23899.25,23947.5,23895.5,23939.0,42246
2025-08-13T14:00:00,23938.75,23954.25,23887.25,23933.75,39380
2025-08-13T15:00:00,23934.0,23958.5,23911.5,23943.0,48494
2025-08-14T10:00:00,23935.75,24007.75,23904.75,23955.0,66270
2025-08-14T11:00:00,23955.75,23960.75,23863.25,23931.25,68110
2025-08-14T12:00:00,23931.5,23951.25,23864.75,23947.5,51399
2025-08-14T13:00:00,23947.5,23980.0,23937.5,23962.25,36233
2025-08-14T14:00:00,23963.0,23963.0,23893.5,23923.5,41980
2025-08-14T15:00:00,23924.0,23958.5,23917.0,23922.0,50509
2025-08-15T10:00:00,23800.75,23881.0,23770.25,23800.5,73666
2025-08-15T11:00:00,23800.25,23836.25,23734.5,23787.75,57424
2025-08-15T12:00:00,23787.75,23826.0,23763.75,23819.0,41239
2025-08-15T13:00:00,23818.5,23843.25,23786.0,23839.75,35406
2025-08-15T14:00:00,23839.75,23847.5,23790.0,23811.5,33717
2025-08-15T15:00:00,23811.0,23830.5,23775.75,23806.0,49932
2025-08-18T10:00:00,23749.25,23824.25,23719.0,23778.0,74420
2025-08-18T11:00:00,23777.5,23784.25,23728.75,23747.75,40483
2025-08-18T12:00:00,23747.25,23780.5,23722.5,23735.0,37598
2025-08-18T13:00:00,23735.25,23800.0,23733.0,23760.0,36493
2025-08-18T14:00:00,23761.25,23802.0,23748.25,23795.5,30017
2025-08-18T15:00:00,23795.75,23816.25,23784.5,23796.25,41496
2025-08-19T10:00:00,23677.75,23728.75,23540.0,23540.75,105329
2025-08-19T11:00:00,23541.0,23589.5,23514.5,23559.25,59779
2025-08-19T12:00:00,23558.75,23577.75,23472.75,23482.25,60694
2025-08-19T13:00:00,23482.75,23517.25,23445.0,23506.75,49834
2025-08-19T14:00:00,23507.0,23508.0,23444.25,23462.25,45069
2025-08-19T15:00:00,23462.0,23477.0,23426.0,23470.5,62476
2025-08-20T10:00:00,23174.0,23215.0,23035.0,23057.0,139664
2025-08-20T11:00:00,23057.75,23266.0,23046.0,23171.75,100013
2025-08-20T12:00:00,23171.25,23305.0,23168.75,23234.0,64226
2025-08-20T13:00:00,23233.5,23315.5,23225.25,23264.75,53457
2025-08-20T14:00:00,23264.5,23281.0,23191.0,23243.75,57963
2025-08-20T15:00:00,23243.75,23368.75,23243.75,23325.25,69545
2025-08-21T10:00:00,23184.5,23348.25,23156.0,23295.0,82375
2025-08-21T11:00:00,23295.0,23312.75,23191.25,23204.25,68188
2025-08-21T12:00:00,23204.5,23213.75,23150.5,23161.25,51967
2025-08-21T13:00:00,23161.75,23224.25,23119.0,23215.0,54945
2025-08-21T14:00:00,23214.5,23235.0,23179.5,23225.5,39726
2025-08-21T15:00:00,23225.0,23255.25,23203.75,23218.5,46935
2025-08-22T10:00:00,23269.0,23647.25,23269.0,23603.0,119587
2025-08-22T11:00:00,23603.75,23650.0,23565.0,23569.0,52697
2025-08-22T12:00:00,23569.25,23591.5,23507.25,23528.5,46495
2025-08-22T13:00:00,23528.0,23625.0,23527.75,23605.75,42420
2025-08-22T14:00:00,23606.25,23616.75,23582.25,23586.5,28909
2025-08-22T15:00:00,23586.0,23593.75,23531.25,23565.75,55834
2025-08-25T10:00:00,23519.0,23574.25,23505.0,23571.0,67786
2025-08-25T11:00:00,23570.75,23616.25,23564.25,23601.25,44511
2025-08-25T12:00:00,23600.75,23613.75,23588.75,23596.25,24961
2025-08-25T13:00:00,23596.25,23598.0,23557.25,23578.0,28645
2025-08-25T14:00:00,23578.5,23583.75,23549.25,23552.5,27004
2025-08-25T15:00:00,23552.25,23573.5,23489.0,23495.5,49829
2025-08-26T10:00:00,23494.75,23553.75,23483.5,23522.25,66344
2025-08-26T11:00:00,23521.75,23537.5,23493.25,23517.75,40139
2025-08-26T12:00:00,23517.5,23556.75,23517.5,23539.5,30060
2025-08-26T13:00:00,23539.25,23544.0,23479.0,23502.75,33908
2025-08-26T14:00:00,23502.75,23556.0,23498.75,23550.0,30932
2025-08-26T15:00:00,23549.75,23600.0,23534.5,23586.75,60985
2025-08-27T10:00:00,23534.75,23616.0,23526.5,23600.0,59880
2025-08-27T11:00:00,23600.75,23630.75,23572.25,23623.25,40133
2025-08-27T12:00:00,23623.25,23624.25,23542.0,23600.0,49041
2025-08-27T13:00:00,23600.5,23624.5,23587.25,23621.25,23758
2025-08-27T14:00:00,23621.25,23657.5,23613.25,23626.75,30144
2025-08-27T15:00:00,23626.5,23646.75,23553.5,23620.0,58390
2025-08-28T10:00:00,23608.5,23730.0,23593.25,23714.25,84159
2025-08-28T11:00:00,23714.5,23752.75,23665.0,23687.5,58333
2025-08-28T12:00:00,23688.0,23766.0,23682.5,23732.0,39776
2025-08-28T13:00:00,23732.25,23773.25,23722.25,23766.75,28370
2025-08-28T14:00:00,23766.25,23792.5,23761.5,23789.0,24955
2025-08-28T15:00:00,23788.5,23803.75,23765.0,23766.5,47107
2025-08-29T10:00:00,23519.75,23551.25,23415.25,23435.5,117676
2025-08-29T11:00:00,23434.25,23498.75,23425.0,23431.75,51673
2025-08-29T12:00:00,23431.5,23492.0,23428.75,23477.75,36798
2025-08-29T13:00:00,23477.75,23477.75,23397.5,23459.5,48410
2025-08-29T14:00:00,23459.25,23467.25,23433.5,23459.0,30302
2025-08-29T15:00:00,23459.0,23495.25,23426.0,23473.5,65961
2025-09-02T10:00:00,23230.0,23280.0,23135.5,23161.5,97236
2025-09-02T11:00:00,23162.25,23179.5,23027.0,23048.5,70500
2025-09-02T12:00:00,23047.75,23131.0,23037.75,23126.25,48937
2025-09-02T13:00:00,23126.5,23225.5,23104.5,23189.25,54523
2025-09-02T14:00:00,23189.0,23232.75,23157.5,23189.0,43971
2025-09-02T15:00:00,23189.0,23290.25,23188.5,23277.0,63684
2025-09-03T10:00:00,23380.0,23525.25,23372.75,23508.75,89249
2025-09-03T11:00:00,23508.75,23516.5,23400.5,23415.5,68644
2025-09-03T12:00:00,23415.0,23464.0,23391.5,23410.75,49440
2025-09-03T13:00:00,23411.0,23462.0,23346.75,23364.75,58530
2025-09-03T14:00:00,23365.25,23366.0,23318.25,23342.5,48482
2025-09-03T15:00:00,23342.5,23455.0,23330.0,23452.25,60414
2025-09-04T10:00:00,23477.5,23530.25,23410.0,23522.25,88845
2025-09-04T11:00:00,23522.0,23556.0,23492.25,23538.75,57410
2025-09-04T12:00:00,23538.5,23565.25,23512.5,23538.25,38180
2025-09-04T13:00:00,23538.5,23608.25,23536.5,23583.75,39082
2025-09-04T14:00:00,23583.25,23625.0,23582.5,23620.25,29967
2025-09-04T15:00:00,23620.0,23680.0,23616.5,23666.0,54017
2025-09-05T10:00:00,23852.75,23853.5,23544.75,23547.75,160444
2025-09-05T11:00:00,23547.75,23669.0,23505.0,23619.0,95577
2025-09-05T12:00:00,23618.5,23658.75,23595.0,23654.5,52664
2025-09-05T13:00:00,23654.0,23663.75,23585.75,23613.5,46792
2025-09-05T14:00:00,23614.25,23664.0,23603.25,23657.25,35433
2025-09-05T15:00:00,23657.0,23694.25,23641.25,23690.75,69086
2025-09-08T10:00:00,23846.25,23888.0,23806.25,23859.5,74558
2025-09-08T11:00:00,23859.5,23884.75,23829.75,23872.5,47238
2025-09-08T12:00:00,23873.0,23873.75,23790.0,23811.75,47537
2025-09-08T13:00:00,23811.5,23817.0,23762.75,23782.25,37373
2025-09-08T14:00:00,23782.75,23819.75,23772.25,23793.75,32263
2025-09-08T15:00:00,23793.75,23812.5,23760.0,23803.0,56239
2025-09-09T10:00:00,23815.5,23850.75,23726.0,23785.75,102289
2025-09-09T11:00:00,23785.75,23812.75,23752.0,23784.5,55653
2025-09-09T12:00:00,23784.5,23833.75,23781.5,23821.5,38033
2025-09-09T13:00:00,23821.25,23855.5,23821.0,23839.5,37997
2025-09-09T14:00:00,23839.5,23848.75,23823.5,23843.75,31142
2025-09-09T15:00:00,23843.5,23890.0,23834.75,23867.25,49838
2025-09-10T10:00:00,23930.75,23991.0,23924.75,23967.0,76065
2025-09-10T11:00:00,23966.75,23979.0,23922.5,23950.0,56204
2025-09-10T12:00:00,23950.25,23950.75,23897.25,23924.5,40750
2025-09-10T13:00:00,23924.0,23940.25,23872.5,23897.25,43537
2025-09-10T14:00:00,23897.75,23899.75,23835.75,23862.25,43354
2025-09-10T15:00:00,23862.5,23893.0,23785.0,23874.0,72234
2025-09-11T10:00:00,23978.75,24020.0,23947.0,24003.5,81947
2025-09-11T11:00:00,24003.25,24046.0,24000.5,24024.75,54166
2025-09-11T12:00:00,24024.5,24043.5,23994.0,24008.5,33124
2025-09-11T13:00:00,24009.0,24033.75,23997.25,24032.25,32894
2025-09-11T14:00:00,24032.75,24044.5,24014.25,24033.75,26548
2025-09-11T15:00:00,24033.75,24044.0,24007.75,24011.75,43134
2025-09-12T10:00:00,24049.25,24115.25,24023.25,24106.0,68100
2025-09-12T11:00:00,24106.25,24111.5,24072.25,24090.75,46472
2025-09-12T12:00:00,24090.75,24122.0,24071.75,24110.75,39012
2025-09-12T13:00:00,24111.25,24128.25,24091.5,24123.75,27668
2025-09-12T14:00:00,24123.75,24159.0,24113.0,24154.0,36403
2025-09-12T15:00:00,24154.0,24157.75,24087.5,24109.5,65697
2025-09-15T10:00:00,24260.5,24265.25,24227.75,24262.0,68562
2025-09-15T11:00:00,24262.0,24289.75,24240.25,24279.75,45428
2025-09-15T12:00:00,24280.0,24295.0,24261.0,24266.0,31350
2025-09-15T13:00:00,24266.0,24288.5,24248.75,24286.75,27244
2025-09-15T14:00:00,24286.5,24290.5,24245.0,24270.75,31834
2025-09-15T15:00:00,24271.25,24315.5,24261.75,24311.75,36423
2025-09-16T10:00:00,24538.0,24561.25,24279.5,24537.75,68563
2025-09-16T11:00:00,24538.0,24542.5,24261.25,24267.25,56137
2025-09-16T12:00:00,24267.75,24532.75,24258.25,24523.75,35911
2025-09-16T13:00:00,24523.75,24545.75,24282.0,24294.0,0
2025-09-16T14:00:00,24534.25,24549.0,24283.75,24546.75,195345
2025-09-16T15:00:00,24546.75,24563.0,24279.25,24524.25,57683
2025-09-17T10:00:00,24477.5,24480.75,24410.0,24420.5,69210
2025-09-17T11:00:00,24420.25,24445.0,24398.0,24411.25,44716
2025-09-17T12:00:00,24410.75,24422.0,24374.75,24389.75,36967
2025-09-17T13:00:00,24389.75,24461.25,24388.0,24455.5,30803
2025-09-17T14:00:00,24455.75,24524.0,24242.0,24393.25,155131
2025-09-17T15:00:00,24392.25,24550.5,24383.0,24475.25,122951
2025-09-18T10:00:00,24696.75,24809.25,24694.0,24734.5,89438
2025-09-18T11:00:00,24734.75,24816.0,24725.75,24736.5,66154
2025-09-18T12:00:00,24736.0,24793.25,24720.75,24787.75,39398
2025-09-18T13:00:00,24787.5,24796.75,24723.5,24734.25,43383
2025-09-18T14:00:00,24734.5,24769.0,24727.75,24756.25,39008
2025-09-18T15:00:00,24756.0,24758.75,24696.75,24698.5,62331
2025-09-19T10:00:00,24790.5,24807.5,24734.0,24763.5,69764
2025-09-19T11:00:00,24763.5,24778.5,24708.0,24771.25,57692
2025-09-19T12:00:00,24771.0,24835.5,24770.5,24821.5,54877
2025-09-19T13:00:00,24821.5,24829.25,24795.5,24815.75,31117
2025-09-19T14:00:00,24816.5,24833.0,24804.25,24825.25,26716
2025-09-19T15:00:00,24825.0,24888.0,24821.5,24860.25,67954
2025-09-22T10:00:00,24872.75,24931.0,24855.0,24926.75,63395
2025-09-22T11:00:00,24926.5,24937.75,24897.25,24911.25,45056
2025-09-22T12:00:00,24911.25,24994.5,24910.0,24986.75,66457
2025-09-22T13:00:00,24986.5,25000.5,24973.25,24988.75,38600
2025-09-22T14:00:00,24988.5,25019.25,24986.5,25012.75,36780
2025-09-22T15:00:00,25012.5,25027.25,24989.75,24999.0,60706
2025-09-23T10:00:00,24940.5,24975.25,24929.5,24944.5,74554
2025-09-23T11:00:00,24944.5,24969.75,24929.5,24946.25,52551
2025-09-23T12:00:00,24945.75,24954.5,24915.0,24928.75,53306
2025-09-23T13:00:00,24928.75,24930.5,24780.5,24835.75,102063
2025-09-23T14:00:00,24835.25,24846.0,24784.0,24790.25,58915
2025-09-23T15:00:00,24790.75,24843.0,24789.75,24830.25,68838
2025-09-24T10:00:00,24821.0,24841.0,24790.25,24794.0,68782
2025-09-24T11:00:00,24794.0,24810.0,24678.25,24679.75,77043
2025-09-24T12:00:00,24679.75,24706.0,24627.0,24685.0,73947
2025-09-24T13:00:00,24685.25,24759.0,24682.75,24709.75,53428
2025-09-24T14:00:00,24709.5,24741.5,24682.75,24739.0,42318
2025-09-24T15:00:00,24739.75,24749.25,24700.5,24740.0,52374
2025-09-25T10:00:00,24452.5,24656.75,24445.0,24635.25,118973
2025-09-25T11:00:00,24635.0,24696.75,24583.75,24677.75,82243
2025-09-25T12:00:00,24677.25,24691.75,24613.0,24625.0,49981
2025-09-25T13:00:00,24624.75,24644.75,24511.75,24517.25,58956
2025-09-25T14:00:00,24517.5,24640.25,24453.5,24628.0,84901
2025-09-25T15:00:00,24627.75,24646.25,24592.0,24630.75,60070
2025-09-26T10:00:00,24707.5,24733.25,24520.0,24565.0,124859
2025-09-26T11:00:00,24566.25,24636.5,24545.75,24581.0,65562
2025-09-26T12:00:00,24581.5,24700.0,24568.25,24691.0,48045
2025-09-26T13:00:00,24691.5,24717.0,24665.0,24692.0,34035
2025-09-26T14:00:00,24691.75,24737.0,24671.75,24725.75,36389
2025-09-26T15:00:00,24725.5,24735.75,24700.25,24726.0,39362
2025-09-29T10:00:00,24942.0,24975.5,24917.5,24929.0,70293
2025-09-29T11:00:00,24929.25,24942.75,24830.75,24849.25,76666
2025-09-29T12:00:00,24849.0,24867.5,24822.0,24834.75,47137
2025-09-29T13:00:00,24835.0,24849.25,24800.25,24844.75,41998
2025-09-29T14:00:00,24845.0,24870.0,24834.25,24843.0,32179
2025-09-29T15:00:00,24842.75,24848.25,24780.5,24837.75,72684
2025-09-30T10:00:00,24785.5,24854.5,24747.0,24842.25,81515
2025-09-30T11:00:00,24842.5,24862.75,24755.5,24810.75,71792
2025-09-30T12:00:00,24810.5,24843.75,24767.75,24783.25,39164
2025-09-30T13:00:00,24783.0,24797.5,24731.75,24769.0,43639
2025-09-30T14:00:00,24768.5,24851.75,24762.0,24837.75,41895
2025-09-30T15:00:00,24838.0,24913.75,24821.5,24897.5,74396
2025-10-01T10:00:00,24781.25,24912.0,24750.0,24897.5,72535
2025-10-01T11:00:00,24896.75,24938.5,24875.25,24931.0,49821
2025-10-01T12:00:00,24931.5,24957.75,24928.75,24955.0,30616
2025-10-01T13:00:00,24955.0,24990.0,24952.25,24983.5,35787
2025-10-01T14:00:00,24982.75,25034.75,24972.75,25024.0,41839
2025-10-01T15:00:00,25023.75,25036.75,25000.75,25011.5,51912
2025-10-02T10:00:00,25063.5,25091.5,25019.0,25021.75,78564
2025-10-02T11:00:00,25021.0,25082.25,24993.75,25077.5,67434
2025-10-02T12:00:00,25077.5,25080.25,25034.0,25077.25,39328
2025-10-02T13:00:00,25077.0,25113.0,25059.5,25085.5,31371
2025-10-02T14:00:00,25085.5,25120.0,25079.25,25112.25,28465
2025-10-02T15:00:00,25111.75,25126.5,25091.0,25108.5,42126
2025-10-03T10:00:00,25105.75,25128.75,25051.0,25117.0,77946
2025-10-03T11:00:00,25117.0,25152.0,25099.25,25145.0,47368
2025-10-03T12:00:00,25144.75,25156.0,25108.0,25118.0,29708
2025-10-03T13:00:00,25117.5,25117.5,24923.25,24974.0,94801
2025-10-03T14:00:00,24973.5,25044.5,24926.0,25009.0,63408
2025-10-03T15:00:00,25008.5,25030.0,24980.0,24996.25,47452
2025-10-06T10:00:00,25156.0,25185.0,25108.5,25152.25,65878
2025-10-06T11:00:00,25152.0,25216.0,25143.0,25208.0,43439
2025-10-06T12:00:00,25207.75,25211.5,25182.75,25202.25,27788
2025-10-06T13:00:00,25202.5,25231.75,25183.0,25227.5,33552
2025-10-06T14:00:00,25227.75,25252.75,25218.5,25238.75,30509
2025-10-06T15:00:00,25238.25,25239.0,25180.5,25184.25,51818
2025-10-07T10:00:00,25242.0,25257.5,25172.25,25186.0,73526
2025-10-07T11:00:00,25186.5,25191.5,24984.75,25029.5,129209
2025-10-07T12:00:00,25029.75,25092.0,24998.0,25024.75,69857
2025-10-07T13:00:00,25024.5,25065.0,25013.5,25015.5,40655
2025-10-07T14:00:00,25016.0,25053.25,24991.0,25053.25,35617
2025-10-07T15:00:00,25053.0,25073.0,25027.0,25045.25,47755
2025-10-08T10:00:00,25174.25,25231.0,25172.75,25193.75,79380
2025-10-08T11:00:00,25194.0,25261.0,25190.0,25254.5,47032
2025-10-08T12:00:00,25254.75,25276.25,25233.5,25251.5,33865
2025-10-08T13:00:00,25251.25,25290.75,25238.25,25273.75,28869
2025-10-08T14:00:00,25273.25,25297.5,25265.25,25270.75,35645
2025-10-08T15:00:00,25270.5,25344.25,25267.0,25329.75,61873
2025-10-09T10:00:00,25279.5,25288.75,25193.5,25250.5,84105
2025-10-09T11:00:00,25251.5,25274.5,25197.75,25263.0,64172
2025-10-09T12:00:00,25263.5,25274.0,25196.0,25203.75,49056
2025-10-09T13:00:00,25204.25,25233.75,25160.75,25215.5,57296
2025-10-09T14:00:00,25215.5,25244.0,25182.5,25235.0,36060
2025-10-09T15:00:00,25235.25,25295.75,25233.25,25294.5,53383
2025-10-10T10:00:00,25357.5,25370.75,25127.75,25194.75,92751
2025-10-10T11:00:00,25193.0,25195.25,24670.75,24827.0,240454
2025-10-10T12:00:00,24824.25,24848.0,24647.5,24658.0,114145
2025-10-10T13:00:00,24657.25,24751.0,24604.0,24680.0,94485
2025-10-10T14:00:00,24680.0,24718.5,24572.0,24588.25,66373
2025-10-10T15:00:00,24589.0,24635.75,24384.25,24402.75,123602
2025-10-13T10:00:00,24887.0,24913.5,24744.0,24758.5,102226
2025-10-13T11:00:00,24759.0,24901.75,24746.0,24893.5,60438
2025-10-13T12:00:00,24893.75,24956.25,24869.75,24948.25,54721
2025-10-13T13:00:00,24948.0,24959.0,24888.5,24926.5,40184
2025-10-13T14:00:00,24926.25,24965.0,24889.75,24901.0,36068
2025-10-13T15:00:00,24901.25,24948.5,24883.0,24921.0,60573
2025-10-14T10:00:00,24575.0,24743.75,24556.75,24690.0,91097
2025-10-14T11:00:00,24690.0,24839.25,24684.25,24805.0,72001
2025-10-14T12:00:00,24805.0,24947.5,24762.0,24892.25,71199
2025-10-14T13:00:00,24892.0,24938.0,24858.5,24899.5,46100
2025-10-14T14:00:00,24900.25,24926.75,24881.5,24899.25,32900
2025-10-14T15:00:00,24899.25,24927.0,24686.0,24756.5,89945
2025-10-15T10:00:00,25013.75,25115.0,25013.0,25100.0,74897
2025-10-15T11:00:00,25100.25,25109.75,24877.25,24934.25,87494
2025-10-15T12:00:00,24934.5,24992.25,24892.25,24903.0,58143
2025-10-15T13:00:00,24902.75,24914.0,24663.5,24903.5,101477
2025-10-15T14:00:00,24903.75,24959.0,24859.0,24953.0,44184
2025-10-15T15:00:00,24952.75,24956.25,24845.25,24924.75,60091
2025-10-16T10:00:00,25062.5,25179.5,25013.75,25106.5,98399
2025-10-16T11:00:00,25107.5,25131.25,24946.0,24972.5,87034
2025-10-16T12:00:00,24972.25,24996.25,24732.0,24927.5,117082
2025-10-16T13:00:00,24926.75,24967.0,24826.25,24865.5,73275
2025-10-16T14:00:00,24864.5,24871.5,24643.5,24798.5,85475
2025-10-16T15:00:00,24797.0,24846.0,24692.5,24831.25,73320
2025-10-17T10:00:00,24822.25,24960.75,24749.0,24764.0,107303
2025-10-17T11:00:00,24764.5,24873.5,24675.0,24849.5,94162
2025-10-17T12:00:00,24849.5,24973.25,24849.0,24902.25,68879
2025-10-17T13:00:00,24903.25,24946.5,24829.0,24936.5,50016
2025-10-17T14:00:00,24935.25,25030.0,24935.0,24996.75,43792
2025-10-17T15:00:00,24997.75,25055.75,24979.25,24988.25,54351
2025-10-20T10:00:00,25222.5,25322.0,25212.0,25314.0,74548
2025-10-20T11:00:00,25314.25,25345.5,25289.25,25316.75,55093
2025-10-20T12:00:00,25319.0,25327.5,25290.75,25314.5,33797
2025-10-20T13:00:00,25314.25,25354.5,25311.75,25336.75,26662
2025-10-20T14:00:00,25336.25,25353.25,25306.5,25327.25,26807
2025-10-20T15:00:00,25327.5,25336.5,25297.0,25300.0,46610
2025-10-21T10:00:00,25235.25,25301.75,25203.25,25298.0,75723
2025-10-21T11:00:00,25297.75,25326.75,25242.0,25322.75,58400
2025-10-21T12:00:00,25322.0,25348.5,25277.5,25285.5,40707
2025-10-21T13:00:00,25285.75,25317.5,25250.0,25313.25,40184
2025-10-21T14:00:00,25313.5,25327.0,25290.0,25309.75,24465
2025-10-21T15:00:00,25309.25,25334.25,25286.75,25291.5,34288
2025-10-22T10:00:00,25258.0,25280.75,25050.5,25173.0,126179
2025-10-22T11:00:00,25173.75,25192.25,25003.25,25100.25,91731
2025-10-22T12:00:00,25101.0,25110.0,24867.0,24992.75,99137
2025-10-22T13:00:00,24991.5,25011.25,24804.75,24874.0,72218
2025-10-22T14:00:00,24873.75,24960.0,24827.0,24957.5,63971
2025-10-22T15:00:00,24957.75,25058.0,24923.25,25040.5,68629
2025-10-23T10:00:00,25160.75,25198.5,25084.0,25189.75,89691
2025-10-23T11:00:00,25189.75,25216.5,25119.5,25193.75,67565
2025-10-23T12:00:00,25194.75,25241.25,25183.75,25240.0,42216
2025-10-23T13:00:00,25240.0,25283.25,25189.5,25278.75,53436
2025-10-23T14:00:00,25279.5,25288.0,25245.5,25273.75,30442
2025-10-23T15:00:00,25274.25,25282.5,25230.5,25253.0,41852
2025-10-24T10:00:00,25506.0,25548.75,25431.5,25468.75,83340
2025-10-24T11:00:00,25467.75,25546.5,25456.75,25523.0,56342
2025-10-24T12:00:00,25522.75,25563.0,25520.0,25551.5,36353
2025-10-24T13:00:00,25551.0,25570.75,25538.75,25549.25,24954
2025-10-24T14:00:00,25549.0,25555.0,25528.25,25544.0,25409
2025-10-24T15:00:00,25543.75,25566.75,25497.5,25509.25,55077
2025-10-27T10:00:00,25848.75,25892.0,25823.0,25857.5,68978
2025-10-27T11:00:00,25857.75,25910.0,25855.5,25893.0,42759
2025-10-27T12:00:00,25893.0,25918.0,25889.25,25913.75,26581
2025-10-27T13:00:00,25913.5,25929.0,25891.0,25926.5,27757
2025-10-27T14:00:00,25926.75,25946.25,25919.5,25941.5,27129
2025-10-27T15:00:00,25941.75,25981.25,25920.5,25960.75,62991
2025-10-28T10:00:00,26065.0,26076.5,26008.75,26035.0,56021
2025-10-28T11:00:00,26035.75,26061.5,26006.0,26060.5,37899
2025-10-28T12:00:00,26060.75,26146.25,26060.5,26108.5,52465
2025-10-28T13:00:00,26108.5,26158.25,26102.75,26153.25,41206
2025-10-28T14:00:00,26153.5,26197.0,26147.25,26194.75,35560
2025-10-28T15:00:00,26194.75,26231.5,26157.75,26160.0,67918
2025-10-29T10:00:00,26319.0,26326.5,26243.5,26259.5,65408
2025-10-29T11:00:00,26260.25,26278.0,26218.5,26237.75,54157
2025-10-29T12:00:00,26237.75,26266.5,26203.25,26254.25,41395
2025-10-29T13:00:00,26254.0,26268.25,26219.0,26254.0,21906
2025-10-29T14:00:00,26255.0,26290.0,26049.25,26184.25,96092
2025-10-29T15:00:00,26185.25,26287.5,26111.75,26280.5,81990
2025-10-30T10:00:00,26124.75,26177.5,25979.0,26016.5,102279
2025-10-30T11:00:00,26016.25,26077.0,25965.25,25991.0,56430
2025-10-30T12:00:00,25991.75,26097.0,25985.25,26073.25,50958
2025-10-30T13:00:00,26073.25,26075.5,25999.0,26067.5,39984
2025-10-30T14:00:00,26067.5,26067.5,25975.25,25989.0,41936
2025-10-30T15:00:00,25989.0,25993.75,25869.25,25872.0,71476
2025-10-31T10:00:00,26102.25,26182.0,26060.0,26164.5,76445
2025-10-31T11:00:00,26164.0,26182.75,26050.0,26052.25,67697
2025-10-31T12:00:00,26052.25,26053.5,25929.75,25949.5,70374
2025-10-31T13:00:00,25949.25,25980.75,25888.75,25947.75,68866
2025-10-31T14:00:00,25948.0,26022.5,25944.5,26014.0,45643
2025-10-31T15:00:00,26014.5,26118.25,25992.0,25994.0,78086
2025-11-03T10:00:00,26140.5,26155.75,26015.5,26088.5,92387
2025-11-03T11:00:00,26088.5,26128.0,26043.5,26118.5,53350
2025-11-03T12:00:00,26118.75,26159.5,26083.25,26149.75,42125
2025-11-03T13:00:00,26150.0,26166.25,26123.75,26129.5,28322
2025-11-03T14:00:00,26129.5,26138.5,26066.25,26116.5,37933
2025-11-03T15:00:00,26116.5,26124.5,26071.5,26110.5,42954
2025-11-04T10:00:00,25874.75,25893.5,25763.75,25789.5,84076
2025-11-04T11:00:00,25789.0,25822.75,25723.25,25756.25,64867
2025-11-04T12:00:00,25756.25,25757.75,25642.25,25679.25,64107
2025-11-04T13:00:00,25677.25,25684.5,25601.75,25669.25,58170
2025-11-04T14:00:00,25668.0,25688.25,25574.25,25605.25,50569
2025-11-04T15:00:00,25605.75,25642.5,25544.0,25579.5,70741
2025-11-05T10:00:00,25680.5,25736.0,25615.0,25720.75,92042
2025-11-05T11:00:00,25719.75,25788.5,25658.25,25774.25,66269
2025-11-05T12:00:00,25774.0,25828.25,25740.25,25812.25,43623
2025-11-05T13:00:00,25811.75,25872.75,25804.5,25864.5,32049
2025-11-05T14:00:00,25864.25,25880.0,25823.25,25863.25,35547
2025-11-05T15:00:00,25863.25,25877.75,25729.5,25740.75,63052
2025-11-06T10:00:00,25513.25,25547.0,25290.75,25303.0,155031
2025-11-06T11:00:00,25302.75,25370.25,25201.25,25220.5,94373
2025-11-06T12:00:00,25220.25,25356.25,25197.75,25337.25,74237
2025-11-06T13:00:00,25337.25,25371.25,25225.5,25330.25,61265
2025-11-06T14:00:00,25331.25,25438.5,25321.0,25404.25,61312
2025-11-06T15:00:00,25403.75,25414.75,25226.5,25259.0,77048
2025-11-07T10:00:00,25018.0,25045.0,24823.0,24823.5,126350
2025-11-07T11:00:00,24822.75,24861.0,24718.75,24746.75,82342
2025-11-07T12:00:00,24745.75,24864.5,24709.25,24841.25,68918
2025-11-07T13:00:00,24841.5,24953.5,24821.25,24922.5,63389
2025-11-07T14:00:00,24922.5,25116.75,24900.75,25114.5,64720
2025-11-07T15:00:00,25113.75,25173.0,25023.5,25164.5,81230
2025-11-10T10:00:00,25637.25,25666.5,25516.5,25524.0,88349
2025-11-10T11:00:00,25523.75,25537.75,25452.5,25521.25,88330
2025-11-10T12:00:00,25521.25,25647.25,25507.5,25635.0,60316
2025-11-10T13:00:00,25635.5,25682.5,25628.75,25646.75,40963
2025-11-10T14:00:00,25647.25,25716.5,25642.5,25702.0,39861
2025-11-10T15:00:00,25702.25,25760.5,25696.75,25712.5,75823
2025-11-11T10:00:00,25626.75,25628.0,25486.5,25513.0,89234
2025-11-11T11:00:00,25513.0,25591.5,25478.5,25510.25,74500
2025-11-11T12:00:00,25510.25,25631.25,25506.75,25618.0,51423
2025-11-11T13:00:00,25617.5,25696.25,25607.25,25690.5,52805
2025-11-11T14:00:00,25690.5,25691.25,25637.75,25663.25,34622
2025-11-11T15:00:00,25663.75,25688.5,25619.75,25646.5,47752
2025-11-12T10:00:00,25593.5,25660.0,25528.5,25557.0,106830
2025-11-12T11:00:00,25557.25,25608.5,25488.75,25532.0,84090
2025-11-12T12:00:00,25532.25,25629.0,25518.0,25608.75,68247
2025-11-12T13:00:00,25608.75,25637.25,25582.75,25612.5,43870
2025-11-12T14:00:00,25613.0,25624.5,25552.25,25580.25,45249
2025-11-12T15:00:00,25580.25,25651.5,25545.0,25625.25,60786
2025-11-13T10:00:00,25382.0,25496.75,25197.0,25258.5,129217
2025-11-13T11:00:00,25257.75,25277.75,25159.0,25192.5,88370
2025-11-13T12:00:00,25192.5,25254.75,25125.75,25136.0,69984
2025-11-13T13:00:00,25137.5,25166.0,25012.75,25070.5,75431
2025-11-13T14:00:00,25070.0,25132.5,25002.5,25054.5,66877
2025-11-13T15:00:00,25054.25,25145.0,25015.0,25100.25,87595
2025-11-14T10:00:00,24953.0,25179.0,24863.25,25143.0,149407
2025-11-14T11:00:00,25142.5,25268.25,25069.0,25247.75,87079
2025-11-14T12:00:00,25247.75,25293.25,25160.25,25203.5,73024
2025-11-14T13:00:00,25204.0,25224.25,25088.25,25172.75,78253
2025-11-14T14:00:00,25172.5,25241.75,25124.5,25228.0,46649
2025-11-14T15:00:00,25228.0,25251.25,25071.25,25103.25,72093
2025-11-17T10:00:00,25199.25,25216.0,25053.75,25080.5,104905
2025-11-17T11:00:00,25080.5,25201.0,24945.0,25196.75,88204
2025-11-17T12:00:00,25196.25,25199.75,24997.0,25001.0,62990
2025-11-17T13:00:00,25001.0,25050.75,24886.75,24895.25,68491
2025-11-17T14:00:00,24895.5,24911.5,24754.25,24756.25,74731
2025-11-17T15:00:00,24756.25,24890.75,24731.75,24887.5,89419
2025-11-18T10:00:00,24521.75,24613.0,24430.0,24458.5,152350
2025-11-18T11:00:00,24458.75,24697.0,24380.0,24653.25,110530
2025-11-18T12:00:00,24653.0,24783.25,24493.5,24752.75,83376
2025-11-18T13:00:00,24754.0,24804.5,24692.0,24708.75,63028
2025-11-18T14:00:00,24710.25,24810.25,24686.0,24775.5,58309
2025-11-18T15:00:00,24775.25,24795.75,24579.0,24583.0,77397
2025-11-19T10:00:00,24894.0,24988.0,24748.0,24769.5,123164
2025-11-19T11:00:00,24768.75,24786.5,24648.75,24714.5,102668
2025-11-19T12:00:00,24714.5,24721.25,24507.0,24635.25,81462
2025-11-19T13:00:00,24633.5,24713.25,24587.25,24686.75,56374
2025-11-19T14:00:00,24688.25,24701.25,24571.0,24658.5,52765
2025-11-19T15:00:00,24656.75,24830.25,24644.5,24725.0,77017
2025-11-20T10:00:00,25275.0,25310.0,25156.75,25162.75,110964
2025-11-20T11:00:00,25162.75,25164.75,24512.0,24554.75,188902
2025-11-20T12:00:00,24554.0,24641.25,24308.5,24395.0,151996
2025-11-20T13:00:00,24395.25,24598.75,24235.5,24278.5,102153
2025-11-20T14:00:00,24278.75,24402.0,24205.0,24396.5,73176
2025-11-20T15:00:00,24396.25,24396.25,24098.0,24137.25,93184
2025-11-21T10:00:00,24174.25,24228.5,23927.25,24021.75,150194
2025-11-21T11:00:00,24021.0,24373.25,23935.0,24372.25,95103
2025-11-21T12:00:00,24371.75,24415.5,24305.5,24350.25,68502
2025-11-21T13:00:00,24350.5,24559.5,24203.5,24477.25,84010
2025-11-21T14:00:00,24477.5,24596.25,24427.5,24458.75,63057
2025-11-21T15:00:00,24458.75,24496.25,24285.0,24313.75,72563
2025-11-24T10:00:00,24683.0,24817.25,24664.0,24780.25,96442
2025-11-24T11:00:00,24780.0,24889.75,24779.5,24846.25,59780
2025-11-24T12:00:00,24847.0,24939.75,24829.0,24920.5,52104
2025-11-24T13:00:00,24920.25,24953.75,24914.0,24925.5,36455
2025-11-24T14:00:00,24925.25,24961.0,24893.0,24914.0,43358
2025-11-24T15:00:00,24914.25,24993.5,24912.75,24936.5,77007
2025-11-25T10:00:00,24819.0,24873.0,24655.5,24818.0,122365
2025-11-25T11:00:00,24818.25,24913.5,24773.5,24899.25,58778
2025-11-25T12:00:00,24899.25,25060.75,24893.75,24986.25,61296
2025-11-25T13:00:00,24986.5,25049.5,24982.75,25023.75,35785
2025-11-25T14:00:00,25024.0,25033.25,24938.0,25013.75,40346
2025-11-25T15:00:00,25014.5,25135.25,25012.5,25079.75,62008
2025-11-26T10:00:00,25167.0,25271.5,25133.75,25268.0,87844
2025-11-26T11:00:00,25268.25,25376.0,25263.25,25354.25,63158
2025-11-26T12:00:00,25355.0,25369.25,25313.25,25338.75,40549
2025-11-26T13:00:00,25339.0,25360.0,25281.0,25316.5,50492
2025-11-26T14:00:00,25316.5,25355.25,25297.75,25332.5,37672
2025-11-26T15:00:00,25332.5,25360.75,25294.75,25296.25,51026
2025-11-28T09:30:00,25373.0,25422.0,25331.0,25369.25,23792
2025-11-28T10:30:00,25370.5,25421.75,25352.25,25409.5,26400
2025-11-28T11:30:00,25409.0,25436.25,25367.5,25426.25,34404
2025-11-28T12:30:00,25426.75,25490.5,25394.25,25487.0,41805
2025-12-01T10:00:00,25365.75,25420.0,25267.5,25412.75,94809
2025-12-01T11:00:00,25413.0,25451.0,25322.5,25435.5,60880
2025-12-01T12:00:00,25434.75,25495.75,25414.25,25450.5,42008
2025-12-01T13:00:00,25450.75,25492.75,25446.5,25486.5,26876
2025-12-01T14:00:00,25486.75,25488.0,25357.0,25373.75,56745
2025-12-01T15:00:00,25373.75,25421.25,25365.0,25402.0,62520
2025-12-02T10:00:00,25598.5,25670.0,25531.0,25647.75,97069
2025-12-02T11:00:00,25648.0,25663.5,25414.5,25509.25,106762
2025-12-02T12:00:00,25509.75,25622.25,25504.5,25506.25,56304
2025-12-02T13:00:00,25506.25,25587.25,25496.5,25577.0,44662
2025-12-02T14:00:00,25577.25,25643.0,25563.25,25633.75,38457
2025-12-02T15:00:00,25634.0,25646.75,25591.5,25600.5,46000
2025-12-03T10:00:00,25497.5,25605.5,25482.25,25563.0,97862
2025-12-03T11:00:00,25563.25,25621.5,25521.75,25560.25,59700
2025-12-03T12:00:00,25560.75,25637.25,25555.0,25625.5,41886
2025-12-03T13:00:00,25625.25,25654.75,25608.25,25629.0,32987
2025-12-03T14:00:00,25628.5,25672.25,25625.75,25669.75,27796
2025-12-03T15:00:00,25670.0,25685.25,25640.75,25657.25,45299
2025-12-04T10:00:00,25555.5,25639.25,25520.5,25569.75,83398
2025-12-04T11:00:00,25569.5,25650.25,25505.0,25642.0,72362
2025-12-04T12:00:00,25642.0,25653.25,25585.75,25617.5,41848
2025-12-04T13:00:00,25617.5,25632.5,25574.75,25604.0,35893
2025-12-04T14:00:00,25603.75,25612.0,25488.75,25589.0,60494
2025-12-04T15:00:00,25589.25,25632.75,25551.75,25627.25,53268
2025-12-05T10:00:00,25791.25,25868.0,25716.25,25743.0,92669
2025-12-05T11:00:00,25743.0,25767.0,25651.25,25730.25,81936
2025-12-05T12:00:00,25729.5,25740.75,25664.75,25730.5,45267
2025-12-05T13:00:00,25729.75,25758.5,25700.0,25726.75,34938
2025-12-05T14:00:00,25727.75,25743.75,25702.5,25737.5,31401
2025-12-05T15:00:00,25737.75,25740.25,25677.75,25726.0,47838
2025-12-08T10:00:00,25744.75,25778.0,25649.75,25663.0,69668
2025-12-08T11:00:00,25662.75,25671.5,25626.25,25639.5,55898
2025-12-08T12:00:00,25640.25,25690.0,25593.75,25680.5,54365
2025-12-08T13:00:00,25680.25,25696.25,25564.75,25592.5,53415
2025-12-08T14:00:00,25592.75,25622.25,25568.0,25591.75,36805
2025-12-08T15:00:00,25591.75,25671.75,25582.5,25669.0,46594
2025-12-09T10:00:00,25630.5,25685.25,25605.5,25684.5,67690
2025-12-09T11:00:00,25683.75,25716.0,25668.25,25709.0,51909
2025-12-09T12:00:00,25709.0,25733.0,25689.25,25717.75,38618
2025-12-09T13:00:00,25716.75,25735.75,25690.75,25721.75,38976
2025-12-09T14:00:00,25721.75,25724.25,25683.0,25702.5,30377
2025-12-09T15:00:00,25701.75,25722.0,25683.75,25703.25,37881
2025-12-10T10:00:00,25630.5,25656.5,25550.25,25566.75,73573
2025-12-10T11:00:00,25567.0,25658.25,25528.75,25650.5,55942
2025-12-10T12:00:00,25650.5,25682.25,25615.75,25665.25,33387
2025-12-10T13:00:00,25664.75,25667.75,25595.0,25616.75,30692
2025-12-10T14:00:00,25614.5,25834.75,25602.5,25824.75,128266
2025-12-10T15:00:00,25824.0,25870.75,25788.0,25800.0,73747
2025-12-11T10:00:00,25414.75,25629.25,25390.25,25531.0,120822
2025-12-11T11:00:00,25531.25,25589.25,25456.25,25501.25,76225
2025-12-11T12:00:00,25501.25,25647.5,25494.75,25592.5,55226
2025-12-11T13:00:00,25592.0,25687.0,25582.0,25637.5,46946
2025-12-11T14:00:00,25636.75,25722.75,25635.25,25689.5,34340
2025-12-11T15:00:00,25690.25,25720.0,25660.5,25715.0,46829
2025-12-12T10:00:00,25558.25,25559.0,25214.0,25240.5,166012
2025-12-12T11:00:00,25240.25,25277.25,25118.0,25174.5,124420
2025-12-12T12:00:00,25173.5,25311.5,25162.75,25276.5,72664
2025-12-12T13:00:00,25277.25,25372.5,25262.75,25278.25,62249
2025-12-12T14:00:00,25279.0,25285.5,25215.25,25234.0,50264
2025-12-12T15:00:00,25231.25,25262.75,25145.5,25209.75,83120
2025-12-15T10:00:00,25225.75,25235.75,25033.25,25153.0,91087
2025-12-15T11:00:00,25154.25,25266.75,25119.0,25162.5,58377
2025-12-15T12:00:00,25161.0,25187.75,25084.25,25131.25,43669
2025-12-15T13:00:00,25130.0,25169.5,25080.25,25152.5,36237
2025-12-15T14:00:00,25152.5,25181.5,25106.25,25150.0,29878
2025-12-15T15:00:00,25149.5,25157.25,25082.5,25084.0,39569
2025-12-16T10:00:00,25149.25,25409.0,24937.25,25321.75,236454
2025-12-16T11:00:00,25322.0,25344.0,24971.0,25335.5,75744
2025-12-16T12:00:00,25335.75,25355.0,24952.5,25200.0,65717
2025-12-16T13:00:00,25200.5,25350.25,24934.0,25316.25,64919
2025-12-16T14:00:00,25315.75,25349.25,24985.5,25318.5,54324
2025-12-16T15:00:00,25318.25,25444.0,25072.0,25132.75,0
2025-12-17T10:00:00,25099.5,25345.75,24807.5,25059.5,133625
2025-12-17T11:00:00,25058.25,25122.5,24758.75,25034.5,105398
2025-12-17T12:00:00,25035.25,25085.0,24756.25,25022.5,70764
2025-12-17T13:00:00,25022.0,25078.0,24795.25,24957.75,49108
2025-12-17T14:00:00,24956.5,24985.5,24922.0,24975.5,43370
2025-12-17T15:00:00,24975.0,24983.25,24887.75,24892.0,61619
2025-12-18T10:00:00,25277.5,25407.25,25174.75,25366.0,117828
2025-12-18T11:00:00,25365.75,25412.5,25343.25,25386.5,60492
2025-12-18T12:00:00,25386.75,25386.75,25184.5,25355.25,101231
2025-12-18T13:00:00,25355.5,25402.25,25317.25,25338.5,51661
2025-12-18T14:00:00,25338.0,25340.0,25193.75,25208.0,70462
2025-12-18T15:00:00,25208.25,25343.5,25192.5,25252.0,72742
2025-12-19T10:00:00,25558.75,25600.25,25465.25,25483.0,81974
2025-12-19T11:00:00,25483.0,25565.0,25460.0,25505.25,56775
2025-12-19T12:00:00,25505.25,25597.5,25502.0,25578.25,40406
2025-12-19T13:00:00,25577.75,25592.0,25543.75,25551.75,27927
2025-12-19T14:00:00,25551.5,25589.5,25550.5,25569.0,20572
2025-12-19T15:00:00,25569.5,25593.0,25549.75,25581.0,55108
2025-12-22T10:00:00,25747.0,25754.75,25628.0,25674.5,67091
2025-12-22T11:00:00,25674.25,25721.25,25672.5,25714.75,38433
2025-12-22T12:00:00,25715.0,25727.25,25686.5,25721.0,30789
2025-12-22T13:00:00,25721.25,25722.25,25673.0,25689.5,29437
2025-12-22T14:00:00,25689.75,25712.25,25676.25,25690.5,22906
2025-12-22T15:00:00,25690.75,25703.5,25679.25,25688.25,33732
2025-12-23T10:00:00,25692.25,25741.0,25628.25,25731.25,66020
2025-12-23T11:00:00,25731.5,25776.5,25726.5,25773.25,40649
2025-12-23T12:00:00,25774.0,25777.75,25750.75,25754.75,24433
2025-12-23T13:00:00,25754.25,25780.25,25751.5,25774.0,19535
2025-12-23T14:00:00,25774.0,25800.5,25772.5,25797.25,20387
2025-12-23T15:00:00,25797.0,25820.5,25792.25,25811.25,34744
2025-12-24T09:30:00,25822.75,25827.5,25784.0,25809.75,34303
2025-12-24T10:30:00,25809.5,25840.75,25803.75,25828.75,34124
2025-12-24T11:30:00,25829.0,25885.0,25828.0,25876.25,31422
2025-12-24T12:30:00,25876.5,25892.0,25864.0,25877.75,26844
2025-12-26T10:00:00,25881.0,25906.0,25834.25,25899.5,45918
2025-12-26T11:00:00,25899.0,25912.0,25857.0,25873.75,27951
2025-12-26T12:00:00,25873.5,25881.75,25847.75,25871.75,21696
2025-12-26T13:00:00,25871.75,25893.25,25854.5,25891.75,16975
2025-12-26T14:00:00,25891.75,25899.0,25873.0,25891.25,17696
2025-12-26T15:00:00,25890.75,25892.0,25853.5,25866.75,27054
2025-12-29T10:00:00,25723.0,25772.75,25661.75,25702.75,63573
2025-12-29T11:00:00,25702.5,25718.25,25680.0,25695.5,33196
2025-12-29T12:00:00,25695.5,25707.75,25648.0,25700.0,29091
2025-12-29T13:00:00,25699.25,25729.0,25680.5,25694.5,23480
2025-12-29T14:00:00,25694.0,25774.25,25683.5,25765.5,28393
2025-12-29T15:00:00,25765.75,25766.25,25729.25,25741.0,31045
2025-12-30T10:00:00,25756.0,25761.5,25681.5,25744.0,52761
2025-12-30T11:00:00,25744.5,25793.75,25717.0,25720.5,38613
2025-12-30T12:00:00,25720.0,25739.0,25699.5,25728.75,25479
2025-12-30T13:00:00,25728.75,25744.25,25707.5,25732.5,19582
2025-12-30T14:00:00,25732.5,25743.0,25705.5,25712.0,21698
2025-12-30T15:00:00,25711.5,25717.75,25668.25,25677.5,33595
2025-12-31T10:00:00,25606.25,25618.0,25542.5,25555.0,42444
2025-12-31T11:00:00,25554.25,25607.5,25552.75,25605.0,27312
2025-12-31T12:00:00,25605.0,25606.5,25568.0,25581.5,22184
2025-12-31T13:00:00,25581.5,25629.5,25572.5,25614.25,20214
2025-12-31T14:00:00,25614.5,25634.5,25532.0,25535.75,28955
2025-12-31T15:00:00,25535.75,25539.5,25444.5,25455.25,57219
2026-01-02T10:00:00,25733.75,25780.0,25360.5,25375.0,123411
2026-01-02T11:00:00,25375.75,25427.25,25294.25,25341.5,85884
2026-01-02T12:00:00,25341.25,25405.5,25310.75,25323.75,40356
2026-01-02T13:00:00,25323.5,25363.75,25265.25,25295.0,36929
2026-01-02T14:00:00,25294.5,25457.0,25288.5,25399.5,42858
2026-01-02T15:00:00,25399.5,25450.5,25362.0,25386.0,49650
2026-01-05T10:00:00,25593.25,25690.5,25566.0,25665.0,71997
2026-01-05T11:00:00,25665.25,25708.0,25651.25,25658.25,44850
2026-01-05T12:00:00,25659.0,25673.5,25607.5,25626.75,41602
2026-01-05T13:00:00,25627.0,25632.25,25557.0,25612.75,36633
2026-01-05T14:00:00,25612.75,25618.75,25549.5,25577.5,30774
2026-01-05T15:00:00,25577.0,25613.0,25565.0,25587.0,42872
2026-01-06T10:00:00,25753.0,25779.0,25676.75,25687.5,78197
2026-01-06T11:00:00,25687.0,25706.75,25645.5,25695.5,61540
2026-01-06T12:00:00,25696.0,25772.5,25674.5,25760.25,43504
2026-01-06T13:00:00,25759.75,25805.75,25745.0,25800.0,31573
2026-01-06T14:00:00,25805.0,25821.0,25794.0,25809.75,24717
2026-01-06T15:00:00,25812.25,25837.75,25802.0,25834.75,32208
2026-01-07T10:00:00,25857.25,25911.25,25810.75,25905.75,81361
2026-01-07T11:00:00,25905.0,25971.0,25879.25,25970.0,57056
2026-01-07T12:00:00,25970.25,25996.25,25960.0,25971.0,42024
2026-01-07T13:00:00,25971.0,25979.0,25926.0,25955.5,40804
2026-01-07T14:00:00,25956.0,25956.25,25890.0,25902.75,40804
2026-01-07T15:00:00,25902.75,25913.5,25814.5,25834.25,66681
2026-01-08T10:00:00,25603.75,25713.5,25569.0,25684.25,100524
2026-01-08T11:00:00,25684.25,25686.5,25583.75,25671.25,60366
2026-01-08T12:00:00,25670.75,25703.75,25627.0,25680.5,35637
2026-01-08T13:00:00,25681.0,25684.75,25619.25,25631.75,35316
2026-01-08T14:00:00,25631.25,25657.75,25595.0,25634.25,34689
2026-01-08T15:00:00,25633.5,25700.0,25625.5,25683.0,44798
2026-01-09T10:00:00,25734.0,25879.0,25615.5,25812.25,116964
2026-01-09T11:00:00,25811.75,25920.5,25810.75,25910.25,61920
2026-01-09T12:00:00,25910.0,25936.0,25885.5,25923.5,39396
2026-01-09T13:00:00,25923.5,25967.75,25882.0,25961.25,41137
2026-01-09T14:00:00,25961.25,25972.75,25948.0,25954.5,23267
2026-01-09T15:00:00,25954.25,25985.5,25930.25,25932.75,43532
2026-01-12T10:00:00,25901.25,25933.5,25863.75,25915.5,70197
2026-01-12T11:00:00,25915.5,25969.5,25901.0,25961.0,46839
2026-01-12T12:00:00,25961.0,25974.0,25938.25,25968.0,26929
2026-01-12T13:00:00,25968.5,25997.5,25965.0,25978.5,25934
2026-01-12T14:00:00,25978.5,26016.5,25962.0,26014.75,26699
2026-01-12T15:00:00,26015.0,26020.5,25950.5,25952.5,44420
2026-01-13T10:00:00,25947.25,25969.75,25809.25,25894.5,104591
2026-01-13T11:00:00,25894.5,26025.75,25847.25,26008.5,66405
2026-01-13T12:00:00,26008.75,26018.25,25857.75,25877.25,58248
2026-01-13T13:00:00,25876.5,25910.75,25833.75,25839.75,47501
2026-01-13T14:00:00,25840.25,25885.25,25821.25,25866.25,42467
2026-01-13T15:00:00,25866.0,25912.0,25803.25,25903.75,51450
2026-01-14T10:00:00,25586.25,25693.5,25469.5,25492.0,127424
2026-01-14T11:00:00,25491.75,25592.25,25440.0,25460.25,72993
2026-01-14T12:00:00,25459.5,25509.0,25433.25,25449.75,55917
2026-01-14T13:00:00,25449.75,25526.0,25420.75,25515.0,49799
2026-01-14T14:00:00,25515.25,25534.0,25486.0,25500.5,35458
2026-01-14T15:00:00,25500.0,25643.5,25460.5,25636.75,93705
2026-01-15T10:00:00,25863.5,25925.75,25803.25,25884.25,93760
2026-01-15T11:00:00,25884.5,25937.25,25877.25,25924.75,52788
2026-01-15T12:00:00,25924.5,25938.0,25849.25,25853.5,39485
2026-01-15T13:00:00,25853.25,25911.0,25848.75,25886.0,30783
2026-01-15T14:00:00,25885.0,25885.0,25746.25,25757.5,67368
2026-01-15T15:00:00,25756.0,25771.75,25676.5,25719.25,77971
2026-01-16T10:00:00,25729.0,25765.5,25591.5,25680.5,108023
2026-01-16T11:00:00,25680.25,25752.75,25661.0,25716.5,57045
2026-01-16T12:00:00,25716.5,25721.5,25657.75,25660.0,35319
2026-01-16T13:00:00,25660.75,25732.25,25654.0,25716.5,28491
2026-01-16T14:00:00,25716.25,25748.0,25672.75,25716.25,38607
2026-01-16T15:00:00,25715.75,25729.5,25681.5,25684.75,55638
2026-01-20T10:00:00,25322.0,25417.0,25254.75,25362.75,95340
2026-01-20T11:00:00,25363.0,25429.75,25333.75,25398.75,74879
2026-01-20T12:00:00,25398.5,25406.75,25257.5,25292.75,57209
2026-01-20T13:00:00,25293.0,25311.25,25170.5,25199.25,46802
2026-01-20T14:00:00,25199.0,25225.0,25128.0,25168.75,52416
2026-01-20T15:00:00,25169.25,25169.25,25098.0,25141.5,80657
2026-01-21T10:00:00,25323.5,25488.0,25294.75,25470.0,96192
2026-01-21T11:00:00,25469.75,25494.25,25220.5,25229.25,100955
2026-01-21T12:00:00,25229.75,25262.75,25142.0,25246.25,88644
2026-01-21T13:00:00,25244.75,25294.75,25150.75,25283.25,64064
2026-01-21T14:00:00,25282.25,25648.25,25232.75,25638.75,106875
2026-01-21T15:00:00,25639.0,25653.5,25446.0,25471.0,87479
2026-01-22T10:00:00,25582.0,25658.75,25536.75,25606.0,91838
2026-01-22T11:00:00,25605.25,25700.0,25603.75,25669.5,50565
2026-01-22T12:00:00,25668.75,25722.0,25652.5,25712.25,40162
2026-01-22T13:00:00,25711.75,25723.5,25667.0,25673.5,32845
2026-01-22T14:00:00,25673.5,25715.25,25634.0,25639.75,36657
2026-01-22T15:00:00,25639.5,25665.25,25584.75,25663.0,69436
2026-01-23T10:00:00,25668.0,25827.5,25661.5,25826.5,85406
2026-01-23T11:00:00,25826.5,25845.75,25761.0,25789.0,61038
2026-01-23T12:00:00,25789.0,25808.0,25683.0,25693.75,52202
2026-01-23T13:00:00,25693.75,25764.25,25688.5,25725.5,41274
2026-01-23T14:00:00,25726.25,25774.75,25719.5,25748.0,31747
2026-01-23T15:00:00,25748.0,25755.75,25691.25,25734.5,53785
2026-01-26T10:00:00,25837.0,25898.5,25803.0,25881.25,72027
2026-01-26T11:00:00,25881.0,25928.5,25850.75,25906.25,50514
2026-01-26T12:00:00,25906.5,25936.5,25881.75,25891.25,30995
2026-01-26T13:00:00,25890.5,25932.25,25873.5,25898.75,30416
2026-01-26T14:00:00,25898.25,25913.75,25877.75,25878.5,25564
2026-01-26T15:00:00,25879.0,25895.0,25840.5,25844.5,47136
2026-01-27T10:00:00,26052.5,26098.5,26021.5,26078.5,74137
2026-01-27T11:00:00,26078.5,26106.75,26073.25,26079.75,40325
2026-01-27T12:00:00,26080.0,26092.0,26050.25,26061.75,35465
2026-01-27T13:00:00,26062.0,26097.75,26038.0,26090.25,30527
2026-01-27T14:00:00,26090.0,26099.75,26072.75,26091.75,23275
2026-01-27T15:00:00,26092.0,26114.25,26068.25,26075.5,46922
2026-01-28T10:00:00,26253.0,26265.5,26159.5,26162.75,72391
2026-01-28T11:00:00,26162.5,26198.5,26100.75,26116.75,45972
2026-01-28T12:00:00,26117.25,26165.5,26110.5,26140.75,39705
2026-01-28T13:00:00,26140.5,26180.0,26122.0,26171.5,25475
2026-01-28T14:00:00,26171.0,26210.25,26112.75,26160.75,59204
2026-01-28T15:00:00,26161.0,26212.25,26131.25,26150.75,50323
2026-01-29T10:00:00,25864.5,25868.25,25536.0,25576.75,160333
2026-01-29T11:00:00,25576.75,25739.75,25538.0,25711.25,90904
2026-01-29T12:00:00,25711.25,25878.75,25708.75,25760.5,61914
2026-01-29T13:00:00,25760.25,25891.5,25758.25,25836.75,45077
2026-01-29T14:00:00,25836.25,25898.5,25820.0,25849.0,35238
2026-01-29T15:00:00,25849.25,26020.0,25841.5,25994.25,62324
2026-01-30T10:00:00,25827.25,25934.0,25770.75,25841.5,97116
2026-01-30T11:00:00,25842.0,25869.0,25744.25,25757.5,68440
2026-01-30T12:00:00,25758.25,25795.75,25678.25,25679.5,69398
2026-01-30T13:00:00,25677.75,25771.75,25568.75,25741.0,71958
2026-01-30T14:00:00,25741.25,25781.5,25652.0,25658.5,62200
2026-01-30T15:00:00,25657.75,25731.75,25571.25,25672.75,85851
2026-02-02T10:00:00,25746.75,25912.25,25733.0,25840.5,82630
2026-02-02T11:00:00,25840.25,25905.25,25803.0,25893.5,45660
2026-02-02T12:00:00,25893.5,25941.75,25888.5,25923.5,30498
2026-02-02T13:00:00,25923.75,25949.5,25897.5,25941.75,22565
2026-02-02T14:00:00,25941.75,25945.0,25841.5,25846.5,27676
2026-02-02T15:00:00,25846.75,25900.0,25821.75,25856.25,58955
2026-02-03T10:00:00,25632.75,25646.75,25470.25,25617.5,138944
2026-02-03T11:00:00,25617.5,25619.75,25467.75,25491.25,75628
2026-02-03T12:00:00,25491.5,25502.5,25345.0,25387.25,71904
2026-02-03T13:00:00,25386.5,25423.5,25245.5,25245.5,57831
2026-02-03T14:00:00,25245.5,25359.25,25219.0,25316.25,72440
2026-02-03T15:00:00,25316.25,25459.0,25269.5,25446.25,68763
2026-02-04T10:00:00,25194.25,25305.0,25108.0,25151.5,125690
2026-02-04T11:00:00,25152.25,25171.5,24928.0,25035.5,89902
2026-02-04T12:00:00,25035.75,25057.5,24783.5,24874.25,84863
2026-02-04T13:00:00,24873.75,24959.75,24819.0,24925.0,68756
2026-02-04T14:00:00,24923.5,25115.5,24863.75,25106.25,72445
2026-02-04T15:00:00,25106.0,25123.75,24983.5,24996.5,59864
2026-02-05T10:00:00,24769.0,24800.75,24550.0,24634.5,130047
2026-02-05T11:00:00,24634.25,24856.5,24543.25,24829.0,93393
2026-02-05T12:00:00,24829.5,24887.5,24722.25,24782.25,55374
2026-02-05T13:00:00,24783.75,24834.5,24662.0,24700.25,44225
2026-02-05T14:00:00,24700.25,24839.25,24672.5,24712.0,48015
2026-02-05T15:00:00,24711.75,24808.0,24567.75,24638.75,75907
2026-02-06T10:00:00,24856.75,24962.25,24743.25,24895.75,114813
2026-02-06T11:00:00,24895.25,25051.75,24880.5,25000.75,68829
2026-02-06T12:00:00,25001.0,25108.75,24986.5,25092.5,45300
2026-02-06T13:00:00,25092.25,25124.0,25074.0,25084.5,30349
2026-02-06T14:00:00,25084.25,25108.75,25065.25,25070.75,24219
2026-02-06T15:00:00,25070.25,25222.0,25052.75,25148.0,59977
2026-02-09T10:00:00,25112.25,25329.0,25102.75,25312.25,68931
2026-02-09T11:00:00,25311.5,25404.0,25305.75,25391.0,49248
2026-02-09T12:00:00,25390.75,25416.5,25349.5,25355.25,36844
2026-02-09T13:00:00,25355.0,25388.75,25312.0,25369.5,38192
2026-02-09T14:00:00,25370.0,25428.75,25363.75,25399.0,24463
2026-02-09T15:00:00,25399.25,25413.0,25332.25,25338.5,49484
2026-02-10T10:00:00,25392.5,25447.25,25348.0,25375.0,73772
2026-02-10T11:00:00,25375.0,25400.25,25316.25,25327.0,50979
2026-02-10T12:00:00,25327.25,25397.75,25304.0,25384.0,32816
2026-02-10T13:00:00,25383.75,25386.0,25270.75,25312.5,48537
2026-02-10T14:00:00,25312.5,25323.25,25274.5,25294.5,29738
2026-02-10T15:00:00,25292.5,25296.75,25198.25,25219.0,52199
2026-02-11T10:00:00,25306.5,25343.25,25058.25,25244.0,122373
2026-02-11T11:00:00,25244.25,25275.0,25175.0,25181.0,50899
2026-02-11T12:00:00,25180.75,25325.0,25141.75,25263.75,46980
2026-02-11T13:00:00,25264.5,25312.5,25200.75,25301.25,41048
2026-02-11T14:00:00,25302.0,25360.5,25257.75,25309.0,35035
2026-02-11T15:00:00,25308.75,25322.5,25271.75,25278.25,39954
2026-02-12T10:00:00,25208.25,25260.25,25006.5,25010.25,100860
2026-02-12T11:00:00,25011.0,25031.75,24805.75,24878.5,116307
2026-02-12T12:00:00,24878.0,24940.75,24823.75,24825.25,67482
2026-02-12T13:00:00,24825.5,24929.75,24800.25,24905.5,61135
2026-02-12T14:00:00,24906.25,24943.75,24846.5,24898.5,56805
2026-02-12T15:00:00,24899.75,24912.75,24721.5,24762.75,81536
2026-02-13T10:00:00,24699.0,24928.5,24692.25,24810.25,107593
2026-02-13T11:00:00,24811.0,24934.5,24762.75,24894.5,58541
2026-02-13T12:00:00,24894.25,24993.5,24883.5,24938.25,42596
2026-02-13T13:00:00,24938.5,24995.5,24900.75,24939.75,40810
2026-02-13T14:00:00,24940.5,24968.5,24848.75,24852.75,38179
2026-02-13T15:00:00,24852.25,24890.5,24731.75,24802.75,75056
2026-02-17T10:00:00,24483.75,24641.0,24449.25,24600.25,114005
2026-02-17T11:00:00,24599.25,24796.75,24593.25,24759.25,75964
2026-02-17T12:00:00,24759.0,24764.5,24608.75,24697.5,51888
2026-02-17T13:00:00,24698.0,24874.75,24649.25,24845.0,55677
2026-02-17T14:00:00,24845.5,24889.75,24807.75,24815.0,43026
2026-02-17T15:00:00,24815.0,24841.75,24735.75,24776.75,62988
2026-02-18T10:00:00,24940.75,25099.75,24937.5,25086.75,84633
2026-02-18T11:00:00,25086.5,25117.25,25057.5,25061.5,44394
2026-02-18T12:00:00,25061.25,25128.25,25058.75,25098.25,38420
2026-02-18T13:00:00,25097.75,25127.25,24981.75,25027.5,41814
2026-02-18T14:00:00,25025.75,25036.75,24862.0,24883.0,57208
2026-02-18T15:00:00,24884.0,24998.0,24856.0,24957.5,67097
2026-02-19T10:00:00,24880.0,24956.5,24848.25,24924.25,80529
2026-02-19T11:00:00,24925.0,24959.5,24801.25,24843.75,62372
2026-02-19T12:00:00,24844.25,24904.75,24764.75,24780.0,47871
2026-02-19T13:00:00,24779.5,24849.0,24749.0,24842.0,45832
2026-02-19T14:00:00,24840.75,24849.25,24751.5,24782.0,35077
2026-02-19T15:00:00,24781.25,24866.0,24777.5,24863.5,46074
2026-02-20T10:00:00,24900.5,25127.0,24858.25,25118.75,120568
2026-02-20T11:00:00,25118.25,25139.5,24967.25,25098.0,69876
2026-02-20T12:00:00,25098.5,25109.25,24879.25,25034.25,79254
2026-02-20T13:00:00,25034.25,25122.25,24928.0,25097.75,68220
2026-02-20T14:00:00,25098.5,25118.75,25018.0,25023.0,33277
2026-02-20T15:00:00,25023.0,25079.25,25014.25,25074.0,44287
2026-02-23T10:00:00,24913.25,24952.25,24738.75,24743.25,98412
2026-02-23T11:00:00,24743.25,24789.25,24668.0,24734.75,78592
2026-02-23T12:00:00,24735.0,24763.75,24677.5,24744.75,47609
2026-02-23T13:00:00,24744.5,24820.25,24720.0,24727.5,45176
2026-02-23T14:00:00,24727.75,24755.0,24683.75,24692.0,40840
2026-02-23T15:00:00,24692.0,24772.75,24678.75,24768.0,63702
2026-02-24T10:00:00,24878.5,25031.0,24819.5,24976.5,92008
2026-02-24T11:00:00,24976.5,25047.25,24969.25,25028.75,55564
2026-02-24T12:00:00,25028.75,25076.25,25021.25,25046.0,37479
2026-02-24T13:00:00,25046.0,25078.75,25011.5,25030.0,33174
2026-02-24T14:00:00,25030.0,25060.25,24988.5,25021.5,32640
2026-02-24T15:00:00,25021.75,25072.0,24994.75,25029.5,53209
2026-02-25T10:00:00,25343.25,25361.75,25264.5,25295.25,72760
2026-02-25T11:00:00,25295.25,25333.25,25282.75,25316.5,39633
2026-02-25T12:00:00,25316.75,25355.0,25310.5,25352.25,28249
2026-02-25T13:00:00,25352.75,25358.0,25334.25,25350.5,17073
2026-02-25T14:00:00,25350.25,25378.5,25349.5,25368.75,18793
2026-02-25T15:00:00,25368.5,25396.5,25352.0,25383.25,45165
2026-02-26T10:00:00,25193.5,25210.75,24861.75,24998.75,141357
2026-02-26T11:00:00,24999.5,25085.5,24954.25,24963.5,65793
2026-02-26T12:00:00,24963.75,25009.25,24912.0,24934.75,42556
2026-02-26T13:00:00,24935.25,25030.75,24888.75,25001.5,49465
2026-02-26T14:00:00,25002.0,25099.0,24988.25,25063.0,40668
2026-02-26T15:00:00,25062.75,25094.75,25024.0,25083.25,52419
2026-02-27T10:00:00,24879.5,25017.25,24866.5,24982.75,78804
2026-02-27T11:00:00,24983.5,25021.5,24931.5,24968.75,52984
2026-02-27T12:00:00,24969.25,25036.75,24900.25,24945.5,53647
2026-02-27T13:00:00,24945.0,24955.25,24874.75,24902.75,35868
2026-02-27T14:00:00,24902.5,24963.0,24873.0,24895.25,31525
2026-02-27T15:00:00,24894.25,25022.75,24893.5,24998.25,74903
2026-03-02T10:00:00,24862.0,24958.5,24802.0,24924.5,76550
2026-03-02T11:00:00,24923.75,25044.25,24852.0,25033.5,68063
2026-03-02T12:00:00,25033.75,25076.5,25007.5,25065.75,37356
2026-03-02T13:00:00,25066.0,25074.75,24968.5,24972.5,33277
2026-03-02T14:00:00,24972.0,25101.0,24966.25,25082.75,43573
2026-03-02T15:00:00,25082.5,25090.5,24946.75,25021.75,74986
2026-03-03T10:00:00,24489.0,24562.5,24352.0,24446.75,105104
2026-03-03T11:00:00,24447.25,24724.75,24436.5,24671.0,83104
2026-03-03T12:00:00,24672.0,24712.25,24602.5,24641.5,48539
2026-03-03T13:00:00,24641.0,24832.5,24640.75,24800.25,49796
2026-03-03T14:00:00,24799.5,24850.0,24709.5,24787.25,49276
2026-03-03T15:00:00,24787.25,24821.75,24718.0,24756.5,53655
2026-03-04T10:00:00,24919.25,25148.5,24891.5,25127.5,101718
2026-03-04T11:00:00,25127.25,25170.5,25051.0,25145.5,63304
2026-03-04T12:00:00,25146.25,25181.5,25105.0,25168.75,37499
2026-03-04T13:00:00,25170.0,25214.25,25140.5,25192.75,33756
2026-03-04T14:00:00,25192.5,25217.75,25180.25,25189.0,23411
2026-03-04T15:00:00,25188.75,25195.25,25113.5,25121.5,52600
2026-03-05T10:00:00,25185.5,25209.75,24930.5,25082.5,100179
2026-03-05T11:00:00,25080.25,25093.25,24942.0,25042.5,62324
2026-03-05T12:00:00,25043.0,25123.0,24789.0,24807.0,81381
2026-03-05T13:00:00,24807.0,24888.75,24772.5,24814.0,53072
2026-03-05T14:00:00,24814.0,24882.25,24792.5,24858.0,37461
2026-03-05T15:00:00,24857.75,25056.0,24826.75,25048.5,75400
2026-03-06T10:00:00,24691.25,24893.25,24664.5,24858.5,92265
2026-03-06T11:00:00,24859.0,24915.0,24790.0,24880.75,61280
2026-03-06T12:00:00,24881.0,24926.25,24744.25,24784.25,46944
2026-03-06T13:00:00,24783.75,24898.5,24779.0,24799.75,46433
2026-03-06T14:00:00,24800.5,24854.0,24773.5,24808.25,36584
2026-03-06T15:00:00,24808.0,24853.25,24601.0,24667.5,74975
2026-03-09T10:00:00,24370.75,24585.5,24320.0,24549.0,88626
2026-03-09T11:00:00,24549.5,24659.25,24549.5,24642.5,51691
2026-03-09T12:00:00,24642.75,24749.25,24631.25,24709.25,46272
2026-03-09T13:00:00,24709.75,24712.25,24575.75,24611.0,39871
2026-03-09T14:00:00,24611.25,24708.25,24609.0,24655.5,36126
2026-03-09T15:00:00,24655.5,25058.0,24640.0,24992.0,109803
2026-03-10T10:00:00,24964.75,25152.75,24892.25,25151.25,77277
2026-03-10T11:00:00,25151.25,25182.0,25109.75,25148.75,51167
2026-03-10T12:00:00,25149.5,25169.25,25080.25,25156.25,40763
2026-03-10T13:00:00,25155.75,25217.5,25102.25,25170.25,51982
2026-03-10T14:00:00,25169.75,25181.0,24987.75,25030.0,67950
2026-03-10T15:00:00,25030.25,25072.5,24940.25,24986.25,62795
2026-03-11T10:00:00,25101.5,25180.0,24958.25,25065.0,78074
2026-03-11T11:00:00,25065.75,25090.0,24888.0,24934.75,67894
2026-03-11T12:00:00,24934.25,25012.5,24897.75,25007.25,40974
2026-03-11T13:00:00,25006.5,25026.5,24873.5,24951.0,45619
2026-03-11T14:00:00,24951.5,24977.0,24888.75,24957.5,36689
2026-03-11T15:00:00,24958.0,25006.75,24913.5,24984.0,37263
2026-03-12T10:00:00,24658.75,24747.5,24572.5,24619.75,89311
2026-03-12T11:00:00,24620.5,24709.75,24561.0,24665.5,67617
2026-03-12T12:00:00,24666.0,24735.25,24587.75,24662.25,63043
2026-03-12T13:00:00,24661.5,24724.0,24585.25,24625.5,39293
2026-03-12T14:00:00,24625.25,24671.5,24595.25,24599.75,31710
2026-03-12T15:00:00,24599.5,24643.0,24542.75,24555.75,54173
2026-03-13T10:00:00,24728.5,24765.0,24482.0,24489.75,100078
2026-03-13T11:00:00,24490.5,24569.25,24391.75,24408.75,81123
2026-03-13T12:00:00,24408.75,24488.5,24382.0,24397.25,56014
2026-03-13T13:00:00,24396.0,24473.75,24353.0,24374.25,48202
2026-03-13T14:00:00,24374.75,24472.5,24367.25,24448.5,41134
2026-03-13T15:00:00,24448.25,24449.5,24350.5,24397.25,54282
2026-03-16T10:00:00,24735.5,24764.5,24610.75,24693.75,70565
2026-03-16T11:00:00,24694.25,24954.0,24647.5,24890.25,51652
2026-03-16T12:00:00,24889.25,24917.75,24832.25,24890.0,42893
2026-03-16T13:00:00,24891.5,24939.5,24867.0,24897.0,33257
2026-03-16T14:00:00,24896.75,24949.75,24891.75,24919.0,29108
2026-03-16T15:00:00,24919.75,25035.0,24850.0,24884.75,57526
2026-03-17T10:00:00,25092.75,25098.0,24995.75,25075.75,72147
2026-03-17T11:00:00,25076.0,25089.5,24951.25,24991.0,64590
2026-03-17T12:00:00,24990.75,25026.25,24946.25,24995.5,47204
2026-03-17T13:00:00,24995.5,25044.25,24994.0,25034.5,34465
2026-03-17T14:00:00,25034.25,25057.75,24989.75,25003.25,33841
2026-03-17T15:00:00,25003.5,25027.75,24982.0,25010.5,40799
2026-03-18T10:00:00,24969.0,24984.75,24811.75,24882.25,69627
2026-03-18T11:00:00,24883.25,24931.75,24860.0,24899.25,47926
2026-03-18T12:00:00,24899.0,24912.0,24830.75,24845.0,33257
2026-03-18T13:00:00,24844.25,24884.75,24795.5,24880.0,29618
2026-03-18T14:00:00,24881.5,24916.5,24741.25,24743.75,49209
2026-03-18T15:00:00,24742.75,24801.5,24641.75,24651.5,69732
2026-03-19T10:00:00,24501.75,24546.75,24407.25,24489.0,70729
2026-03-19T11:00:00,24488.75,24577.5,24397.0,24475.0,63701
2026-03-19T12:00:00,24474.75,24522.75,24423.75,24454.75,42556
2026-03-19T13:00:00,24454.5,24488.25,24377.75,24453.5,41007
2026-03-19T14:00:00,24452.75,24524.5,24418.0,24509.75,42882
2026-03-19T15:00:00,24508.75,24691.5,24506.0,24574.75,93878
2026-03-20T10:00:00,24285.75,24328.0,24231.25,24271.0,77975
2026-03-20T11:00:00,24270.0,24343.25,24237.0,24310.75,54523
2026-03-20T12:00:00,24311.75,24356.75,24235.5,24272.25,45024
2026-03-20T13:00:00,24272.5,24292.5,24164.0,24212.25,44933
2026-03-20T14:00:00,24211.75,24222.25,24070.5,24094.25,45698
2026-03-20T15:00:00,24094.5,24118.0,23971.25,24113.0,87781
2026-03-23T10:00:00,24600.5,24688.25,24527.5,24609.5,72171
2026-03-23T11:00:00,24611.0,24690.0,24370.25,24381.5,68035
2026-03-23T12:00:00,24382.0,24465.5,24308.5,24368.75,63545
2026-03-23T13:00:00,24369.0,24473.75,24311.25,24468.25,41552
2026-03-23T14:00:00,24468.5,24536.75,24416.75,24514.0,38854
2026-03-23T15:00:00,24514.25,24516.5,24398.25,24399.25,49336
2026-03-24T10:00:00,24215.75,24343.0,24175.75,24242.5,83483
2026-03-24T11:00:00,24244.5,24385.25,24240.5,24295.5,51675
2026-03-24T12:00:00,24295.0,24346.25,24244.25,24281.25,37262
2026-03-24T13:00:00,24280.75,24294.75,24160.25,24242.5,48606
2026-03-24T14:00:00,24243.0,24348.0,24209.25,24275.75,41650
2026-03-24T15:00:00,24276.25,24319.75,24188.5,24218.75,44274
2026-03-25T10:00:00,24368.5,24519.5,24327.5,24484.25,70402
2026-03-25T11:00:00,24483.75,24494.25,24286.5,24378.25,75517
2026-03-25T12:00:00,24377.5,24450.25,24330.75,24422.0,44574
2026-03-25T13:00:00,24422.5,24493.75,24377.25,24427.75,44719
2026-03-25T14:00:00,24426.0,24453.0,24322.75,24354.5,32537
2026-03-25T15:00:00,24354.75,24395.0,24311.75,24372.0,48365
2026-03-26T10:00:00,24216.0,24242.5,24030.25,24103.0,74239
2026-03-26T11:00:00,24104.0,24129.75,24051.25,24093.0,47477
2026-03-26T12:00:00,24092.5,24101.75,23970.0,23998.0,48843
2026-03-26T13:00:00,23998.5,24018.0,23851.5,23861.25,40512
2026-03-26T14:00:00,23860.75,23900.75,23844.5,23882.75,37951
2026-03-26T15:00:00,23882.75,23886.5,23775.0,23787.25,66117
2026-03-27T10:00:00,23481.0,23558.5,23440.0,23511.5,70469
2026-03-27T11:00:00,23511.5,23610.5,23458.5,23549.5,63413
2026-03-27T12:00:00,23550.5,23556.75,23444.25,23473.5,38459
2026-03-27T13:00:00,23473.5,23529.5,23344.0,23360.25,47108
2026-03-27T14:00:00,23359.75,23396.25,23325.25,23340.0,39095
2026-03-27T15:00:00,23339.25,23360.5,23269.0,23309.0,63710
2026-03-30T10:00:00,23302.5,23382.75,23262.25,23377.5,73231
2026-03-30T11:00:00,23377.5,23436.25,23282.0,23375.0,63348
2026-03-30T12:00:00,23374.5,23380.25,23267.0,23288.0,39051
2026-03-30T13:00:00,23288.0,23306.25,23169.5,23210.75,47246
2026-03-30T14:00:00,23210.5,23212.75,23115.25,23120.75,31652
2026-03-30T15:00:00,23120.75,23165.25,23024.5,23135.5,66567
2026-03-31T10:00:00,23569.0,23587.75,23376.5,23409.5,77924
2026-03-31T11:00:00,23409.25,23558.75,23407.5,23446.5,61901
2026-03-31T12:00:00,23446.25,23857.25,23435.75,23775.25,109422
2026-03-31T13:00:00,23775.75,23876.0,23747.5,23761.0,81436
2026-03-31T14:00:00,23760.0,23872.0,23760.0,23855.5,41982
2026-03-31T15:00:00,23856.25,23975.25,23833.5,23909.75,77958
2026-04-01T10:00:00,24121.75,24270.0,24108.75,24260.0,81192
2026-04-01T11:00:00,24260.25,24327.0,24229.75,24313.25,50782
2026-04-01T12:00:00,24314.0,24330.75,24288.25,24318.75,31162
2026-04-01T13:00:00,24319.75,24348.25,24265.5,24266.75,30558
2026-04-01T14:00:00,24266.75,24273.5,24124.5,24159.0,65668
2026-04-01T15:00:00,24159.0,24255.75,24153.75,24200.5,67048
2026-04-02T10:00:00,23897.75,24266.75,23859.0,24175.0,125169
2026-04-02T11:00:00,24174.5,24214.5,24089.0,24136.0,67292
2026-04-02T12:00:00,24136.0,24177.0,24057.5,24121.0,42629
2026-04-02T13:00:00,24120.5,24182.75,24063.5,24090.75,31591
2026-04-02T14:00:00,24091.25,24165.0,24091.0,24140.5,29013
2026-04-02T15:00:00,24141.0,24225.75,24135.0,24220.75,39924
2026-04-06T10:00:00,24411.5,24452.25,24262.25,24306.25,75644
2026-04-06T11:00:00,24306.25,24337.5,24252.25,24323.25,37674
2026-04-06T12:00:00,24324.0,24346.75,24283.25,24309.25,25550
2026-04-06T13:00:00,24309.0,24334.25,24202.75,24263.5,37072
2026-04-06T14:00:00,24264.5,24364.25,24245.5,24351.25,31897
2026-04-06T15:00:00,24351.5,24376.25,24326.25,24363.0,31050
2026-04-07T10:00:00,24121.25,24144.5,23994.0,24009.25,82638
2026-04-07T11:00:00,24009.25,24133.0,23941.5,24108.5,61263
2026-04-07T12:00:00,24107.5,24241.75,24105.5,24202.25,50084
2026-04-07T13:00:00,24201.75,24299.75,24169.75,24225.5,42770
2026-04-07T14:00:00,24226.0,24238.25,24076.75,24102.0,37403
2026-04-07T15:00:00,24102.5,24381.0,24083.25,24370.0,85924
2026-04-08T10:00:00,25080.75,25105.0,24926.5,24993.0,85792
2026-04-08T11:00:00,24993.25,25089.0,24978.75,25078.5,52323
2026-04-08T12:00:00,25078.75,25157.5,25061.75,25142.25,37663
2026-04-08T13:00:00,25142.5,25156.75,25065.0,25094.25,34408
2026-04-08T14:00:00,25094.5,25131.75,24948.75,24953.25,46814
2026-04-08T15:00:00,24953.25,25097.0,24943.25,25079.75,67593
2026-04-09T10:00:00,25033.0,25056.0,24960.5,25041.25,67167
2026-04-09T11:00:00,25041.5,25197.75,25016.0,25189.0,77645
2026-04-09T12:00:00,25189.0,25265.75,25161.75,25196.5,56481
2026-04-09T13:00:00,25196.75,25257.0,25188.0,25226.75,36354
2026-04-09T14:00:00,25227.0,25231.25,25145.0,25179.75,47793
2026-04-09T15:00:00,25180.25,25269.75,25175.75,25248.75,50358
2026-04-10T10:00:00,25319.0,25373.75,25268.0,25352.5,65335
2026-04-10T11:00:00,25352.5,25393.0,25244.75,25264.5,59743
2026-04-10T12:00:00,25264.5,25301.5,25222.25,25264.5,43686
2026-04-10T13:00:00,25265.5,25276.0,25223.25,25272.0,29572
2026-04-10T14:00:00,25271.75,25281.25,25238.5,25260.75,29032
2026-04-10T15:00:00,25261.25,25302.0,25259.0,25284.25,44175
2026-04-13T10:00:00,25308.0,25360.75,25245.5,25351.75,71540
2026-04-13T11:00:00,25352.0,25355.0,25296.5,25309.5,43689
2026-04-13T12:00:00,25309.0,25435.0,25282.5,25410.75,65096
2026-04-13T13:00:00,25411.0,25439.5,25396.75,25404.0,30733
2026-04-13T14:00:00,25404.5,25454.5,25396.0,25445.25,26143
2026-04-13T15:00:00,25445.5,25550.25,25431.0,25537.75,53370
2026-04-14T10:00:00,25721.5,25820.25,25712.0,25806.0,64170
2026-04-14T11:00:00,25805.75,25899.75,25762.5,25875.75,56734
2026-04-14T12:00:00,25876.0,25938.0,25872.0,25914.0,40265
2026-04-14T13:00:00,25914.25,25969.25,25911.75,25958.0,31295
2026-04-14T14:00:00,25958.75,25964.75,25884.25,25917.75,40537
2026-04-14T15:00:00,25917.5,26003.25,25915.0,26001.25,66066
2026-04-15T10:00:00,26069.25,26176.25,26048.5,26163.0,69144
2026-04-15T11:00:00,26163.0,26215.5,26138.75,26196.75,51975
2026-04-15T12:00:00,26197.25,26251.5,26102.25,26144.25,58806
2026-04-15T13:00:00,26144.25,26220.0,26136.75,26190.75,37709
2026-04-15T14:00:00,26190.25,26315.25,26173.25,26303.25,45920
2026-04-15T15:00:00,26303.0,26377.5,26292.25,26363.5,65270
2026-04-16T10:00:00,26321.25,26422.75,26290.5,26404.25,81626
2026-04-16T11:00:00,26403.75,26543.0,26403.75,26533.25,74598
2026-04-16T12:00:00,26533.75,26564.0,26430.5,26473.25,56987
2026-04-16T13:00:00,26474.25,26509.75,26431.0,26460.75,51513
2026-04-16T14:00:00,26460.25,26484.25,26355.0,26438.0,68984
2026-04-16T15:00:00,26438.0,26498.5,26434.25,26483.75,54378
2026-04-17T10:00:00,26731.75,26855.75,26714.5,26827.25,83035
2026-04-17T11:00:00,26827.75,26877.0,26799.25,26804.75,64324
2026-04-17T12:00:00,26804.75,26884.75,26791.5,26859.25,44075
2026-04-17T13:00:00,26859.5,26877.25,26735.5,26808.0,70348
2026-04-17T14:00:00,26808.25,26822.0,26755.5,26784.75,50934
2026-04-17T15:00:00,26785.0,26831.0,26757.75,26827.5,54613
2026-04-20T10:00:00,26782.75,26788.25,26611.25,26637.75,85545
2026-04-20T11:00:00,26638.25,26710.75,26568.75,26658.5,69428
2026-04-20T12:00:00,26658.25,26699.75,26639.25,26679.25,34153
2026-04-20T13:00:00,26679.5,26727.0,26660.5,26707.25,33252
2026-04-20T14:00:00,26707.5,26748.5,26696.75,26732.25,35082
2026-04-20T15:00:00,26732.0,26752.0,26709.25,26745.0,39581
2026-04-21T10:00:00,26838.75,26885.25,26730.0,26736.75,76329
2026-04-21T11:00:00,26737.75,26786.25,26662.5,26731.5,84915
2026-04-21T12:00:00,26733.0,26782.75,26668.25,26670.75,53222
2026-04-21T13:00:00,26670.75,26765.75,26600.0,26699.25,81666
2026-04-21T14:00:00,26699.0,26746.25,26659.5,26724.0,46538
2026-04-21T15:00:00,26724.25,26786.5,26551.75,26641.5,87870
2026-04-22T10:00:00,26864.25,27006.25,26852.0,26972.0,85076
2026-04-22T11:00:00,26972.25,27008.75,26940.25,26980.5,51858
2026-04-22T12:00:00,26980.5,27005.0,26957.25,26966.75,38333
2026-04-22T13:00:00,26966.5,27050.0,26965.75,27030.0,42045
2026-04-22T14:00:00,27029.75,27041.0,26992.5,27013.75,30323
2026-04-22T15:00:00,27014.0,27093.0,26978.0,27079.75,62217
2026-04-23T10:00:00,27017.25,27106.25,26970.0,27094.25,74617
2026-04-23T11:00:00,27094.5,27155.75,27061.0,27093.0,57403
2026-04-23T12:00:00,27093.25,27119.0,27038.75,27087.75,40050
2026-04-23T13:00:00,27089.0,27099.0,26681.75,26880.5,143004
2026-04-23T14:00:00,26879.0,26982.25,26842.5,26860.5,59167
2026-04-23T15:00:00,26861.0,26944.5,26840.25,26926.5,55264
2026-04-24T10:00:00,27193.75,27297.25,27158.5,27290.25,75098
2026-04-24T11:00:00,27290.5,27417.5,27286.25,27396.0,69321
2026-04-24T12:00:00,27396.25,27430.5,27360.0,27409.75,41651
2026-04-24T13:00:00,27409.75,27462.5,27367.0,27432.75,39054
2026-04-24T14:00:00,27433.0,27443.0,27383.75,27408.0,31653
2026-04-24T15:00:00,27408.5,27454.5,27404.0,27433.25,54835
2026-04-27T10:00:00,27401.5,27409.5,27321.5,27368.0,74251
2026-04-27T11:00:00,27369.0,27383.0,27307.5,27367.25,50847
2026-04-27T12:00:00,27367.0,27406.5,27347.75,27390.5,27813
2026-04-27T13:00:00,27391.0,27439.75,27380.25,27428.5,31847
2026-04-27T14:00:00,27428.5,27437.25,27391.0,27399.25,20002
2026-04-27T15:00:00,27399.75,27454.75,27390.5,27445.0,36641
2026-04-28T10:00:00,27201.75,27235.0,27012.5,27091.75,99909
2026-04-28T11:00:00,27091.25,27119.75,27009.5,27053.5,66014
2026-04-28T12:00:00,27053.5,27095.75,27028.0,27084.25,46498
2026-04-28T13:00:00,27084.5,27144.25,27047.5,27141.5,36323
2026-04-28T14:00:00,27141.5,27194.75,27120.75,27194.25,38578
2026-04-28T15:00:00,27194.75,27224.5,27154.5,27169.25,52163
2026-04-29T10:00:00,27220.75,27315.5,27177.75,27302.25,59520
2026-04-29T11:00:00,27303.0,27309.5,27199.25,27240.25,62965
2026-04-29T12:00:00,27239.75,27273.5,27153.5,27199.25,46668
2026-04-29T13:00:00,27199.0,27254.0,27170.0,27249.5,32107
2026-04-29T14:00:00,27249.5,27301.0,27158.0,27295.25,49651
2026-04-29T15:00:00,27295.5,27340.25,27262.25,27337.0,57273
2026-04-30T10:00:00,27247.25,27376.0,27163.25,27359.5,107261
2026-04-30T11:00:00,27359.25,27435.75,27331.25,27388.5,73225
2026-04-30T12:00:00,27388.25,27435.0,27347.75,27371.25,43050
2026-04-30T13:00:00,27370.75,27548.0,27369.5,27543.25,50556
2026-04-30T14:00:00,27543.5,27591.75,27542.0,27551.25,41998
2026-04-30T15:00:00,27551.25,27622.0,27542.0,27577.5,61845
2026-05-01T10:00:00,27873.5,27909.25,27751.0,27814.75,92006
2026-05-01T11:00:00,27815.25,27917.0,27769.0,27890.75,59836
2026-05-01T12:00:00,27890.75,27901.5,27805.5,27831.5,47514
2026-05-01T13:00:00,27831.0,27897.0,27828.5,27883.75,30057
2026-05-01T14:00:00,27883.25,27890.25,27794.75,27821.75,38788
2026-05-01T15:00:00,27822.25,27900.75,27818.0,27837.0,54088
2026-05-04T10:00:00,27896.0,27941.0,27844.0,27882.0,63333
2026-05-04T11:00:00,27882.0,27914.25,27697.25,27734.75,93848
2026-05-04T12:00:00,27734.25,27747.75,27613.0,27706.25,67985
2026-05-04T13:00:00,27705.25,27803.75,27704.0,27792.25,41694
2026-05-04T14:00:00,27792.25,27818.75,27718.0,27759.75,35847
2026-05-04T15:00:00,27759.0,27794.0,27739.75,27780.25,43310
2026-05-05T10:00:00,28085.0,28139.25,28031.75,28096.0,80823
2026-05-05T11:00:00,28095.75,28149.75,28087.75,28127.0,41678
2026-05-05T12:00:00,28126.75,28152.5,28090.25,28125.5,36618
2026-05-05T13:00:00,28125.5,28167.75,28107.75,28159.0,27692
2026-05-05T14:00:00,28159.5,28186.25,28154.25,28169.25,24313
2026-05-05T15:00:00,28168.75,28188.25,28108.75,28135.5,48794
2026-05-06T10:00:00,28468.25,28550.75,28385.0,28537.25,96046
2026-05-06T11:00:00,28537.5,28586.75,28518.0,28560.25,51617
2026-05-06T12:00:00,28560.5,28601.25,28512.25,28539.25,36067
2026-05-06T13:00:00,28539.5,28610.25,28528.5,28600.0,27477
2026-05-06T14:00:00,28599.5,28665.75,28591.75,28640.25,34337
2026-05-06T15:00:00,28640.0,28725.75,28637.75,28711.25,64456
2026-05-07T10:00:00,28781.5,28944.75,28779.0,28928.5,82644
2026-05-07T11:00:00,28928.0,28930.5,28772.75,28784.25,71365
2026-05-07T12:00:00,28785.5,28788.25,28637.0,28696.75,91043
2026-05-07T13:00:00,28697.5,28713.5,28552.0,28696.5,83794
2026-05-07T14:00:00,28696.75,28721.5,28582.75,28644.75,63658
2026-05-07T15:00:00,28645.0,28708.75,28586.75,28683.75,63669
2026-05-08T10:00:00,29106.5,29175.25,29073.5,29162.0,79997
2026-05-08T11:00:00,29162.25,29217.75,29124.75,29191.5,59511
2026-05-08T12:00:00,29191.0,29247.75,29190.25,29241.0,42037
2026-05-08T13:00:00,29241.25,29317.5,29235.0,29264.25,48471
2026-05-08T14:00:00,29264.25,29305.5,29237.75,29240.5,34212
2026-05-08T15:00:00,29240.5,29341.0,29238.5,29340.0,63268
2026-05-11T10:00:00,29311.25,29417.75,29246.75,29391.5,80080
2026-05-11T11:00:00,29390.75,29475.25,29359.75,29465.25,51137
2026-05-11T12:00:00,29465.25,29480.0,29369.0,29405.0,43158
2026-05-11T13:00:00,29404.5,29476.5,29377.25,29441.5,35833
2026-05-11T14:00:00,29442.0,29475.0,29386.0,29387.75,32397
2026-05-11T15:00:00,29388.75,29434.5,29371.25,29429.25,62343
2026-05-12T10:00:00,29129.0,29228.25,29000.0,29014.25,112278
2026-05-12T11:00:00,29013.75,29031.0,28828.5,28839.75,86908
2026-05-12T12:00:00,28840.0,28913.5,28742.0,28749.0,64678
2026-05-12T13:00:00,28749.5,28929.75,28749.0,28920.5,57324
2026-05-12T14:00:00,28920.25,29007.25,28911.25,28956.0,53945
2026-05-12T15:00:00,28956.25,29188.25,28955.75,29174.5,74187
2026-05-13T10:00:00,29170.25,29322.0,29112.0,29317.5,84205
2026-05-13T11:00:00,29317.5,29386.75,29281.5,29310.0,52031
2026-05-13T12:00:00,29310.25,29463.5,29299.25,29447.75,49050
2026-05-13T13:00:00,29448.0,29496.25,29442.5,29444.25,33828
2026-05-13T14:00:00,29445.25,29565.5,29441.5,29472.25,47887
2026-05-13T15:00:00,29472.5,29540.0,29449.5,29476.0,51298
2026-05-14T10:00:00,29542.0,29730.0,29533.0,29674.25,88933
2026-05-14T11:00:00,29674.75,29773.75,29665.0,29755.25,53805
2026-05-14T12:00:00,29756.0,29782.0,29692.25,29728.0,49743
2026-05-14T13:00:00,29728.25,29754.5,29595.25,29731.0,65693
2026-05-14T14:00:00,29730.75,29730.75,29640.5,29708.5,51007
2026-05-14T15:00:00,29709.0,29735.0,29678.5,29686.75,52971
2026-05-15T10:00:00,29144.0,29382.75,29132.0,29281.25,111015
2026-05-15T11:00:00,29281.0,29382.0,29212.0,29281.25,72996
2026-05-15T12:00:00,29282.0,29351.0,29251.5,29322.75,46787
2026-05-15T13:00:00,29323.25,29453.75,29312.0,29447.25,40113
2026-05-15T14:00:00,29449.0,29486.75,29316.0,29389.75,52286
2026-05-15T15:00:00,29389.5,29398.25,29208.25,29231.25,66260
2026-05-18T10:00:00,29242.5,29299.0,28970.75,29082.5,125229
2026-05-18T11:00:00,29082.25,29126.25,28941.5,28997.25,77183
2026-05-18T12:00:00,28996.25,29074.0,28842.5,29006.0,76630
2026-05-18T13:00:00,29004.75,29038.0,28959.75,29014.0,44137
2026-05-18T14:00:00,29014.25,29020.5,28814.75,28840.0,61401
2026-05-18T15:00:00,28842.25,29114.0,28837.75,29098.75,98880
2026-05-19T10:00:00,28936.75,28944.0,28663.0,28804.0,135025
2026-05-19T11:00:00,28803.75,28877.75,28726.0,28815.75,68756
2026-05-19T12:00:00,28818.0,29034.75,28791.5,29021.75,57143
2026-05-19T13:00:00,29022.5,29126.5,29007.0,29068.75,56186
2026-05-19T14:00:00,29069.25,29101.75,28941.75,28959.5,44667
2026-05-19T15:00:00,28959.75,29059.75,28867.0,28923.25,63437
2026-05-20T10:00:00,29100.75,29279.5,29008.5,29261.25,108830
2026-05-20T11:00:00,29261.5,29395.5,29230.75,29331.5,68445
2026-05-20T12:00:00,29331.5,29337.5,29210.0,29261.75,51601
2026-05-20T13:00:00,29263.0,29326.0,29229.0,29301.25,34154
2026-05-20T14:00:00,29302.5,29345.0,29275.25,29300.5,30253
2026-05-20T15:00:00,29301.25,29396.75,29298.25,29396.0,49546
2026-05-21T10:00:00,29287.5,29340.0,29127.0,29235.75,98835
2026-05-21T11:00:00,29235.5,29304.5,29139.0,29266.25,63922
2026-05-21T12:00:00,29267.0,29310.5,29207.75,29257.75,33742
2026-05-21T13:00:00,29258.75,29554.0,29258.25,29497.25,69792
2026-05-21T14:00:00,29497.0,29521.5,29293.25,29337.0,55462
2026-05-21T15:00:00,29338.5,29466.0,29335.25,29445.25,54223
2026-05-22T10:00:00,29643.0,29655.0,29490.25,29647.25,76881
2026-05-22T11:00:00,29647.0,29713.75,29644.5,29687.5,44678
2026-05-22T12:00:00,29687.0,29694.75,29632.5,29671.5,33535
2026-05-22T13:00:00,29671.75,29749.0,29645.0,29678.5,44712
2026-05-22T14:00:00,29679.25,29688.75,29624.0,29650.25,30341
2026-05-22T15:00:00,29650.5,29664.5,29532.0,29551.25,55496
2026-05-26T10:00:00,30006.75,30118.75,29976.0,30054.75,77646
2026-05-26T11:00:00,30055.5,30066.75,29886.0,29927.25,80529
2026-05-26T12:00:00,29926.75,30015.5,29921.75,29974.75,48629
2026-05-26T13:00:00,29975.5,30013.25,29954.5,29996.75,34656
2026-05-26T14:00:00,29996.5,30060.75,29982.0,30014.5,36373
2026-05-26T15:00:00,30014.0,30112.0,30005.75,30079.25,54362
2026-05-27T10:00:00,30060.75,30099.25,29877.5,29940.75,119731
2026-05-27T11:00:00,29940.5,29981.25,29882.5,29936.0,69301
2026-05-27T12:00:00,29934.75,30048.25,29917.25,29988.0,48539
2026-05-27T13:00:00,29989.75,29997.25,29894.75,29972.5,43462
2026-05-27T14:00:00,29972.5,30060.25,29963.0,30038.75,37407
2026-05-27T15:00:00,30039.0,30072.0,30009.5,30047.25,46142
2026-05-28T10:00:00,29992.25,30191.5,29963.25,30187.75,103778
2026-05-28T11:00:00,30188.0,30293.0,30180.75,30264.5,52590
2026-05-28T12:00:00,30264.75,30329.75,30238.5,30327.0,36140
2026-05-28T13:00:00,30326.75,30344.5,30282.5,30319.5,37358
2026-05-28T14:00:00,30319.5,30337.5,30280.5,30293.5,33103
2026-05-28T15:00:00,30292.0,30331.5,30274.25,30306.75,48196
2026-05-29T10:00:00,30518.0,30536.0,30270.0,30359.5,137208
2026-05-29T11:00:00,30359.75,30439.75,30335.25,30362.5,61395
2026-05-29T12:00:00,30364.0,30447.75,30357.75,30396.75,41555
2026-05-29T13:00:00,30398.0,30410.75,30296.0,30302.0,37835
2026-05-29T14:00:00,30301.75,30402.25,30291.0,30324.5,42423
2026-05-29T15:00:00,30324.0,30445.25,30315.25,30396.25,61184
2026-06-01T10:00:00,30314.5,30447.25,30292.0,30436.75,82561
2026-06-01T11:00:00,30437.0,30554.25,30412.5,30502.25,60505
2026-06-01T12:00:00,30501.5,30584.25,30450.0,30580.75,49136
2026-06-01T13:00:00,30581.25,30693.0,30535.0,30670.0,58236
2026-06-01T14:00:00,30670.0,30675.75,30614.0,30623.5,30068
2026-06-01T15:00:00,30622.75,30648.75,30555.75,30571.25,49814
2026-06-02T10:00:00,30603.0,30647.25,30537.75,30642.25,78735
2026-06-02T11:00:00,30642.5,30697.75,30611.75,30689.5,52519
2026-06-02T12:00:00,30690.0,30713.25,30640.5,30691.25,40978
2026-06-02T13:00:00,30691.0,30703.25,30608.75,30627.5,38785
2026-06-02T14:00:00,30628.5,30664.0,30598.5,30638.5,32582
2026-06-02T15:00:00,30639.0,30721.25,30637.5,30707.25,51985
2026-06-03T10:00:00,30562.0,30739.5,30547.5,30667.25,93981
2026-06-03T11:00:00,30667.75,30715.5,30568.0,30604.25,61581
2026-06-03T12:00:00,30605.0,30623.25,30505.75,30606.75,57343
2026-06-03T13:00:00,30607.25,30647.25,30516.25,30642.75,43837
2026-06-03T14:00:00,30643.25,30682.25,30608.0,30652.0,37969
2026-06-03T15:00:00,30652.0,30694.75,30611.25,30635.75,59408
2026-06-04T10:00:00,30247.75,30360.0,30151.0,30356.75,101536
2026-06-04T11:00:00,30357.25,30469.5,30354.5,30413.75,68304
2026-06-04T12:00:00,30413.25,30493.25,30393.0,30479.0,43471
2026-06-04T13:00:00,30479.0,30563.25,30464.25,30559.5,41859
2026-06-04T14:00:00,30559.25,30598.5,30550.0,30558.0,43789
2026-06-04T15:00:00,30558.0,30603.25,30481.25,30485.25,64712
2026-06-05T10:00:00,29774.25,29942.5,29758.0,29853.0,124936
2026-06-05T11:00:00,29853.25,29870.0,29614.5,29658.5,93976
2026-06-05T12:00:00,29658.75,29660.25,29379.0,29490.5,113050
2026-06-05T13:00:00,29490.5,29505.0,29361.75,29471.0,85478
2026-06-05T14:00:00,29471.5,29477.0,29096.0,29191.0,112919
2026-06-05T15:00:00,29191.5,29211.0,28974.25,29016.5,136646
2026-06-08T10:00:00,29350.25,29681.0,29331.5,29676.5,109496
2026-06-08T11:00:00,29676.5,29743.0,29559.0,29610.0,84684
2026-06-08T12:00:00,29610.25,29692.25,29554.0,29580.5,57175
2026-06-08T13:00:00,29580.75,29624.25,29485.25,29558.25,64553
2026-06-08T14:00:00,29559.25,29617.75,29527.5,29542.0,43673
2026-06-08T15:00:00,29543.0,29548.0,29377.0,29452.75,82644
2026-06-09T10:00:00,29672.75,29712.0,29083.75,29239.75,188891
2026-06-09T11:00:00,29242.0,29302.0,28681.5,28695.25,141921
2026-06-09T12:00:00,28696.0,28787.5,28227.75,28480.0,172882
2026-06-09T13:00:00,28480.25,28924.5,28462.5,28832.5,121570
2026-06-09T14:00:00,28831.5,29091.25,28784.75,29065.75,75324
2026-06-09T15:00:00,29066.0,29146.5,28839.0,29117.0,106395
2026-06-10T10:00:00,29021.25,29250.0,28856.0,28900.25,111092
2026-06-10T11:00:00,28901.25,28985.75,28627.0,28855.25,106006
2026-06-10T12:00:00,28855.25,28896.5,28664.75,28717.5,50388
2026-06-10T13:00:00,28717.75,28793.75,28616.0,28780.0,55703
2026-06-10T14:00:00,28779.5,28832.5,28574.0,28607.5,50483
2026-06-10T15:00:00,28608.25,28669.0,28493.0,28527.25,77922
2026-06-11T10:00:00,28899.5,29049.5,28607.5,28648.25,92108
2026-06-11T11:00:00,28649.5,28907.25,28577.5,28858.0,69617
2026-06-11T12:00:00,28858.5,28975.25,28763.25,28769.5,52853
2026-06-11T13:00:00,28770.0,29302.25,28678.5,29214.0,89685
2026-06-11T14:00:00,29213.5,29312.25,29068.5,29268.75,58232
2026-06-11T15:00:00,29269.0,29544.25,29229.5,29457.75,85469
2026-06-12T10:00:00,29354.0,29644.0,29339.0,29631.0,93369
2026-06-12T11:00:00,29634.0,29760.0,29410.0,29439.75,64032
2026-06-12T12:00:00,29440.25,29678.75,29409.0,29673.0,44021
2026-06-12T13:00:00,29673.0,29752.25,29647.75,29682.5,31253
2026-06-12T14:00:00,29684.0,29719.0,29608.5,29645.0,29350
2026-06-12T15:00:00,29645.0,29711.0,29580.5,29650.5,43513
2026-06-15T10:00:00,30703.75,30800.0,30678.75,30775.0,82811
2026-06-15T11:00:00,30776.25,30887.0,30772.5,30879.25,55400
2026-06-15T12:00:00,30879.25,30915.0,30850.5,30867.5,46373
2026-06-15T13:00:00,30868.0,30893.0,30833.0,30858.75,38432
2026-06-15T14:00:00,30858.5,30891.0,30824.0,30861.25,35809
2026-06-15T15:00:00,30861.25,30879.0,30815.0,30872.75,60400
2026-06-16T10:00:00,30808.0,30858.5,30562.5,30602.75,100899
2026-06-16T11:00:00,30601.0,30665.25,30407.75,30467.25,75828
2026-06-16T12:00:00,30466.25,30575.0,30444.0,30496.5,50244
2026-06-16T13:00:00,30495.5,30521.0,30401.75,30477.25,42982
2026-06-16T14:00:00,30477.25,30496.5,30422.0,30443.0,35362
2026-06-16T15:00:00,30443.25,30480.75,30302.25,30309.75,81142
2026-06-17T10:00:00,30346.0,30545.75,30284.75,30359.25,85174
2026-06-17T11:00:00,30357.5,30458.5,30346.0,30450.0,42706
2026-06-17T12:00:00,30450.0,30472.25,30396.25,30410.25,26198
2026-06-17T13:00:00,30408.25,30484.75,30326.5,30466.75,29038
2026-06-17T14:00:00,30465.5,30520.0,30070.25,30274.75,104233
2026-06-17T15:00:00,30274.5,30370.0,29923.0,29994.75,104322
2026-06-18T10:00:00,30469.25,30660.75,30449.5,30623.5,83916
2026-06-18T11:00:00,30623.75,30675.75,30496.25,30640.75,59453
2026-06-18T12:00:00,30641.0,30707.75,30628.75,30684.75,43095
2026-06-18T13:00:00,30685.5,30736.75,30656.25,30708.5,30295
2026-06-18T14:00:00,30708.75,30718.75,30666.0,30690.75,27516
2026-06-18T15:00:00,30690.75,30783.25,30645.25,30693.5,62775
