timestamp,open,high,low,close,volume
2026-04-13T09:30:00,25215.25,25238.25,25196.5,25221.0,15043
2026-04-13T09:35:00,25221.75,25222.0,25174.0,25198.0,7917
2026-04-13T09:40:00,25197.75,25214.75,25179.25,25182.0,6021
2026-04-13T09:45:00,25182.25,25278.75,25160.0,25271.0,13745
2026-04-13T09:50:00,25271.5,25299.5,25228.75,25270.75,12845
2026-04-13T09:55:00,25271.0,25310.0,25256.25,25307.0,8233
2026-04-13T10:00:00,25308.0,25325.75,25287.5,25316.5,10735
2026-04-13T10:05:00,25316.75,25333.0,25300.75,25310.0,7161
2026-04-13T10:10:00,25310.0,25310.0,25275.75,25281.5,5845
2026-04-13T10:15:00,25282.25,25283.5,25252.0,25272.75,5746
2026-04-13T10:20:00,25272.5,25299.75,25245.5,25295.25,8851
2026-04-13T10:25:00,25296.0,25298.75,25278.25,25296.25,4630
2026-04-13T10:30:00,25296.25,25311.5,25287.5,25304.5,4689
2026-04-13T10:35:00,25304.75,25305.0,25277.0,25290.75,3646
2026-04-13T10:40:00,25290.5,25319.25,25287.25,25316.0,4214
2026-04-13T10:45:00,25316.25,25319.5,25293.0,25299.5,3915
2026-04-13T10:50:00,25300.0,25338.75,25294.0,25329.75,5474
2026-04-13T10:55:00,25329.5,25360.75,25319.0,25351.75,6634
2026-04-13T11:00:00,25352.0,25352.75,25308.0,25309.75,6128
2026-04-13T11:05:00,25310.25,25335.0,25306.25,25329.5,4448
2026-04-13T11:10:00,25329.25,25351.25,25320.25,25331.0,5159
2026-04-13T11:15:00,25332.0,25340.0,25315.0,25317.5,2621
2026-04-13T11:20:00,25317.5,25338.75,25316.5,25319.75,2611
2026-04-13T11:25:00,25320.0,25329.5,25310.5,25312.25,3260
2026-04-13T11:30:00,25313.0,25317.75,25296.5,25311.75,3809
2026-04-13T11:35:00,25311.75,25355.0,25306.0,25340.5,5667
2026-04-13T11:40:00,25340.25,25344.25,25313.0,25320.0,3323
2026-04-13T11:45:00,25320.5,25328.0,25311.5,25320.0,2042
2026-04-13T11:50:00,25320.0,25321.5,25302.5,25302.75,2309
2026-04-13T11:55:00,25302.75,25317.25,25297.75,25309.5,2312
2026-04-13T12:00:00,25309.0,25315.5,25284.75,25293.25,3587
2026-04-13T12:05:00,25293.25,25344.25,25282.5,25314.5,7496
2026-04-13T12:10:00,25313.75,25329.0,25307.75,25314.5,2627
2026-04-13T12:15:00,25314.25,25333.0,25305.0,25328.5,2774
2026-04-13T12:20:00,25329.0,25359.75,25328.5,25355.25,5314
2026-04-13T12:25:00,25355.0,25396.5,25351.75,25385.0,7134
2026-04-13T12:30:00,25385.25,25409.25,25370.5,25381.0,7355
2026-04-13T12:35:00,25380.0,25423.5,25379.75,25385.5,6128
2026-04-13T12:40:00,25384.75,25398.5,25345.25,25380.5,8761
2026-04-13T12:45:00,25381.0,25415.25,25373.25,25401.75,5432
2026-04-13T12:50:00,25402.25,25435.0,25393.5,25399.5,5664
2026-04-13T12:55:00,25399.25,25417.25,25387.0,25410.75,2824
2026-04-13T13:00:00,25411.0,25422.25,25404.0,25417.75,2835
2026-04-13T13:05:00,25417.5,25421.75,25396.75,25405.25,2387
2026-04-13T13:10:00,25405.0,25415.0,25403.0,25413.0,2307
2026-04-13T13:15:00,25413.5,25439.5,25410.75,25430.75,3960
2026-04-13T13:20:00,25431.0,25431.0,25419.5,25420.75,2560
2026-04-13T13:25:00,25421.0,25431.0,25419.75,25430.0,2112
2026-04-13T13:30:00,25429.5,25438.5,25422.5,25424.75,3006
2026-04-13T13:35:00,25424.25,25430.75,25416.25,25425.5,2451
2026-04-13T13:40:00,25424.75,25431.75,25419.25,25420.0,1582
2026-04-13T13:45:00,25420.25,25420.25,25409.5,25410.25,2282
2026-04-13T13:50:00,25410.0,25414.25,25398.75,25408.75,3752
2026-04-13T13:55:00,25408.75,25416.0,25403.0,25404.0,1499
2026-04-13T14:00:00,25404.5,25423.5,25404.0,25417.25,2294
2026-04-13T14:05:00,25416.75,25423.25,25412.75,25420.75,1331
2026-04-13T14:10:00,25420.25,25425.25,25414.5,25416.5,1469
2026-04-13T14:15:00,25416.75,25418.25,25407.75,25408.0,1433
2026-04-13T14:20:00,25408.0,25411.5,25400.0,25401.25,2139
2026-04-13T14:25:00,25402.0,25406.5,25396.0,25399.75,2288
2026-04-13T14:30:00,25399.25,25411.75,25397.0,25411.75,1575
2026-04-13T14:35:00,25411.0,25420.5,25408.5,25418.5,1676
2026-04-13T14:40:00,25419.0,25426.5,25413.75,25423.5,1683
2026-04-13T14:45:00,25423.75,25439.75,25423.5,25435.0,3555
2026-04-13T14:50:00,25435.5,25450.25,25430.0,25449.0,3717
2026-04-13T14:55:00,25448.75,25454.5,25443.75,25445.25,2983
2026-04-13T15:00:00,25445.5,25454.0,25444.0,25446.0,2362
2026-04-13T15:05:00,25447.0,25447.5,25436.0,25443.75,2021
2026-04-13T15:10:00,25443.75,25443.75,25431.0,25437.25,1852
2026-04-13T15:15:00,25437.75,25454.25,25435.0,25451.25,2058
2026-04-13T15:20:00,25451.25,25460.5,25447.75,25457.5,2280
2026-04-13T15:25:00,25457.25,25461.25,25456.0,25458.75,1897
2026-04-13T15:30:00,25458.5,25479.5,25450.75,25473.5,3923
2026-04-13T15:35:00,25473.0,25485.25,25465.5,25469.0,3628
2026-04-13T15:40:00,25468.75,25471.75,25458.5,25465.5,2576
2026-04-13T15:45:00,25465.75,25471.5,25456.25,25471.5,2714
2026-04-13T15:50:00,25471.5,25532.0,25470.25,25521.75,10735
2026-04-13T15:55:00,25522.25,25550.25,25522.0,25537.75,17324
2026-04-14T09:30:00,25656.25,25727.5,25656.0,25718.5,14773
2026-04-14T09:35:00,25718.0,25747.25,25703.5,25708.0,11818
2026-04-14T09:40:00,25708.0,25754.75,25706.25,25748.5,8389
2026-04-14T09:45:00,25748.25,25763.75,25728.75,25746.75,9010
2026-04-14T09:50:00,25747.5,25762.0,25738.75,25741.5,5105
2026-04-14T09:55:00,25741.25,25742.25,25717.25,25722.25,5683
2026-04-14T10:00:00,25721.5,25734.75,25712.0,25721.0,5423
2026-04-14T10:05:00,25721.5,25759.75,25719.0,25758.75,5703
2026-04-14T10:10:00,25758.5,25777.0,25744.0,25775.0,7303
2026-04-14T10:15:00,25775.0,25787.0,25765.75,25767.0,6752
2026-04-14T10:20:00,25766.75,25798.0,25765.0,25793.5,6878
2026-04-14T10:25:00,25793.75,25806.25,25786.0,25803.75,4619
2026-04-14T10:30:00,25803.75,25809.0,25791.25,25795.0,4027
2026-04-14T10:35:00,25795.5,25817.75,25787.0,25789.5,6762
2026-04-14T10:40:00,25789.25,25798.75,25780.5,25786.25,4278
2026-04-14T10:45:00,25786.5,25806.25,25783.5,25801.75,3559
2026-04-14T10:50:00,25801.25,25817.75,25789.25,25817.75,4787
2026-04-14T10:55:00,25817.5,25820.25,25803.0,25806.0,4079
2026-04-14T11:00:00,25805.75,25807.0,25782.5,25782.75,4084
2026-04-14T11:05:00,25783.25,25785.25,25762.5,25773.0,5453
2026-04-14T11:10:00,25772.75,25793.75,25771.0,25786.0,3584
2026-04-14T11:15:00,25785.75,25813.5,25782.75,25810.5,4043
2026-04-14T11:20:00,25810.25,25830.5,25805.5,25823.5,6632
2026-04-14T11:25:00,25823.5,25846.0,25823.5,25834.0,5577
2026-04-14T11:30:00,25833.5,25851.25,25832.5,25844.0,4483
2026-04-14T11:35:00,25843.5,25860.25,25843.0,25854.75,3545
2026-04-14T11:40:00,25854.5,25874.0,25848.75,25862.75,5373
2026-04-14T11:45:00,25863.5,25885.0,25862.5,25881.0,4999
2026-04-14T11:50:00,25880.75,25899.75,25880.5,25896.25,4488
2026-04-14T11:55:00,25896.25,25896.75,25874.5,25875.75,4473
2026-04-14T12:00:00,25876.0,25895.5,25872.0,25893.75,3989
2026-04-14T12:05:00,25894.0,25896.0,25882.0,25890.0,2971
2026-04-14T12:10:00,25889.75,25896.25,25885.0,25890.5,1998
2026-04-14T12:15:00,25891.0,25906.25,25890.25,25904.75,3210
2026-04-14T12:20:00,25904.75,25918.0,25900.5,25917.5,3998
2026-04-14T12:25:00,25917.5,25931.5,25915.75,25927.75,3636
2026-04-14T12:30:00,25927.75,25935.0,25911.75,25915.25,4662
2026-04-14T12:35:00,25914.5,25924.25,25908.0,25921.25,3357
2026-04-14T12:40:00,25921.5,25927.75,25916.75,25926.0,2533
2026-04-14T12:45:00,25925.75,25937.75,25922.25,25935.25,3068
2026-04-14T12:50:00,25935.75,25938.0,25917.75,25919.25,3334
2026-04-14T12:55:00,25919.75,25922.25,25904.0,25914.0,3509
2026-04-14T13:00:00,25914.25,25926.0,25914.25,25916.25,3150
2026-04-14T13:05:00,25916.5,25928.5,25911.75,25913.25,2594
2026-04-14T13:10:00,25913.75,25925.75,25913.5,25924.5,1539
2026-04-14T13:15:00,25924.75,25952.25,25922.25,25950.25,3442
2026-04-14T13:20:00,25950.25,25959.5,25947.5,25955.5,3887
2026-04-14T13:25:00,25955.5,25956.5,25941.0,25943.25,3050
2026-04-14T13:30:00,25943.0,25956.75,25941.5,25954.75,2261
2026-04-14T13:35:00,25954.25,25962.25,25949.75,25960.0,2402
2026-04-14T13:40:00,25960.0,25967.75,25955.5,25964.25,2324
2026-04-14T13:45:00,25963.75,25968.0,25960.75,25964.25,1667
2026-04-14T13:50:00,25964.75,25969.25,25951.5,25957.0,3073
2026-04-14T13:55:00,25956.75,25961.25,25953.0,25958.0,1906
2026-04-14T14:00:00,25958.75,25964.75,25955.25,25957.0,1922
2026-04-14T14:05:00,25957.0,25960.5,25949.5,25954.5,2442
2026-04-14T14:10:00,25954.5,25954.75,25935.5,25937.0,2395
2026-04-14T14:15:00,25937.25,25939.75,25903.0,25912.5,5008
2026-04-14T14:20:00,25912.5,25919.25,25889.0,25894.5,6917
2026-04-14T14:25:00,25894.75,25917.0,25884.25,25909.75,5119
2026-04-14T14:30:00,25909.75,25925.75,25907.75,25920.5,3111
2026-04-14T14:35:00,25920.75,25931.5,25920.5,25927.25,2742
2026-04-14T14:40:00,25927.25,25936.0,25905.0,25910.0,4137
2026-04-14T14:45:00,25909.25,25918.25,25902.25,25907.25,2863
2026-04-14T14:50:00,25906.75,25918.75,25904.25,25913.25,2259
2026-04-14T14:55:00,25913.0,25919.75,25909.75,25917.75,1622
2026-04-14T15:00:00,25917.5,25942.0,25915.0,25939.25,5372
2026-04-14T15:05:00,25939.5,25953.75,25938.75,25951.75,3257
2026-04-14T15:10:00,25952.0,25971.25,25949.5,25959.5,4038
2026-04-14T15:15:00,25959.25,25975.5,25959.25,25970.75,3480
2026-04-14T15:20:00,25971.5,25987.0,25969.5,25984.5,3495
2026-04-14T15:25:00,25984.75,25990.0,25981.5,25987.75,3198
2026-04-14T15:30:00,25988.25,25995.75,25969.5,25971.25,4925
2026-04-14T15:35:00,25971.75,25990.25,25960.25,25986.5,5084
2026-04-14T15:40:00,25986.25,25989.0,25966.5,25972.5,3579
2026-04-14T15:45:00,25972.5,25978.25,25965.75,25975.75,2913
2026-04-14T15:50:00,25976.0,25989.75,25954.0,25964.0,8776
2026-04-14T15:55:00,25963.75,26003.25,25963.75,26001.25,17949
2026-04-15T09:30:00,26023.5,26040.5,25995.25,26019.5,13092
2026-04-15T09:35:00,26019.0,26054.25,26009.25,26051.5,9389
2026-04-15T09:40:00,26051.75,26059.75,25982.25,25989.0,10590
2026-04-15T09:45:00,25990.0,26050.0,25990.0,26037.25,8660
2026-04-15T09:50:00,26038.25,26062.25,26025.5,26045.5,6926
2026-04-15T09:55:00,26044.5,26072.25,26043.75,26068.5,5329
2026-04-15T10:00:00,26069.25,26085.5,26048.5,26074.5,6390
2026-04-15T10:05:00,26074.5,26081.5,26055.0,26067.25,4644
2026-04-15T10:10:00,26067.5,26093.0,26059.25,26090.75,4770
2026-04-15T10:15:00,26090.5,26108.0,26071.25,26073.75,7350
2026-04-15T10:20:00,26073.5,26130.25,26072.0,26120.5,7920
2026-04-15T10:25:00,26121.0,26134.25,26116.25,26133.25,5737
2026-04-15T10:30:00,26133.25,26152.75,26125.0,26136.25,8755
2026-04-15T10:35:00,26136.5,26152.0,26106.5,26111.25,6303
2026-04-15T10:40:00,26111.5,26148.5,26111.5,26145.0,5003
2026-04-15T10:45:00,26145.0,26165.25,26137.25,26164.0,3945
2026-04-15T10:50:00,26162.75,26169.5,26153.0,26162.5,4543
2026-04-15T10:55:00,26162.75,26176.25,26158.5,26163.0,3784
2026-04-15T11:00:00,26163.0,26179.5,26154.25,26170.75,5199
2026-04-15T11:05:00,26170.0,26173.5,26138.75,26151.5,5563
2026-04-15T11:10:00,26152.0,26188.0,26148.5,26185.25,5891
2026-04-15T11:15:00,26185.25,26191.5,26178.0,26187.75,3761
2026-04-15T11:20:00,26188.0,26196.75,26181.25,26188.25,4622
2026-04-15T11:25:00,26188.5,26202.0,26186.75,26191.75,3609
2026-04-15T11:30:00,26191.75,26193.25,26167.0,26170.25,4525
2026-04-15T11:35:00,26170.5,26186.0,26168.5,26178.75,3146
2026-04-15T11:40:00,26178.75,26209.75,26178.0,26202.5,4112
2026-04-15T11:45:00,26202.75,26215.5,26198.25,26208.0,3858
2026-04-15T11:50:00,26209.0,26214.25,26199.75,26201.75,3159
2026-04-15T11:55:00,26202.75,26208.0,26186.25,26196.75,4530
2026-04-15T12:00:00,26197.25,26206.0,26187.0,26203.75,2957
2026-04-15T12:05:00,26203.25,26224.25,26198.5,26219.5,3045
2026-04-15T12:10:00,26219.75,26222.0,26211.5,26217.75,1911
2026-04-15T12:15:00,26218.0,26239.25,26211.75,26238.25,3366
2026-04-15T12:20:00,26238.25,26251.5,26238.25,26242.25,4790
2026-04-15T12:25:00,26242.25,26242.25,26215.5,26216.25,4028
2026-04-15T12:30:00,26216.0,26220.0,26186.5,26198.0,5370
2026-04-15T12:35:00,26197.5,26212.0,26190.5,26190.75,3176
2026-04-15T12:40:00,26191.0,26191.75,26144.0,26146.25,9501
2026-04-15T12:45:00,26146.0,26155.5,26125.0,26155.0,6823
2026-04-15T12:50:00,26154.75,26166.75,26117.75,26127.25,6826
2026-04-15T12:55:00,26127.5,26150.75,26102.25,26144.25,7013
2026-04-15T13:00:00,26144.25,26164.0,26136.75,26162.0,4131
2026-04-15T13:05:00,26162.25,26181.25,26159.0,26173.25,3676
2026-04-15T13:10:00,26173.25,26179.25,26161.0,26170.5,2371
2026-04-15T13:15:00,26170.5,26184.25,26170.5,26176.25,2408
2026-04-15T13:20:00,26176.5,26179.0,26165.25,26177.5,2945
2026-04-15T13:25:00,26177.25,26199.75,26176.5,26187.25,4047
2026-04-15T13:30:00,26187.5,26210.25,26186.25,26209.0,3074
2026-04-15T13:35:00,26209.0,26220.0,26200.0,26200.5,3529
2026-04-15T13:40:00,26200.5,26201.0,26177.25,26183.25,3802
2026-04-15T13:45:00,26183.75,26200.0,26183.75,26194.25,2521
2026-04-15T13:50:00,26194.75,26214.25,26194.5,26205.25,2262
2026-04-15T13:55:00,26205.5,26212.0,26187.75,26190.75,2943
2026-04-15T14:00:00,26190.25,26240.0,26173.25,26206.0,8427
2026-04-15T14:05:00,26205.75,26225.0,26203.0,26220.5,3082
2026-04-15T14:10:00,26220.75,26250.5,26214.25,26242.25,3666
2026-04-15T14:15:00,26242.5,26258.0,26235.0,26240.0,3628
2026-04-15T14:20:00,26239.75,26245.75,26230.25,26242.25,2598
2026-04-15T14:25:00,26242.0,26252.25,26233.75,26247.75,2542
2026-04-15T14:30:00,26247.5,26275.0,26247.25,26274.75,4833
2026-04-15T14:35:00,26274.75,26287.75,26266.75,26276.25,4955
2026-04-15T14:40:00,26275.75,26278.0,26263.5,26272.0,2426
2026-04-15T14:45:00,26272.0,26286.25,26270.0,26285.75,2018
2026-04-15T14:50:00,26285.75,26300.25,26285.5,26297.75,3768
2026-04-15T14:55:00,26297.75,26315.25,26295.25,26303.25,3977
2026-04-15T15:00:00,26303.0,26310.25,26292.25,26308.25,4901
2026-04-15T15:05:00,26308.25,26323.25,26308.25,26321.0,4715
2026-04-15T15:10:00,26321.25,26327.0,26302.0,26304.5,4366
2026-04-15T15:15:00,26304.75,26316.0,26303.75,26315.25,3204
2026-04-15T15:20:00,26315.25,26325.25,26309.25,26321.0,2483
2026-04-15T15:25:00,26320.5,26338.25,26320.25,26336.5,2910
2026-04-15T15:30:00,26336.25,26350.5,26331.75,26349.5,3464
2026-04-15T15:35:00,26348.75,26359.0,26339.75,26340.0,4398
2026-04-15T15:40:00,26339.5,26346.5,26330.25,26337.0,4548
2026-04-15T15:45:00,26336.5,26349.75,26329.25,26337.25,3756
2026-04-15T15:50:00,26337.75,26368.25,26337.75,26354.25,7873
2026-04-15T15:55:00,26354.0,26377.5,26352.75,26363.5,18652
2026-04-16T09:30:00,26439.0,26453.25,26367.75,26394.0,15836
2026-04-16T09:35:00,26394.0,26408.75,26358.25,26362.75,13176
2026-04-16T09:40:00,26362.75,26405.25,26345.25,26392.75,11257
2026-04-16T09:45:00,26392.5,26396.0,26363.5,26382.75,7736
2026-04-16T09:50:00,26383.25,26383.25,26279.75,26282.25,13059
2026-04-16T09:55:00,26282.5,26327.0,26275.5,26322.0,11176
2026-04-16T10:00:00,26321.25,26335.0,26290.5,26331.25,8810
2026-04-16T10:05:00,26332.25,26366.25,26322.0,26346.25,7956
2026-04-16T10:10:00,26346.75,26386.5,26346.25,26358.0,8159
2026-04-16T10:15:00,26357.25,26370.5,26316.25,26322.5,8098
2026-04-16T10:20:00,26323.75,26344.25,26311.0,26335.75,6728
2026-04-16T10:25:00,26335.5,26365.0,26327.5,26352.0,6407
2026-04-16T10:30:00,26352.75,26377.0,26348.5,26374.0,6086
2026-04-16T10:35:00,26374.0,26390.5,26365.75,26372.75,5306
2026-04-16T10:40:00,26372.75,26392.5,26361.0,26389.5,5181
2026-04-16T10:45:00,26389.5,26417.75,26385.0,26417.25,7699
2026-04-16T10:50:00,26416.75,26422.75,26393.25,26412.0,6465
2026-04-16T10:55:00,26412.0,26414.75,26386.5,26404.25,4731
2026-04-16T11:00:00,26403.75,26445.0,26403.75,26439.75,6259
2026-04-16T11:05:00,26439.75,26468.0,26430.0,26465.0,6737
2026-04-16T11:10:00,26465.0,26486.0,26460.5,26469.25,7356
2026-04-16T11:15:00,26468.75,26495.25,26467.0,26470.25,6749
2026-04-16T11:20:00,26470.75,26498.0,26470.5,26489.5,4375
2026-04-16T11:25:00,26490.0,26506.0,26458.0,26458.0,6770
2026-04-16T11:30:00,26458.0,26489.75,26452.25,26488.5,6391
2026-04-16T11:35:00,26488.75,26543.0,26488.25,26507.75,10879
2026-04-16T11:40:00,26507.75,26511.25,26475.0,26498.75,5280
2026-04-16T11:45:00,26498.25,26507.75,26472.25,26483.75,4911
2026-04-16T11:50:00,26483.5,26512.0,26481.5,26501.5,4214
2026-04-16T11:55:00,26501.75,26537.75,26500.75,26533.25,4677
2026-04-16T12:00:00,26533.75,26547.0,26528.0,26540.0,4491
2026-04-16T12:05:00,26540.25,26546.0,26526.0,26539.0,3159
2026-04-16T12:10:00,26539.25,26554.0,26537.5,26551.75,2938
2026-04-16T12:15:00,26551.75,26564.0,26549.0,26561.0,3121
2026-04-16T12:20:00,26561.5,26563.0,26522.0,26530.5,4960
2026-04-16T12:25:00,26530.0,26540.0,26515.0,26517.75,3159
2026-04-16T12:30:00,26518.0,26523.0,26430.5,26469.5,11960
2026-04-16T12:35:00,26468.5,26506.5,26459.25,26505.25,5798
2026-04-16T12:40:00,26505.0,26518.25,26483.25,26497.0,4435
2026-04-16T12:45:00,26496.5,26520.0,26495.25,26505.5,3799
2026-04-16T12:50:00,26505.75,26519.0,26476.5,26480.25,4910
2026-04-16T12:55:00,26480.75,26493.0,26469.5,26473.25,4257
2026-04-16T13:00:00,26474.25,26482.0,26460.5,26467.25,4794
2026-04-16T13:05:00,26467.25,26471.75,26444.0,26467.75,5376
2026-04-16T13:10:00,26467.5,26477.5,26442.0,26443.25,4296
2026-04-16T13:15:00,26443.5,26450.0,26431.0,26446.5,5061
2026-04-16T13:20:00,26447.0,26479.5,26440.5,26477.25,4803
2026-04-16T13:25:00,26478.0,26488.75,26469.5,26476.0,4565
2026-04-16T13:30:00,26476.5,26496.5,26474.0,26477.25,3430
2026-04-16T13:35:00,26477.25,26484.75,26463.5,26478.5,3003
2026-04-16T13:40:00,26479.0,26506.5,26478.0,26501.75,3352
2026-04-16T13:45:00,26502.25,26509.75,26490.75,26505.5,2537
2026-04-16T13:50:00,26505.5,26505.5,26482.75,26483.75,2502
2026-04-16T13:55:00,26483.75,26484.0,26436.5,26460.75,7794
2026-04-16T14:00:00,26460.25,26484.25,26443.25,26445.0,6601
2026-04-16T14:05:00,26445.75,26454.5,26393.5,26407.5,6905
2026-04-16T14:10:00,26407.25,26422.25,26392.0,26418.75,7388
2026-04-16T14:15:00,26417.75,26427.5,26402.0,26405.0,4418
2026-04-16T14:20:00,26405.0,26416.5,26368.5,26376.75,6955
2026-04-16T14:25:00,26376.75,26383.75,26355.0,26373.5,6637
2026-04-16T14:30:00,26373.75,26421.25,26372.0,26414.25,8589
2026-04-16T14:35:00,26414.0,26440.0,26410.5,26428.25,5609
2026-04-16T14:40:00,26428.25,26443.75,26426.25,26436.25,3550
2026-04-16T14:45:00,26436.0,26452.25,26431.0,26435.75,4533
2026-04-16T14:50:00,26436.25,26441.75,26423.75,26430.0,3853
2026-04-16T14:55:00,26429.75,26438.25,26418.5,26438.0,3946
2026-04-16T15:00:00,26438.0,26466.75,26437.25,26456.25,5446
2026-04-16T15:05:00,26456.75,26463.0,26436.75,26440.75,3941
2026-04-16T15:10:00,26441.0,26449.0,26434.25,26444.0,2683
2026-04-16T15:15:00,26443.5,26460.0,26443.5,26454.75,3410
2026-04-16T15:20:00,26454.5,26457.0,26441.75,26449.5,2711
2026-04-16T15:25:00,26450.0,26453.75,26445.0,26445.25,2112
2026-04-16T15:30:00,26445.25,26465.0,26439.75,26458.5,3722
2026-04-16T15:35:00,26458.25,26474.0,26453.75,26471.25,3505
2026-04-16T15:40:00,26471.25,26481.0,26466.25,26469.0,3638
2026-04-16T15:45:00,26469.0,26483.25,26459.75,26483.25,3416
2026-04-16T15:50:00,26483.25,26498.25,26468.25,26481.0,6386
2026-04-16T15:55:00,26481.0,26498.5,26473.5,26483.75,13408
2026-04-17T09:30:00,26692.25,26720.25,26629.5,26672.0,19268
2026-04-17T09:35:00,26672.5,26720.0,26667.25,26696.75,10259
2026-04-17T09:40:00,26696.75,26719.25,26680.75,26705.5,8491
2026-04-17T09:45:00,26706.0,26719.25,26632.25,26699.75,13362
2026-04-17T09:50:00,26699.0,26739.0,26690.5,26711.5,11308
2026-04-17T09:55:00,26711.75,26732.25,26687.25,26731.25,7895
2026-04-17T10:00:00,26731.75,26756.0,26725.0,26750.25,7041
2026-04-17T10:05:00,26750.25,26767.0,26743.5,26763.5,6431
2026-04-17T10:10:00,26765.0,26776.0,26744.25,26768.75,6956
2026-04-17T10:15:00,26768.75,26770.75,26741.75,26745.5,5156
2026-04-17T10:20:00,26745.5,26754.5,26714.5,26739.25,7841
2026-04-17T10:25:00,26739.0,26748.5,26722.5,26739.75,5228
2026-04-17T10:30:00,26740.0,26798.75,26740.0,26793.0,8221
2026-04-17T10:35:00,26792.75,26806.5,26768.5,26806.0,5847
2026-04-17T10:40:00,26806.25,26838.0,26804.5,26832.0,9130
2026-04-17T10:45:00,26832.25,26854.75,26825.0,26851.75,6568
2026-04-17T10:50:00,26850.75,26855.75,26827.75,26838.0,6356
2026-04-17T10:55:00,26838.25,26843.75,26802.0,26827.25,8260
2026-04-17T11:00:00,26827.75,26853.25,26811.0,26830.0,7980
2026-04-17T11:05:00,26831.5,26855.25,26825.75,26844.0,4330
2026-04-17T11:10:00,26843.25,26854.25,26814.25,26821.0,5428
2026-04-17T11:15:00,26821.5,26848.5,26807.75,26822.5,6542
2026-04-17T11:20:00,26822.25,26845.25,26807.0,26839.0,4726
2026-04-17T11:25:00,26838.75,26850.0,26832.0,26842.25,3561
2026-04-17T11:30:00,26842.75,26874.0,26840.25,26872.75,6538
2026-04-17T11:35:00,26872.75,26877.0,26850.0,26866.25,4820
2026-04-17T11:40:00,26866.25,26868.5,26816.5,26817.5,5881
2026-04-17T11:45:00,26817.25,26849.25,26816.75,26829.75,5922
2026-04-17T11:50:00,26829.5,26852.5,26824.75,26832.5,4499
2026-04-17T11:55:00,26831.5,26840.0,26799.25,26804.75,4097
2026-04-17T12:00:00,26804.75,26837.5,26791.5,26830.0,5402
2026-04-17T12:05:00,26829.75,26862.5,26827.5,26840.0,4332
2026-04-17T12:10:00,26840.25,26858.5,26835.5,26848.0,3714
2026-04-17T12:15:00,26847.0,26856.0,26823.75,26836.5,5073
2026-04-17T12:20:00,26836.5,26851.0,26831.25,26850.75,2828
2026-04-17T12:25:00,26850.5,26858.5,26845.5,26856.0,2678
2026-04-17T12:30:00,26856.75,26876.0,26856.25,26870.75,4169
2026-04-17T12:35:00,26870.75,26884.75,26868.75,26873.5,5076
2026-04-17T12:40:00,26873.75,26875.25,26860.5,26871.5,2798
2026-04-17T12:45:00,26872.5,26882.5,26868.5,26871.0,2769
2026-04-17T12:50:00,26871.0,26877.0,26862.0,26864.75,2649
2026-04-17T12:55:00,26865.0,26867.0,26853.5,26859.25,2587
2026-04-17T13:00:00,26859.5,26877.25,26858.75,26873.5,3366
2026-04-17T13:05:00,26873.5,26875.25,26813.75,26847.25,6582
2026-04-17T13:10:00,26847.0,26848.25,26824.75,26840.5,5789
2026-04-17T13:15:00,26840.25,26846.75,26815.75,26818.0,3797
2026-04-17T13:20:00,26817.0,26823.0,26735.5,26756.75,15537
2026-04-17T13:25:00,26757.5,26782.0,26741.0,26771.75,10382
2026-04-17T13:30:00,26771.75,26796.75,26764.75,26772.75,5625
2026-04-17T13:35:00,26772.75,26804.0,26760.0,26792.25,6470
2026-04-17T13:40:00,26791.75,26798.25,26783.0,26792.0,2716
2026-04-17T13:45:00,26791.75,26828.75,26789.25,26818.75,4830
2026-04-17T13:50:00,26818.5,26825.75,26813.5,26818.0,2840
2026-04-17T13:55:00,26818.25,26827.25,26804.25,26808.0,2414
2026-04-17T14:00:00,26808.25,26822.0,26788.5,26795.75,5002
2026-04-17T14:05:00,26796.25,26800.5,26772.75,26775.5,3898
2026-04-17T14:10:00,26775.0,26786.25,26760.25,26768.25,4565
2026-04-17T14:15:00,26767.75,26792.0,26765.75,26777.75,4596
2026-04-17T14:20:00,26776.75,26790.75,26755.5,26786.0,5803
2026-04-17T14:25:00,26785.25,26811.5,26778.5,26784.5,7256
2026-04-17T14:30:00,26785.0,26810.75,26785.0,26804.75,3741
2026-04-17T14:35:00,26805.5,26814.0,26800.75,26806.75,2489
2026-04-17T14:40:00,26806.5,26813.5,26789.5,26806.25,2808
2026-04-17T14:45:00,26807.5,26813.75,26796.0,26800.0,3014
2026-04-17T14:50:00,26800.0,26801.5,26768.0,26782.75,4490
2026-04-17T14:55:00,26781.75,26800.5,26779.25,26784.75,3272
2026-04-17T15:00:00,26785.0,26796.75,26780.75,26785.25,2838
2026-04-17T15:05:00,26785.5,26785.5,26766.25,26775.5,3119
2026-04-17T15:10:00,26775.5,26777.75,26757.75,26766.0,3006
2026-04-17T15:15:00,26766.75,26788.0,26763.25,26782.5,3248
2026-04-17T15:20:00,26782.5,26789.25,26777.25,26786.5,2238
2026-04-17T15:25:00,26786.0,26795.0,26773.75,26778.75,2622
2026-04-17T15:30:00,26778.75,26811.75,26778.5,26803.5,4461
2026-04-17T15:35:00,26803.5,26815.0,26791.25,26811.0,3207
2026-04-17T15:40:00,26811.25,26828.25,26803.0,26823.5,4346
2026-04-17T15:45:00,26822.5,26823.0,26803.25,26810.25,3117
2026-04-17T15:50:00,26811.25,26827.5,26791.25,26815.5,7311
2026-04-17T15:55:00,26815.5,26831.0,26809.25,26827.5,15100
2026-04-20T09:30:00,26796.0,26827.75,26748.0,26812.25,14758
2026-04-20T09:35:00,26810.5,26816.25,26734.75,26747.5,9849
2026-04-20T09:40:00,26747.75,26764.75,26733.0,26751.0,6143
2026-04-20T09:45:00,26750.5,26768.5,26715.75,26731.25,7106
2026-04-20T09:50:00,26731.0,26780.0,26726.75,26773.25,7231
2026-04-20T09:55:00,26774.0,26804.0,26770.75,26780.75,6122
2026-04-20T10:00:00,26782.75,26788.25,26740.0,26751.0,6919
2026-04-20T10:05:00,26751.75,26766.75,26737.75,26765.25,5181
2026-04-20T10:10:00,26765.0,26780.5,26735.5,26757.0,7361
2026-04-20T10:15:00,26757.5,26757.5,26717.5,26736.0,7463
2026-04-20T10:20:00,26736.5,26766.0,26730.25,26765.25,4724
2026-04-20T10:25:00,26765.25,26774.5,26723.5,26729.5,5968
2026-04-20T10:30:00,26730.0,26739.0,26710.5,26728.0,7277
2026-04-20T10:35:00,26728.25,26740.25,26713.25,26728.75,5351
2026-04-20T10:40:00,26728.5,26730.25,26689.0,26695.75,7329
2026-04-20T10:45:00,26696.75,26720.25,26683.75,26714.25,5240
2026-04-20T10:50:00,26713.75,26721.0,26611.25,26673.25,15204
2026-04-20T10:55:00,26671.25,26671.75,26628.0,26637.75,7528
2026-04-20T11:00:00,26638.25,26661.25,26595.5,26605.5,8084
2026-04-20T11:05:00,26605.25,26619.5,26568.75,26603.25,8069
2026-04-20T11:10:00,26602.5,26638.25,26593.75,26621.5,6999
2026-04-20T11:15:00,26621.75,26649.0,26607.0,26637.5,4987
2026-04-20T11:20:00,26637.25,26689.75,26628.25,26667.5,10965
2026-04-20T11:25:00,26667.25,26710.75,26660.25,26699.0,6773
2026-04-20T11:30:00,26700.25,26700.25,26651.0,26658.75,6362
2026-04-20T11:35:00,26658.25,26669.5,26648.75,26666.0,3490
2026-04-20T11:40:00,26666.25,26685.75,26646.25,26656.25,4073
2026-04-20T11:45:00,26656.5,26673.5,26645.5,26654.75,3203
2026-04-20T11:50:00,26654.0,26658.0,26634.25,26655.25,3874
2026-04-20T11:55:00,26654.5,26666.5,26653.0,26658.5,2549
2026-04-20T12:00:00,26658.25,26666.25,26639.25,26645.75,3247
2026-04-20T12:05:00,26645.75,26675.0,26641.5,26665.75,3434
2026-04-20T12:10:00,26666.25,26683.25,26666.0,26675.5,2574
2026-04-20T12:15:00,26675.75,26681.5,26650.75,26678.0,3670
2026-04-20T12:20:00,26678.5,26687.75,26668.75,26674.75,3301
2026-04-20T12:25:00,26674.5,26681.75,26665.75,26675.0,2304
2026-04-20T12:30:00,26675.0,26696.75,26675.0,26688.75,2852
2026-04-20T12:35:00,26688.75,26691.25,26666.25,26673.75,3163
2026-04-20T12:40:00,26673.75,26699.75,26667.75,26686.25,3416
2026-04-20T12:45:00,26686.5,26695.5,26678.75,26683.75,1794
2026-04-20T12:50:00,26684.25,26688.5,26671.5,26685.75,2156
2026-04-20T12:55:00,26686.5,26686.5,26668.75,26679.25,2242
2026-04-20T13:00:00,26679.5,26692.0,26660.5,26672.75,4154
2026-04-20T13:05:00,26673.0,26692.75,26668.75,26689.25,2571
2026-04-20T13:10:00,26689.5,26700.0,26682.25,26695.25,2043
2026-04-20T13:15:00,26696.0,26712.25,26691.0,26709.75,2996
2026-04-20T13:20:00,26709.5,26717.25,26700.25,26709.5,2847
2026-04-20T13:25:00,26709.5,26713.0,26695.5,26697.0,2477
2026-04-20T13:30:00,26697.0,26698.0,26684.75,26690.5,3480
2026-04-20T13:35:00,26690.25,26708.25,26686.25,26703.5,3358
2026-04-20T13:40:00,26702.75,26720.75,26691.5,26708.25,3273
2026-04-20T13:45:00,26708.0,26722.25,26707.5,26720.75,2354
2026-04-20T13:50:00,26721.0,26727.0,26714.25,26725.5,1778
2026-04-20T13:55:00,26724.75,26725.75,26703.75,26707.25,1921
2026-04-20T14:00:00,26707.5,26715.5,26701.75,26710.0,2442
2026-04-20T14:05:00,26709.5,26731.75,26709.0,26727.5,3008
2026-04-20T14:10:00,26727.5,26730.25,26696.75,26723.75,4631
2026-04-20T14:15:00,26724.75,26735.0,26717.25,26730.25,2212
2026-04-20T14:20:00,26730.5,26741.5,26721.75,26739.75,2946
2026-04-20T14:25:00,26739.75,26743.0,26718.75,26733.75,4489
2026-04-20T14:30:00,26733.75,26738.75,26719.5,26731.25,2745
2026-04-20T14:35:00,26731.0,26734.5,26712.25,26712.75,2905
2026-04-20T14:40:00,26713.0,26733.25,26710.0,26725.25,2379
2026-04-20T14:45:00,26725.75,26738.5,26720.25,26735.0,2005
2026-04-20T14:50:00,26735.25,26747.0,26735.25,26745.5,2865
2026-04-20T14:55:00,26746.0,26748.5,26728.25,26732.25,2455
2026-04-20T15:00:00,26732.0,26740.25,26727.0,26730.75,2102
2026-04-20T15:05:00,26730.25,26740.75,26729.0,26735.0,1864
2026-04-20T15:10:00,26735.0,26741.75,26729.75,26739.25,1493
2026-04-20T15:15:00,26739.25,26742.5,26731.5,26738.25,1385
2026-04-20T15:20:00,26738.25,26740.25,26727.25,26730.25,1760
2026-04-20T15:25:00,26730.75,26732.5,26720.25,26727.75,2147
2026-04-20T15:30:00,26727.5,26738.25,26723.25,26723.75,2308
2026-04-20T15:35:00,26723.5,26732.0,26719.75,26729.75,2341
2026-04-20T15:40:00,26729.5,26735.5,26715.25,26719.75,2771
2026-04-20T15:45:00,26720.25,26725.5,26714.25,26723.25,2650
2026-04-20T15:50:00,26723.75,26732.75,26709.25,26726.5,5343
2026-04-20T15:55:00,26726.25,26752.0,26717.75,26745.0,13417
2026-04-21T09:30:00,26808.0,26826.5,26737.75,26759.0,15079
2026-04-21T09:35:00,26759.75,26767.5,26726.75,26741.75,8856
2026-04-21T09:40:00,26742.0,26775.0,26732.75,26768.5,7532
2026-04-21T09:45:00,26768.5,26790.0,26742.75,26771.0,8202
2026-04-21T09:50:00,26771.0,26804.0,26756.25,26796.0,6554
2026-04-21T09:55:00,26795.75,26839.0,26793.75,26838.5,6937
2026-04-21T10:00:00,26838.75,26853.5,26821.0,26826.75,7863
2026-04-21T10:05:00,26827.0,26870.25,26823.25,26861.25,6480
2026-04-21T10:10:00,26860.75,26877.5,26847.75,26856.75,5534
2026-04-21T10:15:00,26857.0,26885.25,26846.5,26850.25,5867
2026-04-21T10:20:00,26850.5,26851.25,26815.0,26827.25,6846
2026-04-21T10:25:00,26827.5,26846.0,26824.5,26842.0,4298
2026-04-21T10:30:00,26842.0,26854.75,26823.75,26841.75,6127
2026-04-21T10:35:00,26842.5,26851.75,26830.25,26834.5,3330
2026-04-21T10:40:00,26834.5,26859.5,26818.0,26825.25,7033
2026-04-21T10:45:00,26824.75,26829.25,26782.0,26795.0,8961
2026-04-21T10:50:00,26795.25,26808.25,26776.25,26794.25,5608
2026-04-21T10:55:00,26794.0,26794.0,26730.0,26736.75,8382
2026-04-21T11:00:00,26737.75,26752.5,26671.0,26691.5,15573
2026-04-21T11:05:00,26691.25,26748.75,26662.5,26746.25,10985
2026-04-21T11:10:00,26745.75,26771.0,26744.5,26761.5,6289
2026-04-21T11:15:00,26761.25,26785.25,26741.75,26778.75,6722
2026-04-21T11:20:00,26779.75,26786.25,26745.75,26753.75,6337
2026-04-21T11:25:00,26754.0,26754.25,26706.25,26724.0,8193
2026-04-21T11:30:00,26723.75,26757.0,26720.75,26737.5,5546
2026-04-21T11:35:00,26738.25,26740.0,26692.5,26727.75,6270
2026-04-21T11:40:00,26728.0,26741.0,26709.75,26734.5,4428
2026-04-21T11:45:00,26734.5,26762.5,26720.0,26742.0,6209
2026-04-21T11:50:00,26741.75,26741.75,26715.25,26720.0,4951
2026-04-21T11:55:00,26719.25,26748.25,26716.5,26731.5,3412
2026-04-21T12:00:00,26733.0,26782.75,26733.0,26745.5,8441
2026-04-21T12:05:00,26745.75,26761.0,26734.0,26755.75,3727
2026-04-21T12:10:00,26755.25,26756.75,26720.75,26733.0,4183
2026-04-21T12:15:00,26732.5,26754.25,26724.5,26747.25,2888
2026-04-21T12:20:00,26748.25,26748.5,26713.5,26721.25,5234
2026-04-21T12:25:00,26721.75,26722.75,26702.0,26704.5,3483
2026-04-21T12:30:00,26704.25,26734.25,26702.75,26731.25,3038
2026-04-21T12:35:00,26733.0,26746.75,26703.25,26713.25,4094
2026-04-21T12:40:00,26713.0,26718.5,26670.75,26681.5,6407
2026-04-21T12:45:00,26682.0,26715.25,26681.75,26712.25,4984
2026-04-21T12:50:00,26712.25,26714.5,26687.75,26693.25,2967
2026-04-21T12:55:00,26693.0,26693.75,26668.25,26670.75,3776
2026-04-21T13:00:00,26670.75,26706.75,26670.0,26691.75,3611
2026-04-21T13:05:00,26691.25,26691.25,26635.25,26671.5,13088
2026-04-21T13:10:00,26671.25,26672.25,26617.0,26644.75,8894
2026-04-21T13:15:00,26643.5,26655.5,26605.5,26610.25,6319
2026-04-21T13:20:00,26610.25,26634.5,26600.0,26625.25,4944
2026-04-21T13:25:00,26626.5,26648.5,26621.25,26634.25,3960
2026-04-21T13:30:00,26634.25,26673.5,26632.25,26661.5,4205
2026-04-21T13:35:00,26661.5,26734.75,26652.25,26713.0,9048
2026-04-21T13:40:00,26712.75,26765.75,26705.75,26726.0,13516
2026-04-21T13:45:00,26726.5,26730.25,26694.75,26712.25,5275
2026-04-21T13:50:00,26711.5,26728.5,26694.5,26701.5,3996
2026-04-21T13:55:00,26701.0,26702.0,26677.5,26699.25,4810
2026-04-21T14:00:00,26699.0,26729.0,26699.0,26714.75,4651
2026-04-21T14:05:00,26715.0,26729.75,26704.75,26713.0,3394
2026-04-21T14:10:00,26712.75,26722.75,26700.25,26722.75,2918
2026-04-21T14:15:00,26722.75,26730.5,26659.5,26680.5,8333
2026-04-21T14:20:00,26680.5,26693.25,26669.25,26679.25,2858
2026-04-21T14:25:00,26678.75,26690.5,26669.25,26678.75,2228
2026-04-21T14:30:00,26679.0,26707.5,26677.75,26702.25,3031
2026-04-21T14:35:00,26702.5,26703.75,26679.25,26691.5,1911
2026-04-21T14:40:00,26691.25,26697.25,26683.5,26689.5,1450
2026-04-21T14:45:00,26688.75,26690.75,26668.5,26670.5,2280
2026-04-21T14:50:00,26670.75,26741.5,26664.75,26728.0,5600
2026-04-21T14:55:00,26726.75,26746.25,26694.25,26724.0,7884
2026-04-21T15:00:00,26724.25,26746.0,26722.75,26738.5,4805
2026-04-21T15:05:00,26739.25,26749.5,26731.0,26742.5,2510
2026-04-21T15:10:00,26743.0,26772.25,26720.0,26735.25,6974
2026-04-21T15:15:00,26736.75,26751.5,26719.0,26737.0,5584
2026-04-21T15:20:00,26737.25,26772.75,26736.25,26768.25,4634
2026-04-21T15:25:00,26767.0,26780.5,26763.0,26777.25,4427
2026-04-21T15:30:00,26777.5,26786.5,26762.0,26767.75,3625
2026-04-21T15:35:00,26768.75,26768.75,26698.5,26722.0,7176
2026-04-21T15:40:00,26722.5,26725.5,26551.75,26573.25,16848
2026-04-21T15:45:00,26573.75,26628.25,26569.75,26608.75,8525
2026-04-21T15:50:00,26609.5,26649.75,26589.75,26598.0,7187
2026-04-21T15:55:00,26598.0,26644.0,26585.5,26641.5,15575
2026-04-22T09:30:00,26882.25,26892.75,26813.5,26824.75,13533
2026-04-22T09:35:00,26823.25,26851.0,26817.0,26833.75,6353
2026-04-22T09:40:00,26833.75,26862.0,26829.5,26853.0,6540
2026-04-22T09:45:00,26853.25,26880.0,26824.0,26837.75,8478
2026-04-22T09:50:00,26838.0,26863.25,26811.5,26863.0,7663
2026-04-22T09:55:00,26863.5,26865.25,26835.25,26864.5,4858
2026-04-22T10:00:00,26864.25,26899.75,26859.5,26886.0,9243
2026-04-22T10:05:00,26885.5,26908.0,26852.0,26889.25,8648
2026-04-22T10:10:00,26889.5,26925.75,26888.0,26922.25,6872
2026-04-22T10:15:00,26923.0,26947.0,26922.25,26945.75,7703
2026-04-22T10:20:00,26946.0,26977.5,26940.5,26967.25,8552
2026-04-22T10:25:00,26967.5,26991.25,26961.75,26990.0,6737
2026-04-22T10:30:00,26989.5,26996.25,26948.25,26966.0,9629
2026-04-22T10:35:00,26966.25,27002.0,26944.75,26995.5,7661
2026-04-22T10:40:00,26995.25,27006.25,26961.0,26969.25,5694
2026-04-22T10:45:00,26969.25,26989.25,26967.75,26978.75,3303
2026-04-22T10:50:00,26978.25,26990.5,26946.0,26969.0,6027
2026-04-22T10:55:00,26968.75,26975.0,26952.0,26972.0,5007
2026-04-22T11:00:00,26972.25,26977.25,26940.25,26948.0,5887
2026-04-22T11:05:00,26947.0,26985.0,26943.25,26969.75,5650
2026-04-22T11:10:00,26969.0,26982.0,26962.25,26975.25,3035
2026-04-22T11:15:00,26974.75,26987.5,26965.0,26982.75,3909
2026-04-22T11:20:00,26981.75,27008.75,26981.25,26994.75,4870
2026-04-22T11:25:00,26994.5,27007.75,26977.25,26990.5,5327
2026-04-22T11:30:00,26990.25,27005.5,26984.0,26993.0,3626
2026-04-22T11:35:00,26993.25,27001.0,26979.0,26995.75,3523
2026-04-22T11:40:00,26995.75,27005.0,26967.25,26969.25,4637
2026-04-22T11:45:00,26968.75,27001.25,26963.0,26996.25,4651
2026-04-22T11:50:00,26996.25,26998.5,26980.5,26991.25,3269
2026-04-22T11:55:00,26990.75,27003.75,26976.75,26980.5,3474
2026-04-22T12:00:00,26980.5,26997.75,26967.0,26995.75,5079
2026-04-22T12:05:00,26994.75,27005.0,26987.25,26994.75,2835
2026-04-22T12:10:00,26995.25,27000.75,26980.0,26997.5,3112
2026-04-22T12:15:00,26998.0,27002.25,26973.25,26974.0,3549
2026-04-22T12:20:00,26973.5,26996.5,26973.5,26986.25,2769
2026-04-22T12:25:00,26985.75,26991.5,26970.5,26974.25,2238
2026-04-22T12:30:00,26973.5,26988.0,26958.75,26975.25,3443
2026-04-22T12:35:00,26976.0,26986.75,26965.25,26983.5,2536
2026-04-22T12:40:00,26983.5,26991.25,26960.25,26968.0,4257
2026-04-22T12:45:00,26967.75,26982.5,26963.75,26980.5,2327
2026-04-22T12:50:00,26980.25,26984.75,26962.25,26978.5,2991
2026-04-22T12:55:00,26978.25,26978.25,26957.25,26966.75,3197
2026-04-22T13:00:00,26966.5,27000.0,26965.75,26998.5,5993
2026-04-22T13:05:00,26998.5,27005.75,26990.0,27005.0,2916
2026-04-22T13:10:00,27005.0,27036.0,27004.0,27018.25,6902
2026-04-22T13:15:00,27018.0,27026.75,27007.25,27014.0,2994
2026-04-22T13:20:00,27014.25,27050.0,27014.25,27037.75,5403
2026-04-22T13:25:00,27037.0,27040.75,27025.0,27028.0,2305
2026-04-22T13:30:00,27028.0,27043.5,27026.25,27033.25,2728
2026-04-22T13:35:00,27033.25,27040.0,27026.5,27030.0,2229
2026-04-22T13:40:00,27029.75,27045.0,27029.75,27040.75,1699
2026-04-22T13:45:00,27042.25,27047.5,27020.75,27040.0,5031
2026-04-22T13:50:00,27040.25,27048.5,27035.5,27039.25,2078
2026-04-22T13:55:00,27039.25,27041.5,27028.75,27030.0,1767
2026-04-22T14:00:00,27029.75,27041.0,27024.5,27036.0,2219
2026-04-22T14:05:00,27036.0,27039.75,27025.25,27026.0,1328
2026-04-22T14:10:00,27025.5,27035.75,27023.0,27030.25,1744
2026-04-22T14:15:00,27030.0,27030.0,27009.0,27015.75,3208
2026-04-22T14:20:00,27015.75,27016.25,26992.5,27007.0,5008
2026-04-22T14:25:00,27007.25,27012.0,26998.25,26999.25,2840
2026-04-22T14:30:00,26999.75,27019.5,26997.0,27009.25,2940
2026-04-22T14:35:00,27009.5,27020.0,27008.75,27019.0,1468
2026-04-22T14:40:00,27019.5,27028.0,27015.75,27025.5,2055
2026-04-22T14:45:00,27024.75,27034.75,27019.0,27031.0,2390
2026-04-22T14:50:00,27031.25,27040.25,27028.0,27029.5,1875
2026-04-22T14:55:00,27029.25,27030.25,27009.5,27013.75,3248
2026-04-22T15:00:00,27014.0,27016.5,26978.0,26996.0,8658
2026-04-22T15:05:00,26995.75,27025.75,26988.75,27024.5,4064
2026-04-22T15:10:00,27024.5,27035.5,27019.75,27031.5,2618
2026-04-22T15:15:00,27031.75,27051.5,27030.25,27051.0,3969
2026-04-22T15:20:00,27050.75,27056.75,27040.0,27045.75,3393
2026-04-22T15:25:00,27045.5,27057.25,27042.25,27045.0,2803
2026-04-22T15:30:00,27045.25,27054.75,27036.75,27048.5,3099
2026-04-22T15:35:00,27048.5,27053.75,27038.75,27049.75,2341
2026-04-22T15:40:00,27050.0,27056.0,27047.25,27054.5,2058
2026-04-22T15:45:00,27054.75,27066.0,27050.75,27063.0,3250
2026-04-22T15:50:00,27063.25,27093.0,27050.75,27084.0,8855
2026-04-22T15:55:00,27084.0,27091.75,27070.0,27079.75,17109
2026-04-23T09:30:00,27015.0,27017.25,26965.0,27004.25,13028
2026-04-23T09:35:00,27003.25,27050.75,26997.75,27046.0,7807
2026-04-23T09:40:00,27046.25,27068.0,27033.0,27059.25,5805
2026-04-23T09:45:00,27056.75,27102.75,27039.75,27080.0,9697
2026-04-23T09:50:00,27081.0,27081.75,27044.75,27057.75,6403
2026-04-23T09:55:00,27058.25,27059.0,27014.5,27016.75,6525
2026-04-23T10:00:00,27017.25,27029.25,26970.0,27013.25,11229
2026-04-23T10:05:00,27013.75,27029.0,26989.0,27026.75,6013
2026-04-23T10:10:00,27024.75,27028.0,26977.0,26990.0,5068
2026-04-23T10:15:00,26990.0,27026.25,26986.0,26990.25,6748
2026-04-23T10:20:00,26990.75,27028.25,26986.5,27022.75,4535
2026-04-23T10:25:00,27022.0,27031.0,27000.5,27016.0,5521
2026-04-23T10:30:00,27016.0,27055.75,27015.0,27038.0,6785
2026-04-23T10:35:00,27038.0,27059.0,27018.0,27031.5,7360
2026-04-23T10:40:00,27030.75,27039.25,27004.75,27034.75,5088
2026-04-23T10:45:00,27035.25,27059.0,27035.25,27047.75,4975
2026-04-23T10:50:00,27047.75,27076.0,27039.0,27074.0,5133
2026-04-23T10:55:00,27074.25,27106.25,27074.25,27094.25,6162
2026-04-23T11:00:00,27094.5,27113.75,27094.0,27105.25,5109
2026-04-23T11:05:00,27105.5,27115.75,27093.75,27114.75,3986
2026-04-23T11:10:00,27115.5,27132.75,27115.25,27120.5,4552
2026-04-23T11:15:00,27119.75,27141.5,27108.25,27137.75,4425
2026-04-23T11:20:00,27137.75,27149.75,27127.0,27144.0,3571
2026-04-23T11:25:00,27143.75,27149.0,27129.75,27131.25,3391
2026-04-23T11:30:00,27131.5,27155.75,27120.25,27145.75,5233
2026-04-23T11:35:00,27146.0,27146.5,27123.75,27127.0,2871
2026-04-23T11:40:00,27126.5,27140.5,27115.25,27120.5,3936
2026-04-23T11:45:00,27120.75,27122.0,27082.0,27091.75,7940
2026-04-23T11:50:00,27092.75,27093.25,27061.0,27063.5,6218
2026-04-23T11:55:00,27063.5,27101.75,27061.75,27093.0,6171
2026-04-23T12:00:00,27093.25,27099.5,27045.0,27047.5,5507
2026-04-23T12:05:00,27046.75,27065.75,27038.75,27050.0,4826
2026-04-23T12:10:00,27050.5,27082.75,27049.75,27080.75,3625
2026-04-23T12:15:00,27080.75,27092.0,27075.25,27083.25,2751
2026-04-23T12:20:00,27084.0,27091.5,27067.0,27089.75,3573
2026-04-23T12:25:00,27090.25,27104.75,27082.5,27089.0,3703
2026-04-23T12:30:00,27088.25,27110.5,27083.5,27107.5,2404
2026-04-23T12:35:00,27108.0,27119.0,27095.75,27099.25,3089
2026-04-23T12:40:00,27100.0,27104.25,27091.5,27101.5,2423
2026-04-23T12:45:00,27101.5,27113.5,27088.5,27096.5,2825
2026-04-23T12:50:00,27096.25,27108.75,27089.0,27094.5,1931
2026-04-23T12:55:00,27094.25,27106.75,27073.75,27087.75,3393
2026-04-23T13:00:00,27089.0,27099.0,27000.25,27014.5,13902
2026-04-23T13:05:00,27013.5,27015.25,26950.25,26954.75,10400
2026-04-23T13:10:00,26954.25,26967.0,26922.75,26947.5,11557
2026-04-23T13:15:00,26947.0,26947.0,26865.0,26883.25,12632
2026-04-23T13:20:00,26883.25,26902.75,26860.0,26878.0,8572
2026-04-23T13:25:00,26878.75,26934.25,26863.25,26870.75,10690
2026-04-23T13:30:00,26871.0,26935.25,26852.0,26931.5,9749
2026-04-23T13:35:00,26931.0,26950.75,26846.75,26860.75,11319
2026-04-23T13:40:00,26860.75,26864.0,26744.5,26761.0,13605
2026-04-23T13:45:00,26761.0,26771.75,26681.75,26746.75,15121
2026-04-23T13:50:00,26746.75,26881.75,26707.25,26835.75,15484
2026-04-23T13:55:00,26832.5,26894.0,26820.75,26880.5,9973
2026-04-23T14:00:00,26879.0,26945.25,26860.25,26907.25,9834
2026-04-23T14:05:00,26907.25,26939.0,26887.75,26909.75,5391
2026-04-23T14:10:00,26909.75,26948.0,26893.5,26917.75,7805
2026-04-23T14:15:00,26918.75,26936.25,26907.75,26923.25,4373
2026-04-23T14:20:00,26922.75,26942.5,26900.25,26929.5,3956
2026-04-23T14:25:00,26928.5,26941.5,26914.0,26938.5,2345
2026-04-23T14:30:00,26938.0,26969.0,26937.75,26964.0,3917
2026-04-23T14:35:00,26963.5,26982.25,26951.75,26958.5,4107
2026-04-23T14:40:00,26959.25,26962.25,26923.25,26947.5,4779
2026-04-23T14:45:00,26947.5,26949.5,26912.75,26913.5,3391
2026-04-23T14:50:00,26913.75,26925.75,26895.0,26913.25,3775
2026-04-23T14:55:00,26911.0,26916.75,26842.5,26860.5,5494
2026-04-23T15:00:00,26861.0,26876.75,26842.25,26861.75,5389
2026-04-23T15:05:00,26861.25,26903.5,26861.25,26890.75,3346
2026-04-23T15:10:00,26891.25,26904.5,26879.5,26903.25,2572
2026-04-23T15:15:00,26903.5,26926.25,26903.5,26913.0,4177
2026-04-23T15:20:00,26913.75,26917.5,26902.25,26911.75,2411
2026-04-23T15:25:00,26912.25,26925.5,26911.25,26915.0,1978
2026-04-23T15:30:00,26915.25,26936.25,26888.75,26890.75,4143
2026-04-23T15:35:00,26891.5,26891.5,26856.25,26876.25,5111
2026-04-23T15:40:00,26876.75,26895.25,26866.5,26868.75,3283
2026-04-23T15:45:00,26869.25,26900.5,26866.0,26900.5,3201
2026-04-23T15:50:00,26900.5,26912.75,26840.25,26905.25,7910
2026-04-23T15:55:00,26905.75,26944.5,26895.5,26926.5,11743
2026-04-24T09:30:00,27210.0,27245.25,27176.25,27220.75,15937
2026-04-24T09:35:00,27221.0,27256.75,27196.5,27246.75,8813
2026-04-24T09:40:00,27246.75,27260.0,27199.0,27215.5,8681
2026-04-24T09:45:00,27216.0,27246.0,27204.5,27239.75,8506
2026-04-24T09:50:00,27240.0,27255.0,27165.0,27173.25,8371
2026-04-24T09:55:00,27173.0,27200.0,27130.25,27193.75,9788
2026-04-24T10:00:00,27193.75,27224.25,27158.5,27184.75,9400
2026-04-24T10:05:00,27184.0,27241.25,27175.0,27229.5,7268
2026-04-24T10:10:00,27228.5,27267.25,27215.75,27234.0,7990
2026-04-24T10:15:00,27234.25,27264.25,27223.0,27243.5,5537
2026-04-24T10:20:00,27243.75,27257.75,27216.75,27233.75,4431
2026-04-24T10:25:00,27234.25,27234.5,27186.25,27201.25,6249
2026-04-24T10:30:00,27201.5,27216.75,27167.75,27194.25,5822
2026-04-24T10:35:00,27194.0,27244.25,27183.5,27232.0,6136
2026-04-24T10:40:00,27231.0,27258.25,27227.25,27252.25,4668
2026-04-24T10:45:00,27253.0,27279.75,27230.0,27262.0,7283
2026-04-24T10:50:00,27261.25,27281.0,27247.0,27263.5,5302
2026-04-24T10:55:00,27264.5,27297.25,27262.5,27290.25,5012
2026-04-24T11:00:00,27290.5,27305.0,27287.25,27296.5,4946
2026-04-24T11:05:00,27296.5,27306.0,27286.25,27297.0,4135
2026-04-24T11:10:00,27297.25,27319.75,27291.5,27318.25,5011
2026-04-24T11:15:00,27318.25,27323.5,27300.5,27304.5,4628
2026-04-24T11:20:00,27304.25,27332.25,27295.0,27326.75,4172
2026-04-24T11:25:00,27325.75,27328.25,27303.0,27325.5,3851
2026-04-24T11:30:00,27326.0,27344.75,27318.75,27326.75,4119
2026-04-24T11:35:00,27326.75,27335.0,27307.5,27314.25,4128
2026-04-24T11:40:00,27313.5,27392.0,27310.25,27388.0,9797
2026-04-24T11:45:00,27388.0,27417.5,27341.5,27372.25,13366
2026-04-24T11:50:00,27372.75,27411.75,27372.0,27394.75,7401
2026-04-24T11:55:00,27394.25,27401.25,27383.75,27396.0,3767
2026-04-24T12:00:00,27396.25,27402.75,27371.75,27393.5,4219
2026-04-24T12:05:00,27393.5,27404.0,27360.0,27370.0,4360
2026-04-24T12:10:00,27369.75,27401.0,27363.0,27382.5,3514
2026-04-24T12:15:00,27382.25,27389.5,27367.0,27384.0,2985
2026-04-24T12:20:00,27382.75,27400.0,27382.75,27399.5,2037
2026-04-24T12:25:00,27399.0,27408.75,27390.75,27399.25,2824
2026-04-24T12:30:00,27399.5,27426.5,27399.5,27423.25,4657
2026-04-24T12:35:00,27423.25,27430.5,27410.75,27415.25,3109
2026-04-24T12:40:00,27415.0,27415.75,27378.0,27392.5,4423
2026-04-24T12:45:00,27392.25,27405.0,27384.0,27391.25,3387
2026-04-24T12:50:00,27391.5,27404.75,27389.5,27397.25,2456
2026-04-24T12:55:00,27398.0,27418.25,27395.0,27409.75,3680
2026-04-24T13:00:00,27409.75,27423.25,27407.75,27414.0,3424
2026-04-24T13:05:00,27414.25,27418.5,27404.5,27408.75,2721
2026-04-24T13:10:00,27408.75,27421.0,27401.0,27409.0,2694
2026-04-24T13:15:00,27408.5,27410.0,27392.75,27395.0,2307
2026-04-24T13:20:00,27394.5,27398.25,27367.0,27392.0,4375
2026-04-24T13:25:00,27391.5,27401.0,27383.0,27384.0,2671
2026-04-24T13:30:00,27383.0,27401.75,27372.5,27393.75,4751
2026-04-24T13:35:00,27393.25,27420.5,27392.25,27396.25,3539
2026-04-24T13:40:00,27396.5,27416.5,27395.5,27415.0,2120
2026-04-24T13:45:00,27415.0,27423.5,27411.75,27416.25,2146
2026-04-24T13:50:00,27416.0,27462.5,27411.0,27436.0,5479
2026-04-24T13:55:00,27436.0,27442.75,27426.5,27432.75,2827
2026-04-24T14:00:00,27433.0,27443.0,27421.5,27425.0,2758
2026-04-24T14:05:00,27424.25,27427.0,27406.5,27420.25,3084
2026-04-24T14:10:00,27420.75,27425.75,27407.25,27415.75,2131
2026-04-24T14:15:00,27415.25,27417.75,27392.25,27397.75,2929
2026-04-24T14:20:00,27398.0,27400.75,27383.75,27396.0,3248
2026-04-24T14:25:00,27395.5,27408.0,27384.75,27387.5,3105
2026-04-24T14:30:00,27387.75,27410.75,27385.0,27407.0,3297
2026-04-24T14:35:00,27406.75,27417.0,27403.75,27411.0,2197
2026-04-24T14:40:00,27410.75,27421.5,27400.25,27406.75,2408
2026-04-24T14:45:00,27406.25,27411.25,27395.75,27399.75,2326
2026-04-24T14:50:00,27399.0,27412.25,27393.25,27404.25,2281
2026-04-24T14:55:00,27403.75,27410.75,27401.0,27408.0,1889
2026-04-24T15:00:00,27408.5,27426.5,27407.75,27415.75,2855
2026-04-24T15:05:00,27415.75,27433.0,27411.0,27432.0,2694
2026-04-24T15:10:00,27432.0,27445.5,27430.75,27441.5,3369
2026-04-24T15:15:00,27442.25,27454.5,27441.75,27451.0,3226
2026-04-24T15:20:00,27450.75,27451.5,27430.25,27432.75,2687
2026-04-24T15:25:00,27432.5,27436.0,27418.5,27423.0,2740
2026-04-24T15:30:00,27422.75,27426.75,27406.5,27421.25,3775
2026-04-24T15:35:00,27421.25,27421.25,27404.0,27412.0,3173
2026-04-24T15:40:00,27412.25,27425.25,27406.0,27417.0,2950
2026-04-24T15:45:00,27417.0,27421.5,27408.0,27420.5,3254
2026-04-24T15:50:00,27421.25,27441.75,27410.0,27440.25,7405
2026-04-24T15:55:00,27441.0,27446.0,27429.75,27433.25,16707
2026-04-27T09:30:00,27410.75,27435.0,27362.25,27369.0,14396
2026-04-27T09:35:00,27369.0,27413.25,27353.5,27392.25,9138
2026-04-27T09:40:00,27392.5,27401.0,27360.0,27387.75,8140
2026-04-27T09:45:00,27388.0,27388.25,27325.0,27350.0,13174
2026-04-27T09:50:00,27351.0,27382.0,27298.5,27378.75,11575
2026-04-27T09:55:00,27378.75,27413.25,27372.5,27401.75,8241
2026-04-27T10:00:00,27401.5,27409.5,27378.75,27388.0,6872
2026-04-27T10:05:00,27388.25,27403.25,27365.75,27366.75,6504
2026-04-27T10:10:00,27366.75,27392.75,27348.25,27389.5,7247
2026-04-27T10:15:00,27389.0,27393.25,27352.5,27362.25,7415
2026-04-27T10:20:00,27362.75,27377.0,27353.75,27370.75,4144
2026-04-27T10:25:00,27371.75,27383.25,27355.25,27359.5,4473
2026-04-27T10:30:00,27360.25,27360.75,27321.5,27354.5,9092
2026-04-27T10:35:00,27355.5,27406.0,27352.0,27378.0,9713
2026-04-27T10:40:00,27377.5,27385.5,27357.0,27377.0,5269
2026-04-27T10:45:00,27377.75,27381.5,27350.75,27373.25,4327
2026-04-27T10:50:00,27372.5,27389.75,27348.0,27360.5,4590
2026-04-27T10:55:00,27360.25,27375.0,27345.25,27368.0,4605
2026-04-27T11:00:00,27369.0,27379.5,27336.0,27340.0,5381
2026-04-27T11:05:00,27340.0,27367.0,27332.25,27356.5,7590
2026-04-27T11:10:00,27356.75,27364.75,27335.75,27339.5,4039
2026-04-27T11:15:00,27339.25,27360.5,27333.75,27339.25,4386
2026-04-27T11:20:00,27338.75,27343.5,27307.5,27321.75,5196
2026-04-27T11:25:00,27321.0,27345.0,27311.0,27344.5,4182
2026-04-27T11:30:00,27344.75,27359.25,27335.25,27352.5,4972
2026-04-27T11:35:00,27352.25,27362.0,27345.0,27360.75,2906
2026-04-27T11:40:00,27360.75,27383.0,27355.75,27371.25,3464
2026-04-27T11:45:00,27371.5,27380.75,27360.75,27364.0,3170
2026-04-27T11:50:00,27364.5,27372.5,27349.25,27357.5,2931
2026-04-27T11:55:00,27358.25,27369.25,27352.0,27367.25,2630
2026-04-27T12:00:00,27367.0,27374.75,27347.75,27357.25,2842
2026-04-27T12:05:00,27357.5,27376.75,27356.5,27372.25,1972
2026-04-27T12:10:00,27372.5,27384.0,27366.25,27375.0,3076
2026-04-27T12:15:00,27375.0,27389.75,27373.25,27387.75,2472
2026-04-27T12:20:00,27386.5,27389.25,27370.0,27373.0,2287
2026-04-27T12:25:00,27373.75,27384.0,27371.75,27376.0,1569
2026-04-27T12:30:00,27376.5,27394.25,27376.5,27391.25,1991
2026-04-27T12:35:00,27391.25,27401.5,27384.25,27399.0,3197
2026-04-27T12:40:00,27398.75,27406.5,27392.75,27396.25,2486
2026-04-27T12:45:00,27396.0,27406.25,27394.0,27403.75,1831
2026-04-27T12:50:00,27404.25,27404.5,27390.5,27392.0,1648
2026-04-27T12:55:00,27392.0,27393.75,27379.0,27390.5,2442
2026-04-27T13:00:00,27391.0,27404.0,27391.0,27398.0,2281
2026-04-27T13:05:00,27398.25,27405.0,27393.5,27403.75,1326
2026-04-27T13:10:00,27403.75,27414.5,27395.75,27413.25,2401
2026-04-27T13:15:00,27413.25,27418.25,27380.25,27392.5,3970
2026-04-27T13:20:00,27391.75,27420.75,27382.0,27401.25,5190
2026-04-27T13:25:00,27401.5,27416.0,27399.25,27411.25,2444
2026-04-27T13:30:00,27411.25,27438.5,27410.75,27438.0,4318
2026-04-27T13:35:00,27438.0,27438.75,27419.0,27421.75,2846
2026-04-27T13:40:00,27422.0,27431.5,27418.5,27430.0,1631
2026-04-27T13:45:00,27430.5,27437.0,27426.0,27435.0,1676
2026-04-27T13:50:00,27435.5,27439.75,27416.25,27424.0,2195
2026-04-27T13:55:00,27423.25,27430.5,27420.25,27428.5,1569
2026-04-27T14:00:00,27428.5,27428.5,27417.25,27422.0,1641
2026-04-27T14:05:00,27421.75,27433.75,27418.75,27433.0,1766
2026-04-27T14:10:00,27433.5,27436.0,27427.0,27429.75,1172
2026-04-27T14:15:00,27430.0,27437.25,27427.0,27433.25,1585
2026-04-27T14:20:00,27433.0,27436.0,27428.75,27432.5,1259
2026-04-27T14:25:00,27432.5,27434.5,27422.75,27428.5,1579
2026-04-27T14:30:00,27428.25,27434.5,27421.75,27424.25,1408
2026-04-27T14:35:00,27424.5,27428.5,27421.0,27421.0,1278
2026-04-27T14:40:00,27421.5,27424.0,27406.25,27411.5,2334
2026-04-27T14:45:00,27411.25,27412.0,27396.75,27406.25,2064
2026-04-27T14:50:00,27405.75,27413.25,27391.0,27393.0,2047
2026-04-27T14:55:00,27393.0,27408.25,27392.0,27399.25,1869
2026-04-27T15:00:00,27399.75,27407.5,27393.25,27399.75,1841
2026-04-27T15:05:00,27400.0,27404.25,27390.5,27399.0,1460
2026-04-27T15:10:00,27399.5,27415.75,27392.5,27413.75,1987
2026-04-27T15:15:00,27413.5,27428.0,27411.0,27424.5,2473
2026-04-27T15:20:00,27424.5,27429.25,27418.5,27422.0,1970
2026-04-27T15:25:00,27422.25,27428.5,27418.0,27423.75,1498
2026-04-27T15:30:00,27423.25,27436.25,27422.0,27429.75,2539
2026-04-27T15:35:00,27429.5,27435.0,27411.0,27427.0,2762
2026-04-27T15:40:00,27426.5,27430.75,27416.5,27429.5,2208
2026-04-27T15:45:00,27429.25,27445.0,27427.5,27443.25,3844
2026-04-27T15:50:00,27443.5,27454.75,27432.75,27438.75,5171
2026-04-27T15:55:00,27439.5,27449.5,27431.75,27445.0,8888
2026-04-28T09:30:00,27161.0,27162.5,27068.25,27139.5,19338
2026-04-28T09:35:00,27140.25,27187.25,27136.0,27166.75,11594
2026-04-28T09:40:00,27165.75,27240.0,27153.75,27213.0,13167
2026-04-28T09:45:00,27214.0,27252.0,27205.0,27227.75,10408
2026-04-28T09:50:00,27228.5,27236.75,27179.25,27187.0,8099
2026-04-28T09:55:00,27186.5,27214.0,27140.75,27202.5,9396
2026-04-28T10:00:00,27201.75,27210.5,27168.5,27185.5,6828
2026-04-28T10:05:00,27185.5,27235.0,27184.75,27222.75,6286
2026-04-28T10:10:00,27222.5,27223.25,27191.5,27205.0,5431
2026-04-28T10:15:00,27205.25,27217.25,27177.0,27184.75,6086
2026-04-28T10:20:00,27185.25,27201.5,27158.5,27166.75,5553
2026-04-28T10:25:00,27167.0,27188.25,27148.75,27168.5,6663
2026-04-28T10:30:00,27169.0,27181.25,27137.25,27144.75,6786
2026-04-28T10:35:00,27144.75,27146.25,27042.25,27073.5,13667
2026-04-28T10:40:00,27073.5,27104.25,27041.0,27101.75,9660
2026-04-28T10:45:00,27102.75,27113.5,27058.75,27061.0,8982
2026-04-28T10:50:00,27060.0,27062.0,27012.75,27028.0,11631
2026-04-28T10:55:00,27028.0,27093.75,27012.5,27091.75,12336
2026-04-28T11:00:00,27091.25,27119.75,27078.25,27084.0,8971
2026-04-28T11:05:00,27084.25,27092.0,27031.5,27052.75,7341
2026-04-28T11:10:00,27053.0,27099.0,27050.25,27096.0,7159
2026-04-28T11:15:00,27095.5,27103.0,27069.25,27095.75,4915
2026-04-28T11:20:00,27095.75,27099.75,27049.0,27061.25,5703
2026-04-28T11:25:00,27062.25,27063.5,27035.75,27046.5,4360
2026-04-28T11:30:00,27046.0,27047.75,27014.25,27022.75,6818
2026-04-28T11:35:00,27023.0,27059.0,27012.0,27039.75,6188
2026-04-28T11:40:00,27039.5,27054.5,27033.5,27038.0,2999
2026-04-28T11:45:00,27037.25,27046.75,27009.5,27024.0,4736
2026-04-28T11:50:00,27023.5,27046.0,27019.25,27038.75,3337
2026-04-28T11:55:00,27039.0,27055.0,27024.5,27053.5,3487
2026-04-28T12:00:00,27053.5,27069.0,27040.0,27062.75,5159
2026-04-28T12:05:00,27062.0,27086.75,27059.0,27071.0,4675
2026-04-28T12:10:00,27070.0,27078.0,27056.0,27070.5,3291
2026-04-28T12:15:00,27070.5,27079.25,27054.25,27077.25,3758
2026-04-28T12:20:00,27077.5,27088.5,27072.0,27079.25,3381
2026-04-28T12:25:00,27079.25,27084.75,27065.0,27070.5,3671
2026-04-28T12:30:00,27070.0,27078.25,27040.25,27040.25,3586
2026-04-28T12:35:00,27040.0,27051.0,27029.0,27040.75,3677
2026-04-28T12:40:00,27040.25,27050.0,27028.0,27039.75,2946
2026-04-28T12:45:00,27039.5,27062.5,27037.0,27059.75,3265
2026-04-28T12:50:00,27059.75,27095.0,27039.75,27090.5,5682
2026-04-28T12:55:00,27091.0,27095.75,27071.75,27084.25,3407
2026-04-28T13:00:00,27084.5,27099.0,27054.75,27059.25,3945
2026-04-28T13:05:00,27059.25,27072.0,27047.5,27070.0,2856
2026-04-28T13:10:00,27069.25,27077.75,27052.25,27071.0,2849
2026-04-28T13:15:00,27071.25,27074.25,27048.0,27055.5,2440
2026-04-28T13:20:00,27055.75,27069.5,27051.5,27067.75,2183
2026-04-28T13:25:00,27068.25,27092.5,27063.0,27083.25,3472
2026-04-28T13:30:00,27083.0,27102.75,27082.25,27102.75,3042
2026-04-28T13:35:00,27103.25,27115.0,27103.0,27112.5,3364
2026-04-28T13:40:00,27112.5,27131.5,27107.25,27118.75,3575
2026-04-28T13:45:00,27118.75,27131.0,27117.25,27120.25,3274
2026-04-28T13:50:00,27120.5,27135.25,27113.0,27130.5,2961
2026-04-28T13:55:00,27130.25,27144.25,27129.5,27141.5,2362
2026-04-28T14:00:00,27141.5,27148.0,27127.0,27129.5,3009
2026-04-28T14:05:00,27129.5,27140.75,27120.75,27134.5,2584
2026-04-28T14:10:00,27135.0,27142.25,27126.75,27140.5,1836
2026-04-28T14:15:00,27140.5,27161.5,27140.25,27160.0,3567
2026-04-28T14:20:00,27160.25,27183.0,27155.25,27170.5,7056
2026-04-28T14:25:00,27171.25,27179.5,27166.75,27176.0,3578
2026-04-28T14:30:00,27175.75,27180.75,27156.0,27157.75,4101
2026-04-28T14:35:00,27157.5,27167.5,27150.75,27164.25,2416
2026-04-28T14:40:00,27164.25,27179.75,27163.0,27178.5,2705
2026-04-28T14:45:00,27178.25,27182.75,27170.0,27180.5,2205
2026-04-28T14:50:00,27180.5,27194.0,27175.0,27192.5,2602
2026-04-28T14:55:00,27192.5,27194.75,27173.25,27194.25,2919
2026-04-28T15:00:00,27194.75,27209.75,27187.5,27204.25,3942
2026-04-28T15:05:00,27204.75,27223.0,27204.25,27213.25,3654
2026-04-28T15:10:00,27213.0,27224.5,27206.5,27207.25,3650
2026-04-28T15:15:00,27207.0,27207.5,27184.75,27184.75,4061
2026-04-28T15:20:00,27185.25,27192.0,27173.75,27184.25,3436
2026-04-28T15:25:00,27185.0,27190.0,27178.5,27187.0,1955
2026-04-28T15:30:00,27186.75,27191.75,27171.0,27173.75,2574
2026-04-28T15:35:00,27173.75,27180.5,27164.5,27178.75,3311
2026-04-28T15:40:00,27180.25,27191.75,27174.25,27178.75,2433
2026-04-28T15:45:00,27179.0,27182.5,27167.75,27177.25,2138
2026-04-28T15:50:00,27177.0,27188.5,27154.5,27167.5,6851
2026-04-28T15:55:00,27168.0,27183.0,27156.5,27169.25,14158
2026-04-29T09:30:00,27206.75,27218.0,27132.25,27147.0,14342
2026-04-29T09:35:00,27147.25,27188.25,27124.25,27183.5,8813
2026-04-29T09:40:00,27183.25,27200.0,27173.0,27180.5,5490
2026-04-29T09:45:00,27180.25,27198.5,27155.5,27180.25,6588
2026-04-29T09:50:00,27180.75,27228.75,27177.0,27226.25,7368
2026-04-29T09:55:00,27226.25,27235.75,27215.5,27220.25,5466
2026-04-29T10:00:00,27220.75,27225.25,27185.25,27202.25,5700
2026-04-29T10:05:00,27202.25,27216.25,27177.75,27188.25,4639
2026-04-29T10:10:00,27187.5,27218.5,27178.75,27215.25,4330
2026-04-29T10:15:00,27215.25,27229.25,27203.5,27221.75,3908
2026-04-29T10:20:00,27221.75,27245.0,27208.75,27243.75,4474
2026-04-29T10:25:00,27243.75,27277.0,27238.5,27269.0,6572
2026-04-29T10:30:00,27268.75,27289.25,27248.5,27285.75,6915
2026-04-29T10:35:00,27286.25,27315.5,27284.0,27303.5,6732
2026-04-29T10:40:00,27303.0,27306.5,27279.25,27305.5,5580
2026-04-29T10:45:00,27305.75,27312.0,27282.75,27288.25,4588
2026-04-29T10:50:00,27288.0,27307.25,27282.0,27302.0,3242
2026-04-29T10:55:00,27302.5,27309.75,27292.75,27302.25,2840
2026-04-29T11:00:00,27303.0,27309.5,27280.0,27284.25,4677
2026-04-29T11:05:00,27283.5,27290.25,27249.5,27249.75,4413
2026-04-29T11:10:00,27250.25,27254.25,27221.75,27230.5,6504
2026-04-29T11:15:00,27230.5,27262.0,27219.75,27258.5,5674
2026-04-29T11:20:00,27258.75,27275.75,27256.25,27266.25,3501
2026-04-29T11:25:00,27266.5,27287.0,27258.75,27275.75,4106
2026-04-29T11:30:00,27275.25,27291.5,27264.25,27286.75,4783
2026-04-29T11:35:00,27287.0,27293.25,27270.75,27282.5,3873
2026-04-29T11:40:00,27282.25,27288.25,27268.75,27278.0,2714
2026-04-29T11:45:00,27277.5,27298.0,27275.25,27284.25,2679
2026-04-29T11:50:00,27286.5,27291.0,27199.25,27219.0,11938
2026-04-29T11:55:00,27219.5,27245.5,27204.25,27240.25,8103
2026-04-29T12:00:00,27239.75,27257.0,27231.25,27251.75,3590
2026-04-29T12:05:00,27252.25,27270.25,27247.25,27256.75,3484
2026-04-29T12:10:00,27257.25,27273.5,27246.75,27247.0,3345
2026-04-29T12:15:00,27247.25,27257.25,27207.25,27210.25,3756
2026-04-29T12:20:00,27210.0,27229.5,27205.25,27222.0,3421
2026-04-29T12:25:00,27222.25,27227.5,27200.0,27202.25,3189
2026-04-29T12:30:00,27202.0,27202.0,27153.5,27164.75,8440
2026-04-29T12:35:00,27165.25,27188.5,27155.25,27188.0,5214
2026-04-29T12:40:00,27189.0,27210.0,27187.75,27205.5,3497
2026-04-29T12:45:00,27205.0,27210.0,27193.75,27204.75,2844
2026-04-29T12:50:00,27203.75,27222.0,27197.5,27204.5,2874
2026-04-29T12:55:00,27204.25,27213.5,27184.0,27199.25,3014
2026-04-29T13:00:00,27199.0,27204.5,27170.0,27187.25,3876
2026-04-29T13:05:00,27187.75,27206.5,27183.5,27206.25,2398
2026-04-29T13:10:00,27206.0,27218.0,27197.0,27205.25,2530
2026-04-29T13:15:00,27204.75,27215.75,27191.25,27205.5,2238
2026-04-29T13:20:00,27203.75,27229.25,27202.5,27208.5,4458
2026-04-29T13:25:00,27209.0,27214.25,27194.25,27213.75,2180
2026-04-29T13:30:00,27214.0,27231.0,27211.0,27216.25,3568
2026-04-29T13:35:00,27216.25,27225.5,27212.75,27221.25,1471
2026-04-29T13:40:00,27221.0,27223.5,27205.75,27220.0,1484
2026-04-29T13:45:00,27220.25,27247.5,27216.5,27236.75,4183
2026-04-29T13:50:00,27237.0,27254.0,27229.75,27233.75,2403
2026-04-29T13:55:00,27234.75,27250.0,27230.75,27249.5,1318
2026-04-29T14:00:00,27249.5,27256.75,27196.75,27202.75,4430
2026-04-29T14:05:00,27202.25,27226.75,27172.75,27177.75,4665
2026-04-29T14:10:00,27177.75,27200.5,27158.0,27191.5,4288
2026-04-29T14:15:00,27191.75,27238.75,27188.5,27220.25,4369
2026-04-29T14:20:00,27219.0,27235.5,27215.0,27225.0,2416
2026-04-29T14:25:00,27224.75,27224.75,27204.5,27208.5,2297
2026-04-29T14:30:00,27209.25,27212.0,27180.0,27205.5,3611
2026-04-29T14:35:00,27205.25,27267.0,27203.25,27220.75,7537
2026-04-29T14:40:00,27219.75,27223.5,27185.25,27190.75,3767
2026-04-29T14:45:00,27191.0,27243.25,27170.5,27238.75,4347
2026-04-29T14:50:00,27239.75,27267.75,27239.75,27254.75,3244
2026-04-29T14:55:00,27254.0,27301.0,27252.25,27295.25,4680
2026-04-29T15:00:00,27295.5,27307.25,27277.0,27284.75,4578
2026-04-29T15:05:00,27284.25,27297.5,27263.5,27282.0,5186
2026-04-29T15:10:00,27282.25,27321.25,27277.25,27318.75,4333
2026-04-29T15:15:00,27319.5,27340.25,27317.5,27320.25,4388
2026-04-29T15:20:00,27320.5,27324.0,27297.75,27319.0,3371
2026-04-29T15:25:00,27318.75,27329.75,27310.0,27310.75,2838
2026-04-29T15:30:00,27311.0,27313.5,27267.5,27279.0,5272
2026-04-29T15:35:00,27278.5,27298.75,27268.25,27292.25,3387
2026-04-29T15:40:00,27292.5,27296.75,27272.0,27277.5,2897
2026-04-29T15:45:00,27277.5,27287.75,27276.0,27281.5,2415
2026-04-29T15:50:00,27281.75,27300.5,27262.25,27295.25,7050
2026-04-29T15:55:00,27296.0,27338.75,27287.5,27337.0,11558
2026-04-30T09:30:00,27491.25,27491.5,27341.25,27345.25,19567
2026-04-30T09:35:00,27345.0,27373.0,27294.0,27295.5,15811
2026-04-30T09:40:00,27296.25,27351.25,27271.0,27345.25,12073
2026-04-30T09:45:00,27345.75,27365.25,27286.25,27324.25,12065
2026-04-30T09:50:00,27325.0,27342.75,27241.75,27243.5,12741
2026-04-30T09:55:00,27243.75,27265.25,27203.0,27245.75,11167
2026-04-30T10:00:00,27247.25,27303.0,27236.25,27288.25,10195
2026-04-30T10:05:00,27288.5,27301.0,27200.75,27227.5,11392
2026-04-30T10:10:00,27227.0,27274.25,27202.25,27252.75,8887
2026-04-30T10:15:00,27253.0,27253.0,27163.25,27214.5,10650
2026-04-30T10:20:00,27214.25,27258.25,27205.0,27241.25,8308
2026-04-30T10:25:00,27241.0,27243.5,27187.0,27228.25,8060
2026-04-30T10:30:00,27228.5,27275.75,27201.5,27220.0,10053
2026-04-30T10:35:00,27220.75,27230.75,27171.25,27175.75,8514
2026-04-30T10:40:00,27176.25,27257.0,27175.0,27245.5,8001
2026-04-30T10:45:00,27245.25,27300.0,27243.25,27284.0,7514
2026-04-30T10:50:00,27283.0,27348.5,27273.0,27339.25,8770
2026-04-30T10:55:00,27338.75,27376.0,27337.0,27359.5,6917
2026-04-30T11:00:00,27359.25,27403.5,27359.25,27379.25,8921
2026-04-30T11:05:00,27378.0,27404.25,27356.5,27403.75,8612
2026-04-30T11:10:00,27403.5,27415.25,27372.75,27401.75,7043
2026-04-30T11:15:00,27401.5,27410.0,27384.0,27397.75,4645
2026-04-30T11:20:00,27398.0,27402.0,27377.0,27397.0,4344
2026-04-30T11:25:00,27398.5,27417.0,27389.5,27404.75,5111
2026-04-30T11:30:00,27404.25,27435.75,27404.0,27404.75,6873
2026-04-30T11:35:00,27404.5,27404.75,27363.75,27369.0,6389
2026-04-30T11:40:00,27368.5,27377.25,27350.5,27361.25,4855
2026-04-30T11:45:00,27362.25,27373.25,27331.25,27373.0,6184
2026-04-30T11:50:00,27373.0,27411.5,27369.5,27408.0,5467
2026-04-30T11:55:00,27408.75,27422.0,27387.0,27388.5,4781
2026-04-30T12:00:00,27388.25,27394.0,27356.25,27384.5,5726
2026-04-30T12:05:00,27385.25,27410.25,27383.75,27392.25,3784
2026-04-30T12:10:00,27391.75,27433.25,27387.25,27430.75,4027
2026-04-30T12:15:00,27430.5,27435.0,27409.5,27424.75,3935
2026-04-30T12:20:00,27424.75,27431.75,27406.25,27406.5,2738
2026-04-30T12:25:00,27406.5,27417.75,27395.25,27415.0,2887
2026-04-30T12:30:00,27415.5,27424.25,27409.5,27414.75,2445
2026-04-30T12:35:00,27415.0,27423.0,27405.25,27422.25,2359
2026-04-30T12:40:00,27421.75,27423.25,27392.0,27394.75,2573
2026-04-30T12:45:00,27394.75,27402.0,27380.0,27397.25,4169
2026-04-30T12:50:00,27396.75,27400.0,27359.5,27372.0,3607
2026-04-30T12:55:00,27372.5,27375.25,27347.75,27371.25,4800
2026-04-30T13:00:00,27370.75,27423.25,27369.5,27413.5,6507
2026-04-30T13:05:00,27414.0,27431.5,27404.25,27430.0,3217
2026-04-30T13:10:00,27430.5,27455.0,27425.0,27448.75,4508
2026-04-30T13:15:00,27448.0,27449.0,27426.0,27440.0,3536
2026-04-30T13:20:00,27440.75,27452.75,27428.25,27450.25,3222
2026-04-30T13:25:00,27449.75,27463.5,27441.5,27462.25,3133
2026-04-30T13:30:00,27461.75,27502.75,27461.5,27483.5,8163
2026-04-30T13:35:00,27483.25,27499.0,27480.0,27498.0,3322
2026-04-30T13:40:00,27498.25,27504.25,27490.0,27498.0,3204
2026-04-30T13:45:00,27498.5,27522.25,27497.5,27511.75,4423
2026-04-30T13:50:00,27511.75,27524.0,27507.5,27518.0,3297
2026-04-30T13:55:00,27518.75,27548.0,27516.75,27543.25,4024
2026-04-30T14:00:00,27543.5,27586.75,27542.0,27579.25,7892
2026-04-30T14:05:00,27579.25,27580.25,27560.0,27563.0,4523
2026-04-30T14:10:00,27563.0,27573.0,27555.75,27570.25,3812
2026-04-30T14:15:00,27570.75,27585.5,27567.0,27568.5,3334
2026-04-30T14:20:00,27567.75,27572.5,27557.0,27558.75,3190
2026-04-30T14:25:00,27558.75,27564.0,27552.5,27562.5,2847
2026-04-30T14:30:00,27563.0,27583.5,27561.0,27573.0,3234
2026-04-30T14:35:00,27571.75,27591.75,27571.75,27581.0,3391
2026-04-30T14:40:00,27581.5,27588.0,27574.0,27575.5,2109
2026-04-30T14:45:00,27575.5,27581.75,27570.0,27573.0,1774
2026-04-30T14:50:00,27573.25,27579.25,27565.0,27569.75,2719
2026-04-30T14:55:00,27570.0,27573.5,27548.75,27551.25,3173
2026-04-30T15:00:00,27551.25,27569.25,27542.0,27565.5,4089
2026-04-30T15:05:00,27565.75,27589.25,27560.75,27579.75,4026
2026-04-30T15:10:00,27579.75,27598.25,27579.5,27597.5,3946
2026-04-30T15:15:00,27597.0,27604.5,27590.0,27594.25,3424
2026-04-30T15:20:00,27594.75,27602.25,27587.0,27601.25,2240
2026-04-30T15:25:00,27600.75,27608.5,27591.25,27592.0,2715
2026-04-30T15:30:00,27592.25,27598.0,27582.0,27596.0,3352
2026-04-30T15:35:00,27596.25,27605.0,27587.25,27603.0,2450
2026-04-30T15:40:00,27602.75,27619.5,27589.75,27618.0,3754
2026-04-30T15:45:00,27618.25,27619.75,27604.75,27615.5,3289
2026-04-30T15:50:00,27614.75,27622.0,27572.25,27600.0,9564
2026-04-30T15:55:00,27599.75,27620.25,27575.25,27577.5,18996
2026-05-01T09:30:00,27632.5,27748.25,27617.75,27736.25,19407
2026-05-01T09:35:00,27736.5,27772.5,27723.75,27770.0,10616
2026-05-01T09:40:00,27769.5,27795.0,27760.25,27788.25,10456
2026-05-01T09:45:00,27787.75,27790.75,27752.5,27782.75,8722
2026-05-01T09:50:00,27782.0,27812.75,27760.0,27790.25,12491
2026-05-01T09:55:00,27790.25,27875.75,27789.5,27873.5,11310
2026-05-01T10:00:00,27873.5,27900.0,27852.0,27887.75,9819
2026-05-01T10:05:00,27887.75,27889.75,27856.25,27879.0,6597
2026-05-01T10:10:00,27879.0,27909.25,27867.5,27889.5,6962
2026-05-01T10:15:00,27890.0,27894.0,27859.5,27878.0,5772
2026-05-01T10:20:00,27878.25,27905.5,27875.5,27883.0,6027
2026-05-01T10:25:00,27882.5,27888.5,27868.0,27871.5,5906
2026-05-01T10:30:00,27871.5,27873.25,27802.75,27813.0,10998
2026-05-01T10:35:00,27813.0,27818.5,27751.0,27795.5,12873
2026-05-01T10:40:00,27795.5,27835.5,27779.75,27816.75,8845
2026-05-01T10:45:00,27816.75,27836.75,27809.5,27826.5,5644
2026-05-01T10:50:00,27826.25,27835.5,27793.5,27818.25,7212
2026-05-01T10:55:00,27818.25,27844.75,27812.5,27814.75,5351
2026-05-01T11:00:00,27815.25,27819.0,27769.0,27795.25,8301
2026-05-01T11:05:00,27795.75,27807.5,27781.0,27801.25,4379
2026-05-01T11:10:00,27801.0,27838.0,27788.75,27837.0,4661
2026-05-01T11:15:00,27836.75,27852.5,27828.25,27851.5,5114
2026-05-01T11:20:00,27852.0,27870.25,27851.0,27862.0,4081
2026-05-01T11:25:00,27862.25,27868.5,27850.0,27863.0,3216
2026-05-01T11:30:00,27863.5,27876.75,27856.0,27864.25,3743
2026-05-01T11:35:00,27865.0,27903.0,27861.0,27889.25,5002
2026-05-01T11:40:00,27889.25,27902.25,27888.25,27895.0,3504
2026-05-01T11:45:00,27894.75,27914.75,27890.75,27910.25,4028
2026-05-01T11:50:00,27910.5,27917.0,27837.75,27884.5,9950
2026-05-01T11:55:00,27885.0,27903.75,27880.5,27890.75,3857
2026-05-01T12:00:00,27890.75,27901.5,27880.5,27885.25,2345
2026-05-01T12:05:00,27886.5,27891.25,27843.0,27849.0,3745
2026-05-01T12:10:00,27847.75,27863.5,27841.0,27844.0,4436
2026-05-01T12:15:00,27843.25,27869.25,27840.25,27867.25,3160
2026-05-01T12:20:00,27867.25,27877.25,27823.75,27851.5,6352
2026-05-01T12:25:00,27851.5,27854.75,27818.0,27832.75,5140
2026-05-01T12:30:00,27832.5,27843.75,27808.75,27827.5,4799
2026-05-01T12:35:00,27827.5,27848.25,27821.5,27844.5,3624
2026-05-01T12:40:00,27843.75,27848.5,27818.75,27819.5,3089
2026-05-01T12:45:00,27819.0,27832.25,27805.5,27819.75,3678
2026-05-01T12:50:00,27819.5,27843.5,27811.0,27841.25,3407
2026-05-01T12:55:00,27841.0,27856.25,27830.25,27831.5,3739
2026-05-01T13:00:00,27831.0,27851.0,27828.5,27842.0,3234
2026-05-01T13:05:00,27841.5,27852.0,27838.75,27845.25,1848
2026-05-01T13:10:00,27844.75,27858.25,27843.25,27856.75,1968
2026-05-01T13:15:00,27856.25,27876.75,27855.75,27875.25,3588
2026-05-01T13:20:00,27875.25,27887.75,27869.0,27878.0,3041
2026-05-01T13:25:00,27878.75,27886.0,27871.5,27885.5,1718
2026-05-01T13:30:00,27885.5,27890.5,27874.75,27876.75,1793
2026-05-01T13:35:00,27876.25,27878.5,27864.0,27874.0,2926
2026-05-01T13:40:00,27874.5,27888.0,27874.5,27885.25,2312
2026-05-01T13:45:00,27885.25,27889.5,27879.25,27885.0,1725
2026-05-01T13:50:00,27886.0,27897.0,27876.5,27884.0,3938
2026-05-01T13:55:00,27884.25,27894.25,27882.25,27883.75,1966
2026-05-01T14:00:00,27883.25,27890.25,27867.5,27870.0,2765
2026-05-01T14:05:00,27870.0,27882.25,27856.5,27879.25,3273
2026-05-01T14:10:00,27878.75,27880.5,27844.0,27846.75,3059
2026-05-01T14:15:00,27846.5,27859.5,27835.75,27853.0,3328
2026-05-01T14:20:00,27852.25,27868.25,27847.0,27868.0,2632
2026-05-01T14:25:00,27867.75,27872.0,27855.25,27867.5,3009
2026-05-01T14:30:00,27868.25,27869.25,27843.0,27844.5,4511
2026-05-01T14:35:00,27844.75,27846.0,27829.75,27832.5,3512
2026-05-01T14:40:00,27832.25,27836.0,27812.75,27822.5,3063
2026-05-01T14:45:00,27822.0,27825.0,27794.75,27810.5,3865
2026-05-01T14:50:00,27811.0,27820.25,27798.25,27811.75,2837
2026-05-01T14:55:00,27812.5,27826.0,27808.5,27821.75,2934
2026-05-01T15:00:00,27822.25,27841.75,27818.0,27836.75,3619
2026-05-01T15:05:00,27837.0,27854.75,27836.25,27853.5,2615
2026-05-01T15:10:00,27853.0,27873.0,27847.25,27868.25,2939
2026-05-01T15:15:00,27869.0,27879.5,27861.75,27870.0,3304
2026-05-01T15:20:00,27870.0,27878.75,27865.5,27878.0,2600
2026-05-01T15:25:00,27877.75,27900.0,27877.25,27896.25,4341
2026-05-01T15:30:00,27896.25,27900.75,27875.5,27884.0,4252
2026-05-01T15:35:00,27883.75,27886.25,27866.25,27877.75,3010
2026-05-01T15:40:00,27877.5,27883.75,27863.5,27874.25,2576
2026-05-01T15:45:00,27873.75,27875.5,27859.5,27870.5,2963
2026-05-01T15:50:00,27869.75,27881.0,27837.5,27846.25,7627
2026-05-01T15:55:00,27846.0,27846.5,27822.75,27837.0,14242
2026-05-04T09:30:00,27854.75,27874.5,27810.0,27827.25,14852
2026-05-04T09:35:00,27827.75,27854.75,27808.25,27836.5,7671
2026-05-04T09:40:00,27836.5,27888.0,27824.5,27855.5,6629
2026-05-04T09:45:00,27855.25,27895.75,27846.25,27868.5,7441
2026-05-04T09:50:00,27868.0,27889.0,27849.0,27870.5,6066
2026-05-04T09:55:00,27870.0,27898.75,27840.5,27895.5,5639
2026-05-04T10:00:00,27896.0,27900.0,27867.25,27871.0,6167
2026-05-04T10:05:00,27869.75,27891.5,27844.0,27855.5,7052
2026-05-04T10:10:00,27856.5,27913.25,27851.0,27892.75,7031
2026-05-04T10:15:00,27892.75,27907.5,27879.25,27906.5,4920
2026-05-04T10:20:00,27905.75,27912.25,27887.5,27895.0,3889
2026-05-04T10:25:00,27894.75,27908.0,27867.25,27871.25,3857
2026-05-04T10:30:00,27870.75,27904.25,27864.0,27890.75,4821
2026-05-04T10:35:00,27891.0,27914.25,27881.5,27903.25,4034
2026-05-04T10:40:00,27903.5,27930.0,27903.5,27926.5,4584
2026-05-04T10:45:00,27926.75,27941.0,27924.0,27930.25,4575
2026-05-04T10:50:00,27930.75,27940.75,27918.0,27928.5,3514
2026-05-04T10:55:00,27928.75,27935.75,27874.0,27882.0,8889
2026-05-04T11:00:00,27882.0,27914.25,27847.5,27890.75,8282
2026-05-04T11:05:00,27890.5,27901.75,27865.75,27882.5,4931
2026-05-04T11:10:00,27882.5,27890.5,27837.75,27854.75,5388
2026-05-04T11:15:00,27854.5,27867.75,27769.5,27782.75,9779
2026-05-04T11:20:00,27782.25,27789.25,27711.5,27726.0,15204
2026-05-04T11:25:00,27727.0,27793.25,27722.25,27776.25,9110
2026-05-04T11:30:00,27776.25,27783.75,27722.75,27755.75,7674
2026-05-04T11:35:00,27755.5,27774.5,27716.5,27736.0,7821
2026-05-04T11:40:00,27735.0,27770.0,27697.25,27762.75,7687
2026-05-04T11:45:00,27762.25,27764.25,27722.75,27729.25,5637
2026-05-04T11:50:00,27729.0,27763.0,27700.75,27756.75,7379
2026-05-04T11:55:00,27756.5,27771.5,27725.0,27734.75,4956
2026-05-04T12:00:00,27734.25,27746.5,27704.5,27719.25,4783
2026-05-04T12:05:00,27718.25,27725.0,27613.0,27666.0,13280
2026-05-04T12:10:00,27664.75,27688.0,27636.25,27656.5,5869
2026-05-04T12:15:00,27656.75,27733.75,27629.5,27711.5,10396
2026-05-04T12:20:00,27712.75,27737.75,27702.75,27725.5,6473
2026-05-04T12:25:00,27725.0,27747.75,27705.0,27713.25,4478
2026-05-04T12:30:00,27714.5,27744.25,27705.0,27739.25,4110
2026-05-04T12:35:00,27737.5,27742.25,27691.0,27700.75,5364
2026-05-04T12:40:00,27700.75,27732.25,27698.5,27711.75,3628
2026-05-04T12:45:00,27712.0,27723.0,27701.5,27719.75,2502
2026-05-04T12:50:00,27719.0,27722.25,27688.75,27706.5,4476
2026-05-04T12:55:00,27705.5,27719.75,27699.0,27706.25,2626
2026-05-04T13:00:00,27705.25,27743.0,27704.0,27735.75,5347
2026-05-04T13:05:00,27736.0,27755.5,27733.75,27747.5,3654
2026-05-04T13:10:00,27747.5,27758.5,27728.5,27743.25,3453
2026-05-04T13:15:00,27743.75,27793.5,27740.0,27788.0,7794
2026-05-04T13:20:00,27788.25,27803.75,27782.0,27795.5,3681
2026-05-04T13:25:00,27796.25,27800.0,27780.5,27794.0,2558
2026-05-04T13:30:00,27793.25,27798.25,27773.25,27774.75,2727
2026-05-04T13:35:00,27774.5,27777.0,27753.5,27775.5,3938
2026-05-04T13:40:00,27775.5,27781.5,27762.75,27776.25,1993
2026-05-04T13:45:00,27776.5,27779.0,27767.25,27775.75,1482
2026-05-04T13:50:00,27775.5,27792.75,27773.0,27786.75,2852
2026-05-04T13:55:00,27786.75,27802.5,27786.75,27792.25,2215
2026-05-04T14:00:00,27792.25,27816.5,27791.75,27811.0,3057
2026-05-04T14:05:00,27811.25,27818.75,27792.25,27797.0,2772
2026-05-04T14:10:00,27797.25,27803.75,27786.25,27787.5,2367
2026-05-04T14:15:00,27787.0,27789.5,27771.0,27775.0,2840
2026-05-04T14:20:00,27774.25,27778.75,27751.0,27763.5,3235
2026-05-04T14:25:00,27763.5,27774.75,27732.25,27770.75,4453
2026-05-04T14:30:00,27771.5,27777.0,27752.5,27760.25,2995
2026-05-04T14:35:00,27761.25,27761.75,27744.75,27755.25,2264
2026-05-04T14:40:00,27755.5,27761.5,27726.5,27727.75,2311
2026-05-04T14:45:00,27728.25,27747.75,27718.0,27746.0,3605
2026-05-04T14:50:00,27745.75,27754.75,27726.25,27736.5,3602
2026-05-04T14:55:00,27735.25,27765.0,27733.25,27759.75,2346
2026-05-04T15:00:00,27759.0,27764.25,27739.75,27752.0,2400
2026-05-04T15:05:00,27751.5,27789.25,27744.0,27771.25,7501
2026-05-04T15:10:00,27770.75,27776.75,27764.0,27774.5,1909
2026-05-04T15:15:00,27774.75,27784.25,27769.5,27770.0,1924
2026-05-04T15:20:00,27770.25,27773.25,27757.0,27769.25,1980
2026-05-04T15:25:00,27769.5,27788.5,27749.0,27778.5,3829
2026-05-04T15:30:00,27778.5,27792.5,27777.0,27787.5,2040
2026-05-04T15:35:00,27786.75,27789.5,27773.25,27775.5,1746
2026-05-04T15:40:00,27775.5,27778.5,27762.0,27768.25,2437
2026-05-04T15:45:00,27768.25,27789.0,27759.5,27788.5,2976
2026-05-04T15:50:00,27789.0,27794.0,27750.0,27757.5,5914
2026-05-04T15:55:00,27758.0,27780.75,27747.0,27780.25,8654
2026-05-05T09:30:00,27988.5,28031.25,27971.0,28025.25,15139
2026-05-05T09:35:00,28025.5,28060.75,28019.5,28046.75,10896
2026-05-05T09:40:00,28046.25,28084.0,28042.5,28082.75,8962
2026-05-05T09:45:00,28082.75,28102.75,28070.0,28074.5,11366
2026-05-05T09:50:00,28075.0,28112.0,28069.0,28070.25,9507
2026-05-05T09:55:00,28069.75,28096.75,28064.75,28085.25,6022
2026-05-05T10:00:00,28085.0,28102.0,28058.75,28099.5,7931
2026-05-05T10:05:00,28099.0,28103.5,28089.0,28101.0,5393
2026-05-05T10:10:00,28100.5,28109.25,28045.0,28054.75,11604
2026-05-05T10:15:00,28055.0,28087.0,28031.75,28053.5,13553
2026-05-05T10:20:00,28054.0,28114.25,28046.5,28108.75,7724
2026-05-05T10:25:00,28108.0,28134.0,28106.75,28119.5,6695
2026-05-05T10:30:00,28119.5,28132.75,28112.0,28126.25,4882
2026-05-05T10:35:00,28126.25,28139.25,28092.5,28095.75,6300
2026-05-05T10:40:00,28095.5,28114.5,28083.0,28087.5,5086
2026-05-05T10:45:00,28087.75,28106.0,28077.5,28100.5,4458
2026-05-05T10:50:00,28100.5,28107.75,28079.5,28107.25,3469
2026-05-05T10:55:00,28107.5,28113.75,28092.75,28096.0,3728
2026-05-05T11:00:00,28095.75,28121.5,28087.75,28121.5,4422
2026-05-05T11:05:00,28121.75,28132.0,28109.0,28114.0,3845
2026-05-05T11:10:00,28114.25,28134.0,28114.0,28132.0,3061
2026-05-05T11:15:00,28132.0,28139.25,28120.25,28125.5,3366
2026-05-05T11:20:00,28126.0,28135.0,28119.5,28123.0,3163
2026-05-05T11:25:00,28122.75,28138.0,28115.25,28129.5,3224
2026-05-05T11:30:00,28129.5,28134.0,28110.5,28119.25,4180
2026-05-05T11:35:00,28119.5,28142.0,28119.0,28136.5,4944
2026-05-05T11:40:00,28137.25,28138.75,28129.0,28134.75,2371
2026-05-05T11:45:00,28134.75,28149.75,28133.25,28140.75,3506
2026-05-05T11:50:00,28141.5,28147.0,28132.5,28137.25,2378
2026-05-05T11:55:00,28136.5,28139.5,28120.0,28127.0,3218
2026-05-05T12:00:00,28126.75,28138.5,28120.5,28133.5,2547
2026-05-05T12:05:00,28133.25,28145.0,28133.25,28141.5,2807
2026-05-05T12:10:00,28141.75,28152.5,28141.5,28148.25,3028
2026-05-05T12:15:00,28147.5,28149.75,28131.0,28139.25,2324
2026-05-05T12:20:00,28139.5,28149.75,28136.5,28137.25,2229
2026-05-05T12:25:00,28137.5,28138.5,28090.25,28115.75,6035
2026-05-05T12:30:00,28115.75,28120.0,28100.0,28112.0,3449
2026-05-05T12:35:00,28112.0,28129.0,28098.0,28098.75,3240
2026-05-05T12:40:00,28098.5,28109.75,28092.75,28107.5,3522
2026-05-05T12:45:00,28107.5,28129.0,28102.5,28122.25,2989
2026-05-05T12:50:00,28122.5,28125.75,28114.0,28124.0,1675
2026-05-05T12:55:00,28123.5,28135.75,28122.75,28125.5,2773
2026-05-05T13:00:00,28125.5,28135.5,28117.75,28129.0,2614
2026-05-05T13:05:00,28128.5,28132.0,28111.5,28116.0,1883
2026-05-05T13:10:00,28116.0,28123.25,28107.75,28122.0,1687
2026-05-05T13:15:00,28122.5,28140.0,28122.5,28137.25,2662
2026-05-05T13:20:00,28137.5,28142.0,28125.25,28131.5,2238
2026-05-05T13:25:00,28131.75,28145.25,28130.75,28144.5,1849
2026-05-05T13:30:00,28144.75,28150.0,28135.75,28137.0,3056
2026-05-05T13:35:00,28136.5,28151.75,28135.0,28140.25,2295
2026-05-05T13:40:00,28140.25,28152.25,28137.5,28147.75,1843
2026-05-05T13:45:00,28148.25,28154.5,28145.5,28152.25,1874
2026-05-05T13:50:00,28152.25,28167.75,28150.0,28161.75,3953
2026-05-05T13:55:00,28161.75,28167.0,28157.75,28159.0,1738
2026-05-05T14:00:00,28159.5,28172.5,28156.75,28170.75,2280
2026-05-05T14:05:00,28170.75,28179.25,28169.0,28171.25,2820
2026-05-05T14:10:00,28171.5,28186.25,28168.5,28180.5,2699
2026-05-05T14:15:00,28181.0,28184.0,28173.75,28179.25,1935
2026-05-05T14:20:00,28179.5,28185.5,28170.5,28171.25,2154
2026-05-05T14:25:00,28171.75,28183.0,28169.25,28177.25,1843
2026-05-05T14:30:00,28177.0,28181.75,28171.5,28172.25,1546
2026-05-05T14:35:00,28172.75,28180.25,28170.25,28172.5,1230
2026-05-05T14:40:00,28172.75,28178.75,28170.75,28175.25,1151
2026-05-05T14:45:00,28175.75,28182.5,28172.75,28174.0,1477
2026-05-05T14:50:00,28174.0,28178.0,28154.25,28160.5,3220
2026-05-05T14:55:00,28161.0,28172.5,28160.25,28169.25,1958
2026-05-05T15:00:00,28168.75,28174.75,28162.25,28164.0,2158
2026-05-05T15:05:00,28164.25,28176.75,28163.5,28176.5,2000
2026-05-05T15:10:00,28176.25,28188.25,28171.5,28172.75,3109
2026-05-05T15:15:00,28172.5,28179.0,28164.0,28176.0,2304
2026-05-05T15:20:00,28176.75,28178.25,28161.0,28173.5,2075
2026-05-05T15:25:00,28173.5,28176.25,28163.75,28166.25,1990
2026-05-05T15:30:00,28166.0,28170.0,28158.5,28161.5,2612
2026-05-05T15:35:00,28161.5,28167.25,28152.75,28162.75,2693
2026-05-05T15:40:00,28163.0,28168.5,28150.75,28158.75,2293
2026-05-05T15:45:00,28158.5,28160.5,28145.75,28148.75,2804
2026-05-05T15:50:00,28148.75,28149.0,28112.5,28119.0,10118
2026-05-05T15:55:00,28120.0,28139.75,28108.75,28135.5,14638
2026-05-06T09:30:00,28389.5,28447.0,28336.0,28443.5,19098
2026-05-06T09:35:00,28444.5,28457.75,28395.5,28430.5,12257
2026-05-06T09:40:00,28429.5,28482.25,28423.0,28481.75,11082
2026-05-06T09:45:00,28481.25,28501.0,28455.25,28468.5,12012
2026-05-06T09:50:00,28468.75,28505.0,28419.5,28495.0,11632
2026-05-06T09:55:00,28495.25,28506.0,28463.5,28469.0,7572
2026-05-06T10:00:00,28468.25,28482.5,28412.75,28418.25,9797
2026-05-06T10:05:00,28418.25,28481.25,28385.0,28476.75,12230
2026-05-06T10:10:00,28477.0,28499.5,28463.5,28474.0,8891
2026-05-06T10:15:00,28475.0,28488.0,28404.5,28412.75,10095
2026-05-06T10:20:00,28414.25,28444.25,28405.75,28437.0,8028
2026-05-06T10:25:00,28436.75,28469.25,28414.0,28419.5,7889
2026-05-06T10:30:00,28418.25,28488.0,28418.25,28485.5,7236
2026-05-06T10:35:00,28485.5,28503.5,28475.25,28500.5,6235
2026-05-06T10:40:00,28500.75,28526.5,28499.25,28521.25,8914
2026-05-06T10:45:00,28521.0,28540.25,28518.5,28536.25,6825
2026-05-06T10:50:00,28536.5,28546.5,28525.25,28539.5,5126
2026-05-06T10:55:00,28539.75,28550.75,28524.25,28537.25,4780
2026-05-06T11:00:00,28537.5,28552.0,28531.0,28550.0,5109
2026-05-06T11:05:00,28550.25,28558.25,28537.5,28539.0,4084
2026-05-06T11:10:00,28539.25,28553.0,28518.0,28535.75,4996
2026-05-06T11:15:00,28536.5,28576.5,28532.25,28573.75,5093
2026-05-06T11:20:00,28573.75,28580.75,28565.25,28574.0,3874
2026-05-06T11:25:00,28574.0,28582.5,28572.25,28578.25,3397
2026-05-06T11:30:00,28577.5,28586.75,28571.25,28576.75,4617
2026-05-06T11:35:00,28576.25,28580.5,28548.25,28554.75,4201
2026-05-06T11:40:00,28554.5,28574.75,28530.25,28557.0,7013
2026-05-06T11:45:00,28557.0,28576.0,28547.5,28559.0,4524
2026-05-06T11:50:00,28559.0,28572.75,28548.5,28569.0,2523
2026-05-06T11:55:00,28569.25,28574.75,28552.5,28560.25,2186
2026-05-06T12:00:00,28560.5,28579.5,28554.0,28573.0,2445
2026-05-06T12:05:00,28573.5,28580.0,28567.5,28574.0,1988
2026-05-06T12:10:00,28574.0,28601.25,28573.0,28596.25,4036
2026-05-06T12:15:00,28596.25,28597.5,28569.25,28570.75,3665
2026-05-06T12:20:00,28570.5,28580.75,28566.0,28576.0,2594
2026-05-06T12:25:00,28576.0,28587.0,28570.5,28574.0,2039
2026-05-06T12:30:00,28574.0,28579.75,28567.75,28570.75,1921
2026-05-06T12:35:00,28570.25,28576.0,28553.0,28574.25,3136
2026-05-06T12:40:00,28573.5,28585.0,28567.25,28567.75,1960
2026-05-06T12:45:00,28567.5,28570.75,28535.25,28548.0,3547
2026-05-06T12:50:00,28548.0,28557.75,28526.0,28527.75,3522
2026-05-06T12:55:00,28527.5,28548.5,28512.25,28539.25,5214
2026-05-06T13:00:00,28539.5,28560.5,28528.5,28557.0,3635
2026-05-06T13:05:00,28557.25,28569.25,28555.0,28561.75,2108
2026-05-06T13:10:00,28562.75,28584.25,28562.75,28578.5,3167
2026-05-06T13:15:00,28579.0,28584.75,28567.0,28581.0,2236
2026-05-06T13:20:00,28580.75,28591.75,28579.0,28581.5,2155
2026-05-06T13:25:00,28581.5,28589.5,28575.75,28583.25,1854
2026-05-06T13:30:00,28583.5,28595.25,28581.75,28589.25,1874
2026-05-06T13:35:00,28589.75,28610.25,28585.0,28592.0,3065
2026-05-06T13:40:00,28592.0,28608.25,28586.25,28606.0,2155
2026-05-06T13:45:00,28606.25,28609.5,28590.25,28593.5,2081
2026-05-06T13:50:00,28592.75,28602.25,28587.5,28596.25,1545
2026-05-06T13:55:00,28596.5,28604.5,28591.5,28600.0,1602
2026-05-06T14:00:00,28599.5,28607.25,28591.75,28596.25,1858
2026-05-06T14:05:00,28596.5,28618.75,28596.0,28617.25,2748
2026-05-06T14:10:00,28617.0,28624.25,28609.5,28620.25,3145
2026-05-06T14:15:00,28620.75,28640.0,28620.25,28628.75,4125
2026-05-06T14:20:00,28629.0,28638.0,28625.0,28628.75,2165
2026-05-06T14:25:00,28628.5,28637.75,28623.25,28634.5,2356
2026-05-06T14:30:00,28634.5,28648.75,28625.25,28647.0,3153
2026-05-06T14:35:00,28647.0,28665.75,28646.75,28656.25,4424
2026-05-06T14:40:00,28656.75,28662.5,28648.75,28649.75,2522
2026-05-06T14:45:00,28649.5,28657.25,28636.75,28638.5,2809
2026-05-06T14:50:00,28638.75,28652.5,28633.75,28648.0,3034
2026-05-06T14:55:00,28647.5,28652.25,28639.5,28640.25,1998
2026-05-06T15:00:00,28640.0,28655.0,28637.75,28647.25,2586
2026-05-06T15:05:00,28647.25,28668.5,28643.5,28663.25,3133
2026-05-06T15:10:00,28663.5,28679.75,28662.0,28677.25,3742
2026-05-06T15:15:00,28676.75,28685.25,28672.75,28679.0,3557
2026-05-06T15:20:00,28678.5,28695.25,28675.25,28685.5,3892
2026-05-06T15:25:00,28685.75,28699.75,28682.25,28694.25,3213
2026-05-06T15:30:00,28694.0,28694.0,28667.5,28672.25,3785
2026-05-06T15:35:00,28672.0,28689.25,28670.0,28687.5,2669
2026-05-06T15:40:00,28687.25,28691.25,28669.0,28669.75,2847
2026-05-06T15:45:00,28669.75,28681.75,28666.75,28669.5,3552
2026-05-06T15:50:00,28669.0,28702.5,28667.0,28696.25,10960
2026-05-06T15:55:00,28695.75,28725.75,28695.25,28711.25,20520
2026-05-07T09:30:00,28750.0,28769.5,28720.75,28760.75,14438
2026-05-07T09:35:00,28760.0,28777.5,28742.25,28773.25,8977
2026-05-07T09:40:00,28773.25,28782.5,28734.0,28741.75,8341
2026-05-07T09:45:00,28742.0,28748.0,28708.0,28731.25,12568
2026-05-07T09:50:00,28732.5,28788.75,28725.0,28785.75,10349
2026-05-07T09:55:00,28787.5,28803.0,28770.5,28781.5,9200
2026-05-07T10:00:00,28781.5,28810.0,28779.0,28809.75,8185
2026-05-07T10:05:00,28809.25,28839.0,28796.25,28832.5,8892
2026-05-07T10:10:00,28833.5,28848.75,28826.0,28837.0,7747
2026-05-07T10:15:00,28836.75,28857.75,28822.5,28845.25,8248
2026-05-07T10:20:00,28845.5,28902.5,28845.0,28863.75,9526
2026-05-07T10:25:00,28864.25,28895.25,28862.75,28874.0,6422
2026-05-07T10:30:00,28874.25,28880.5,28860.25,28868.0,5415
2026-05-07T10:35:00,28868.75,28906.5,28866.25,28904.0,5284
2026-05-07T10:40:00,28904.5,28915.0,28889.25,28899.25,5152
2026-05-07T10:45:00,28899.25,28918.25,28870.25,28882.0,6250
2026-05-07T10:50:00,28882.0,28925.0,28879.0,28921.5,5403
2026-05-07T10:55:00,28921.25,28944.75,28919.25,28928.5,6120
2026-05-07T11:00:00,28928.0,28930.5,28893.5,28899.25,5958
2026-05-07T11:05:00,28898.5,28899.25,28847.0,28882.0,8844
2026-05-07T11:10:00,28882.75,28889.5,28853.0,28862.5,5890
2026-05-07T11:15:00,28862.75,28883.0,28860.5,28869.25,3893
2026-05-07T11:20:00,28869.75,28879.25,28847.75,28859.5,6847
2026-05-07T11:25:00,28857.75,28874.0,28823.75,28853.75,7989
2026-05-07T11:30:00,28854.5,28890.75,28850.5,28888.5,5529
2026-05-07T11:35:00,28888.0,28896.5,28874.75,28881.25,4671
2026-05-07T11:40:00,28881.25,28892.0,28864.5,28880.0,3672
2026-05-07T11:45:00,28879.5,28887.0,28846.5,28849.75,3925
2026-05-07T11:50:00,28850.0,28851.0,28818.25,28836.5,6137
2026-05-07T11:55:00,28837.0,28839.5,28772.75,28784.25,8010
2026-05-07T12:00:00,28785.5,28788.25,28751.5,28758.75,8821
2026-05-07T12:05:00,28758.5,28758.5,28719.0,28746.75,8726
2026-05-07T12:10:00,28747.0,28748.0,28692.0,28700.0,8040
2026-05-07T12:15:00,28700.5,28700.5,28637.0,28659.0,14034
2026-05-07T12:20:00,28659.0,28714.75,28647.5,28711.0,9733
2026-05-07T12:25:00,28710.75,28748.25,28710.25,28740.5,8314
2026-05-07T12:30:00,28740.5,28776.25,28731.25,28762.75,6546
2026-05-07T12:35:00,28763.0,28765.0,28713.0,28716.25,6669
2026-05-07T12:40:00,28715.75,28744.75,28706.25,28725.75,5242
2026-05-07T12:45:00,28725.75,28735.25,28705.5,28711.75,3675
2026-05-07T12:50:00,28713.25,28721.5,28684.25,28713.5,5777
2026-05-07T12:55:00,28714.0,28722.25,28661.0,28696.75,5466
2026-05-07T13:00:00,28697.5,28710.0,28678.75,28688.25,4217
2026-05-07T13:05:00,28689.0,28713.5,28674.75,28683.5,5584
2026-05-07T13:10:00,28684.0,28688.5,28653.25,28669.0,5012
2026-05-07T13:15:00,28668.0,28668.0,28618.0,28626.0,7035
2026-05-07T13:20:00,28625.75,28683.5,28611.5,28675.5,7573
2026-05-07T13:25:00,28676.0,28698.75,28552.0,28608.25,17541
2026-05-07T13:30:00,28608.5,28646.5,28590.5,28635.5,8090
2026-05-07T13:35:00,28636.5,28677.5,28622.25,28669.5,5634
2026-05-07T13:40:00,28669.0,28688.75,28636.75,28645.5,4928
2026-05-07T13:45:00,28645.5,28654.5,28617.0,28627.25,4898
2026-05-07T13:50:00,28626.5,28639.5,28605.0,28627.5,5226
2026-05-07T13:55:00,28628.5,28705.75,28624.5,28696.5,8056
2026-05-07T14:00:00,28696.75,28702.75,28672.0,28688.0,6055
2026-05-07T14:05:00,28688.25,28721.5,28660.0,28669.5,5757
2026-05-07T14:10:00,28668.75,28689.75,28654.0,28677.25,5175
2026-05-07T14:15:00,28679.25,28707.5,28673.0,28687.25,4376
2026-05-07T14:20:00,28686.25,28694.25,28659.75,28663.75,4065
2026-05-07T14:25:00,28664.0,28669.0,28642.5,28654.0,4031
2026-05-07T14:30:00,28654.25,28688.5,28651.0,28683.25,3165
2026-05-07T14:35:00,28684.0,28691.0,28645.5,28667.75,4801
2026-05-07T14:40:00,28668.5,28670.25,28594.25,28610.0,6562
2026-05-07T14:45:00,28608.5,28631.25,28584.5,28599.5,6942
2026-05-07T14:50:00,28599.75,28620.0,28582.75,28607.25,5987
2026-05-07T14:55:00,28607.25,28648.75,28592.0,28644.75,6742
2026-05-07T15:00:00,28645.0,28652.75,28619.0,28631.0,4023
2026-05-07T15:05:00,28632.0,28642.25,28616.0,28625.0,3399
2026-05-07T15:10:00,28624.5,28663.25,28618.5,28652.75,3861
2026-05-07T15:15:00,28653.25,28657.25,28603.25,28618.25,6012
2026-05-07T15:20:00,28617.75,28624.25,28594.0,28600.0,4408
2026-05-07T15:25:00,28599.75,28626.25,28586.75,28611.5,4896
2026-05-07T15:30:00,28611.75,28647.75,28608.75,28643.0,3196
2026-05-07T15:35:00,28643.75,28678.25,28640.25,28674.25,3359
2026-05-07T15:40:00,28674.0,28685.25,28663.0,28679.0,3285
2026-05-07T15:45:00,28679.5,28687.0,28662.75,28674.0,3928
2026-05-07T15:50:00,28674.0,28708.75,28648.0,28661.0,9854
2026-05-07T15:55:00,28661.75,28694.5,28655.0,28683.75,13448
2026-05-08T09:30:00,28878.5,28970.0,28859.5,28963.0,15167
2026-05-08T09:35:00,28963.5,28983.0,28949.0,28965.25,9663
2026-05-08T09:40:00,28966.0,28997.0,28941.5,28996.75,9066
2026-05-08T09:45:00,28997.0,29075.0,28996.75,29066.25,13058
2026-05-08T09:50:00,29066.5,29085.25,29041.75,29060.5,8452
2026-05-08T09:55:00,29059.75,29111.25,29045.5,29107.25,7562
2026-05-08T10:00:00,29106.5,29129.0,29081.25,29116.0,11176
2026-05-08T10:05:00,29115.75,29123.0,29090.0,29109.5,6715
2026-05-08T10:10:00,29108.75,29113.0,29075.5,29100.75,8050
2026-05-08T10:15:00,29099.75,29118.5,29087.5,29114.25,5951
2026-05-08T10:20:00,29114.25,29150.0,29109.0,29149.75,7061
2026-05-08T10:25:00,29149.25,29166.0,29103.75,29111.25,7943
2026-05-08T10:30:00,29111.0,29122.0,29078.0,29118.5,7693
2026-05-08T10:35:00,29118.25,29119.5,29073.5,29117.0,6070
2026-05-08T10:40:00,29116.75,29138.0,29096.25,29137.5,5135
2026-05-08T10:45:00,29137.25,29156.25,29125.0,29147.0,5001
2026-05-08T10:50:00,29147.25,29159.5,29132.75,29157.0,4168
2026-05-08T10:55:00,29157.25,29175.25,29152.0,29162.0,5034
2026-05-08T11:00:00,29162.25,29184.0,29158.75,29168.25,4299
2026-05-08T11:05:00,29168.75,29187.5,29159.75,29161.25,4877
2026-05-08T11:10:00,29161.25,29179.5,29147.0,29155.5,4496
2026-05-08T11:15:00,29154.75,29158.0,29124.75,29146.25,5437
2026-05-08T11:20:00,29146.75,29184.5,29141.25,29166.75,5000
2026-05-08T11:25:00,29166.5,29185.0,29163.5,29183.75,3286
2026-05-08T11:30:00,29183.75,29189.0,29153.25,29186.5,5519
2026-05-08T11:35:00,29186.75,29216.5,29184.75,29204.5,6191
2026-05-08T11:40:00,29203.75,29210.5,29169.25,29183.75,6554
2026-05-08T11:45:00,29185.0,29217.75,29176.5,29205.5,6117
2026-05-08T11:50:00,29205.75,29209.0,29184.75,29204.5,4116
2026-05-08T11:55:00,29204.75,29209.5,29186.25,29191.5,3619
2026-05-08T12:00:00,29191.0,29211.0,29190.25,29198.0,4326
2026-05-08T12:05:00,29198.5,29210.5,29190.75,29200.0,2936
2026-05-08T12:10:00,29200.25,29227.0,29194.25,29218.75,3592
2026-05-08T12:15:00,29219.0,29223.75,29210.0,29210.75,2585
2026-05-08T12:20:00,29210.75,29229.25,29210.0,29225.0,2485
2026-05-08T12:25:00,29224.75,29244.75,29223.5,29241.75,3899
2026-05-08T12:30:00,29241.5,29243.5,29231.25,29235.0,2818
2026-05-08T12:35:00,29235.25,29237.25,29213.75,29235.75,3726
2026-05-08T12:40:00,29235.5,29237.5,29195.5,29198.0,4420
2026-05-08T12:45:00,29197.75,29239.5,29196.75,29239.5,4127
2026-05-08T12:50:00,29239.25,29247.75,29222.75,29237.5,4360
2026-05-08T12:55:00,29237.5,29247.25,29235.0,29241.0,2763
2026-05-08T13:00:00,29241.25,29289.5,29235.0,29287.0,6384
2026-05-08T13:05:00,29286.75,29296.25,29265.0,29292.75,5344
2026-05-08T13:10:00,29293.5,29295.75,29279.75,29284.0,2611
2026-05-08T13:15:00,29283.75,29296.75,29282.25,29291.25,2688
2026-05-08T13:20:00,29290.5,29310.5,29284.25,29305.5,4255
2026-05-08T13:25:00,29305.75,29316.75,29296.75,29305.75,4378
2026-05-08T13:30:00,29305.5,29312.0,29295.0,29306.0,3276
2026-05-08T13:35:00,29306.25,29317.5,29291.5,29295.25,3284
2026-05-08T13:40:00,29294.5,29298.0,29276.5,29279.5,4038
2026-05-08T13:45:00,29279.75,29298.0,29269.0,29271.25,4591
2026-05-08T13:50:00,29271.5,29278.5,29254.75,29277.5,4689
2026-05-08T13:55:00,29278.0,29287.0,29263.5,29264.25,2933
2026-05-08T14:00:00,29264.25,29305.5,29259.5,29282.0,7134
2026-05-08T14:05:00,29282.25,29294.5,29270.0,29273.25,2674
2026-05-08T14:10:00,29273.5,29290.25,29264.5,29288.75,2777
2026-05-08T14:15:00,29288.5,29294.75,29270.25,29271.75,2271
2026-05-08T14:20:00,29271.75,29289.0,29270.5,29289.0,1527
2026-05-08T14:25:00,29288.75,29291.5,29281.25,29286.75,1543
2026-05-08T14:30:00,29286.25,29292.75,29283.0,29285.5,1632
2026-05-08T14:35:00,29285.25,29289.75,29275.25,29278.0,1482
2026-05-08T14:40:00,29277.0,29288.5,29267.75,29273.75,2216
2026-05-08T14:45:00,29274.75,29274.75,29260.5,29268.25,2670
2026-05-08T14:50:00,29268.75,29280.75,29257.0,29263.75,2951
2026-05-08T14:55:00,29264.75,29265.25,29237.75,29240.5,5335
2026-05-08T15:00:00,29240.5,29268.75,29238.5,29265.5,2970
2026-05-08T15:05:00,29265.25,29303.25,29260.75,29294.75,3818
2026-05-08T15:10:00,29294.0,29304.0,29289.5,29294.25,2746
2026-05-08T15:15:00,29294.5,29306.0,29291.25,29302.25,2353
2026-05-08T15:20:00,29302.25,29305.25,29280.75,29285.75,4133
2026-05-08T15:25:00,29285.5,29291.75,29261.0,29262.0,2999
2026-05-08T15:30:00,29262.0,29283.25,29256.25,29276.5,3694
2026-05-08T15:35:00,29276.75,29292.5,29270.75,29290.25,2631
2026-05-08T15:40:00,29290.75,29303.75,29288.75,29300.5,4016
2026-05-08T15:45:00,29300.75,29313.75,29294.75,29305.5,3795
2026-05-08T15:50:00,29305.0,29331.25,29298.5,29327.5,8772
2026-05-08T15:55:00,29327.5,29341.0,29314.25,29340.0,21341
2026-05-11T09:30:00,29305.25,29434.75,29281.5,29426.75,20491
2026-05-11T09:35:00,29426.0,29427.0,29332.25,29373.0,14105
2026-05-11T09:40:00,29373.0,29403.75,29352.0,29399.25,8460
2026-05-11T09:45:00,29399.75,29414.0,29360.5,29365.0,9923
2026-05-11T09:50:00,29365.25,29383.25,29322.0,29330.75,8794
2026-05-11T09:55:00,29329.75,29343.75,29300.75,29310.25,7683
2026-05-11T10:00:00,29311.25,29364.0,29307.75,29345.75,8077
2026-05-11T10:05:00,29345.5,29389.5,29345.0,29375.25,6112
2026-05-11T10:10:00,29376.0,29405.0,29351.25,29400.5,5619
2026-05-11T10:15:00,29400.5,29417.75,29382.75,29407.75,5711
2026-05-11T10:20:00,29408.0,29410.5,29384.5,29388.25,4146
2026-05-11T10:25:00,29388.25,29395.25,29274.5,29285.0,9900
2026-05-11T10:30:00,29286.25,29319.0,29246.75,29315.25,12205
2026-05-11T10:35:00,29315.0,29360.0,29302.5,29356.0,7767
2026-05-11T10:40:00,29356.75,29374.0,29345.25,29365.0,5083
2026-05-11T10:45:00,29365.5,29385.0,29357.25,29380.75,5384
2026-05-11T10:50:00,29380.5,29411.0,29369.5,29409.75,5433
2026-05-11T10:55:00,29410.0,29412.25,29381.75,29391.5,4643
2026-05-11T11:00:00,29390.75,29403.5,29375.25,29395.75,3924
2026-05-11T11:05:00,29394.75,29408.25,29380.75,29407.25,3010
2026-05-11T11:10:00,29407.5,29408.5,29362.25,29369.0,4201
2026-05-11T11:15:00,29370.25,29395.0,29359.75,29381.5,4375
2026-05-11T11:20:00,29381.5,29407.0,29371.75,29406.25,3243
2026-05-11T11:25:00,29406.5,29429.5,29403.0,29427.0,4422
2026-05-11T11:30:00,29427.0,29443.5,29409.75,29420.5,5693
2026-05-11T11:35:00,29420.75,29426.25,29405.75,29424.0,3261
2026-05-11T11:40:00,29424.5,29442.0,29410.75,29421.25,5252
2026-05-11T11:45:00,29420.25,29444.75,29416.25,29440.25,4606
2026-05-11T11:50:00,29439.75,29465.5,29430.25,29463.0,5480
2026-05-11T11:55:00,29463.75,29475.25,29452.5,29465.25,3670
2026-05-11T12:00:00,29465.25,29478.25,29456.25,29473.5,3703
2026-05-11T12:05:00,29473.5,29479.5,29467.25,29477.25,2786
2026-05-11T12:10:00,29477.5,29480.0,29471.0,29479.25,3084
2026-05-11T12:15:00,29479.5,29479.75,29451.0,29455.25,3523
2026-05-11T12:20:00,29455.75,29465.25,29446.25,29458.5,3238
2026-05-11T12:25:00,29457.25,29469.5,29457.25,29465.0,2107
2026-05-11T12:30:00,29464.5,29477.5,29461.5,29465.25,2370
2026-05-11T12:35:00,29465.0,29468.5,29436.25,29438.0,2678
2026-05-11T12:40:00,29437.5,29439.75,29369.0,29414.5,10158
2026-05-11T12:45:00,29413.5,29431.0,29406.0,29410.25,3662
2026-05-11T12:50:00,29411.25,29423.25,29398.5,29408.0,2879
2026-05-11T12:55:00,29408.0,29416.0,29396.0,29405.0,2970
2026-05-11T13:00:00,29404.5,29429.0,29404.5,29425.75,3037
2026-05-11T13:05:00,29425.75,29432.5,29406.75,29419.0,2407
2026-05-11T13:10:00,29419.0,29420.0,29382.75,29390.25,3316
2026-05-11T13:15:00,29389.5,29400.5,29377.25,29387.25,2854
2026-05-11T13:20:00,29389.0,29423.0,29385.0,29419.5,3454
2026-05-11T13:25:00,29420.25,29441.0,29416.5,29436.75,3212
2026-05-11T13:30:00,29436.25,29453.5,29435.5,29448.5,3132
2026-05-11T13:35:00,29448.25,29474.0,29444.0,29460.0,3365
2026-05-11T13:40:00,29460.75,29472.0,29455.75,29467.5,2235
2026-05-11T13:45:00,29468.5,29476.5,29457.25,29459.25,3207
2026-05-11T13:50:00,29458.5,29469.0,29453.5,29455.5,2887
2026-05-11T13:55:00,29455.0,29463.5,29439.75,29441.5,2727
2026-05-11T14:00:00,29442.0,29464.0,29440.75,29459.0,2866
2026-05-11T14:05:00,29459.25,29475.0,29456.25,29474.0,2268
2026-05-11T14:10:00,29474.25,29475.0,29461.25,29464.25,2080
2026-05-11T14:15:00,29463.25,29469.0,29457.25,29462.5,1966
2026-05-11T14:20:00,29463.0,29469.5,29448.25,29465.0,3190
2026-05-11T14:25:00,29464.75,29475.0,29462.75,29472.0,1958
2026-05-11T14:30:00,29471.75,29471.75,29454.75,29456.5,2554
2026-05-11T14:35:00,29456.75,29471.25,29446.75,29449.25,2521
2026-05-11T14:40:00,29448.5,29454.0,29437.0,29446.5,2914
2026-05-11T14:45:00,29446.25,29450.5,29431.75,29439.5,2280
2026-05-11T14:50:00,29439.75,29452.0,29430.25,29435.75,2541
2026-05-11T14:55:00,29435.5,29444.0,29386.0,29387.75,5259
2026-05-11T15:00:00,29388.75,29404.0,29377.0,29379.5,4897
2026-05-11T15:05:00,29379.75,29427.25,29376.0,29424.75,4903
2026-05-11T15:10:00,29424.5,29434.5,29410.0,29416.0,4025
2026-05-11T15:15:00,29416.25,29419.5,29393.5,29408.75,3709
2026-05-11T15:20:00,29408.25,29412.5,29382.75,29386.25,3172
2026-05-11T15:25:00,29386.75,29393.5,29371.25,29382.0,5027
2026-05-11T15:30:00,29381.75,29408.5,29375.75,29386.75,4574
2026-05-11T15:35:00,29387.5,29393.75,29371.5,29389.5,4003
2026-05-11T15:40:00,29390.25,29398.75,29373.5,29382.25,3124
2026-05-11T15:45:00,29382.0,29405.75,29376.5,29402.25,3970
2026-05-11T15:50:00,29401.5,29430.5,29394.5,29418.5,7408
2026-05-11T15:55:00,29419.0,29431.75,29413.5,29429.25,13531
2026-05-12T09:30:00,29213.0,29227.25,29145.75,29197.75,17313
2026-05-12T09:35:00,29198.5,29231.75,29143.0,29227.0,12237
2026-05-12T09:40:00,29226.5,29285.75,29213.5,29284.75,14950
2026-05-12T09:45:00,29285.25,29296.0,29202.25,29220.5,13923
2026-05-12T09:50:00,29219.5,29251.75,29183.75,29224.0,11426
2026-05-12T09:55:00,29224.75,29229.0,29109.75,29129.5,15210
2026-05-12T10:00:00,29129.0,29162.25,29088.25,29111.25,17114
2026-05-12T10:05:00,29111.25,29154.0,29106.0,29136.75,10233
2026-05-12T10:10:00,29137.5,29194.75,29117.25,29190.75,8313
2026-05-12T10:15:00,29191.75,29222.75,29169.0,29219.25,7759
2026-05-12T10:20:00,29218.75,29228.25,29172.25,29177.25,6201
2026-05-12T10:25:00,29177.0,29192.5,29081.0,29085.0,9899
2026-05-12T10:30:00,29085.75,29093.5,29006.5,29043.25,14188
2026-05-12T10:35:00,29043.0,29106.75,29014.75,29099.25,9558
2026-05-12T10:40:00,29098.75,29127.0,29061.75,29082.0,7843
2026-05-12T10:45:00,29083.0,29084.5,29035.75,29042.0,6326
2026-05-12T10:50:00,29040.25,29074.5,29010.25,29058.25,8027
2026-05-12T10:55:00,29056.25,29070.25,29000.0,29014.25,6817
2026-05-12T11:00:00,29013.75,29031.0,28980.0,28984.0,8162
2026-05-12T11:05:00,28983.5,29023.0,28967.0,29018.5,7350
2026-05-12T11:10:00,29018.75,29024.5,28964.25,28965.25,5815
2026-05-12T11:15:00,28966.5,28969.5,28913.75,28937.25,11313
2026-05-12T11:20:00,28937.5,28946.75,28868.25,28884.5,9183
2026-05-12T11:25:00,28884.25,28898.25,28856.5,28875.75,8998
2026-05-12T11:30:00,28875.75,28924.0,28869.0,28914.25,8820
2026-05-12T11:35:00,28914.0,28945.25,28889.25,28931.0,6184
2026-05-12T11:40:00,28931.0,28941.0,28898.75,28928.5,4991
2026-05-12T11:45:00,28929.5,28940.25,28902.5,28909.5,4097
2026-05-12T11:50:00,28909.5,28918.75,28871.75,28871.75,5305
2026-05-12T11:55:00,28871.75,28879.0,28828.5,28839.75,6690
2026-05-12T12:00:00,28840.0,28896.5,28811.0,28888.5,9179
2026-05-12T12:05:00,28887.75,28895.5,28856.25,28867.75,4003
2026-05-12T12:10:00,28866.75,28913.5,28857.5,28908.75,4754
2026-05-12T12:15:00,28908.75,28911.75,28868.5,28869.0,4315
2026-05-12T12:20:00,28869.75,28886.0,28828.0,28848.0,5371
2026-05-12T12:25:00,28848.0,28861.75,28833.75,28839.0,3851
2026-05-12T12:30:00,28839.5,28846.5,28795.5,28812.75,6065
2026-05-12T12:35:00,28812.25,28842.25,28807.5,28812.5,4221
2026-05-12T12:40:00,28812.25,28829.75,28769.5,28791.0,6089
2026-05-12T12:45:00,28791.25,28805.25,28756.0,28774.75,6192
2026-05-12T12:50:00,28773.5,28785.75,28742.0,28753.5,6327
2026-05-12T12:55:00,28753.0,28769.0,28742.25,28749.0,4311
2026-05-12T13:00:00,28749.5,28801.5,28749.0,28795.75,5475
2026-05-12T13:05:00,28795.0,28838.75,28792.5,28814.25,6039
2026-05-12T13:10:00,28814.25,28843.75,28809.0,28840.25,4795
2026-05-12T13:15:00,28839.75,28883.25,28838.25,28873.25,5472
2026-05-12T13:20:00,28873.75,28929.75,28873.75,28909.75,6867
2026-05-12T13:25:00,28909.0,28912.0,28864.0,28888.25,5976
2026-05-12T13:30:00,28888.75,28929.0,28882.75,28921.5,5455
2026-05-12T13:35:00,28922.0,28923.25,28876.75,28899.0,4360
2026-05-12T13:40:00,28899.5,28912.5,28892.5,28899.75,2658
2026-05-12T13:45:00,28900.0,28907.5,28877.75,28893.5,3085
2026-05-12T13:50:00,28894.25,28919.0,28879.5,28919.0,3395
2026-05-12T13:55:00,28919.0,28925.0,28895.25,28920.5,3747
2026-05-12T14:00:00,28920.25,28942.75,28913.25,28936.75,6395
2026-05-12T14:05:00,28937.0,28941.75,28912.25,28917.25,3279
2026-05-12T14:10:00,28917.75,28949.25,28911.25,28947.0,3306
2026-05-12T14:15:00,28946.75,28962.0,28931.5,28942.5,4431
2026-05-12T14:20:00,28942.25,28962.5,28940.0,28957.25,3838
2026-05-12T14:25:00,28957.75,29002.5,28957.5,28991.0,6932
2026-05-12T14:30:00,28990.75,29007.25,28980.75,28985.5,4565
2026-05-12T14:35:00,28986.0,29002.25,28972.5,28983.5,4057
2026-05-12T14:40:00,28983.0,28998.5,28977.25,28979.25,2919
2026-05-12T14:45:00,28979.5,28982.25,28947.5,28973.75,5504
2026-05-12T14:50:00,28974.0,28997.0,28966.75,28985.75,3483
2026-05-12T14:55:00,28985.25,29007.0,28949.75,28956.0,5236
2026-05-12T15:00:00,28956.25,28987.25,28955.75,28983.0,2994
2026-05-12T15:05:00,28983.0,29005.75,28972.0,28992.5,4035
2026-05-12T15:10:00,28991.75,29050.0,28991.0,29040.0,5987
2026-05-12T15:15:00,29040.25,29064.0,29038.25,29044.0,5664
2026-05-12T15:20:00,29044.75,29049.0,29014.5,29040.75,4662
2026-05-12T15:25:00,29041.25,29054.0,29038.5,29047.5,2726
2026-05-12T15:30:00,29047.5,29110.0,29047.0,29103.25,5809
2026-05-12T15:35:00,29103.5,29113.0,29087.75,29108.75,5673
2026-05-12T15:40:00,29108.75,29132.0,29102.75,29127.5,4305
2026-05-12T15:45:00,29127.75,29145.0,29112.25,29138.25,5151
2026-05-12T15:50:00,29137.5,29188.25,29137.25,29159.5,10608
2026-05-12T15:55:00,29160.25,29182.75,29155.25,29174.5,16573
2026-05-13T09:30:00,29286.5,29288.5,29216.0,29257.5,16524
2026-05-13T09:35:00,29258.25,29261.5,29180.5,29204.25,13192
2026-05-13T09:40:00,29204.25,29265.0,29190.0,29210.5,11582
2026-05-13T09:45:00,29211.0,29215.5,29075.0,29136.75,18960
2026-05-13T09:50:00,29135.75,29222.75,29096.0,29220.5,12650
2026-05-13T09:55:00,29221.0,29225.75,29151.5,29169.25,11152
2026-05-13T10:00:00,29170.25,29184.75,29140.0,29164.5,9419
2026-05-13T10:05:00,29163.25,29186.0,29112.0,29145.0,8685
2026-05-13T10:10:00,29144.0,29193.0,29131.5,29172.75,7586
2026-05-13T10:15:00,29172.0,29194.0,29149.5,29166.25,6857
2026-05-13T10:20:00,29166.25,29245.25,29161.75,29239.0,8860
2026-05-13T10:25:00,29239.0,29268.5,29227.75,29237.25,7550
2026-05-13T10:30:00,29236.0,29278.5,29221.5,29274.5,6892
2026-05-13T10:35:00,29274.25,29280.5,29218.75,29239.5,7251
2026-05-13T10:40:00,29239.5,29276.0,29229.75,29265.25,5419
2026-05-13T10:45:00,29265.75,29279.0,29238.25,29270.25,4813
2026-05-13T10:50:00,29270.0,29315.0,29257.25,29309.75,6055
2026-05-13T10:55:00,29309.75,29322.0,29297.0,29317.5,4818
2026-05-13T11:00:00,29317.5,29349.5,29315.0,29336.0,5834
2026-05-13T11:05:00,29336.0,29338.5,29315.75,29331.75,4262
2026-05-13T11:10:00,29332.0,29335.25,29298.75,29322.75,4196
2026-05-13T11:15:00,29321.75,29340.0,29318.75,29332.0,3081
2026-05-13T11:20:00,29332.25,29341.25,29305.25,29318.0,3883
2026-05-13T11:25:00,29318.0,29318.5,29281.5,29311.5,5011
2026-05-13T11:30:00,29312.0,29329.25,29284.25,29322.5,4510
2026-05-13T11:35:00,29322.0,29344.75,29316.25,29333.25,3873
2026-05-13T11:40:00,29333.75,29386.75,29333.75,29378.5,5335
2026-05-13T11:45:00,29378.5,29379.5,29351.25,29352.0,4285
2026-05-13T11:50:00,29352.25,29353.5,29316.5,29337.0,4091
2026-05-13T11:55:00,29337.75,29338.5,29297.0,29310.0,3670
2026-05-13T12:00:00,29310.25,29357.75,29299.25,29356.75,3988
2026-05-13T12:05:00,29356.75,29367.75,29333.25,29367.25,3332
2026-05-13T12:10:00,29367.75,29388.25,29364.0,29385.75,2913
2026-05-13T12:15:00,29385.75,29395.25,29374.0,29382.25,4260
2026-05-13T12:20:00,29382.0,29441.0,29376.25,29430.75,6178
2026-05-13T12:25:00,29430.75,29444.75,29410.0,29436.75,5494
2026-05-13T12:30:00,29436.5,29444.0,29413.25,29440.0,4665
2026-05-13T12:35:00,29440.0,29449.0,29430.5,29431.5,3518
2026-05-13T12:40:00,29431.5,29445.25,29431.25,29433.75,2157
2026-05-13T12:45:00,29433.5,29443.0,29422.5,29428.75,3108
2026-05-13T12:50:00,29429.0,29443.25,29415.5,29440.5,4052
2026-05-13T12:55:00,29440.75,29463.5,29438.75,29447.75,5385
2026-05-13T13:00:00,29448.0,29477.0,29448.0,29470.25,4800
2026-05-13T13:05:00,29469.5,29492.0,29469.0,29476.75,4397
2026-05-13T13:10:00,29476.25,29492.75,29476.25,29488.0,2696
2026-05-13T13:15:00,29488.0,29496.25,29477.25,29484.75,3202
2026-05-13T13:20:00,29485.25,29486.5,29467.25,29467.75,2438
2026-05-13T13:25:00,29467.75,29493.25,29463.75,29487.25,2754
2026-05-13T13:30:00,29486.5,29492.0,29465.75,29470.75,2588
2026-05-13T13:35:00,29470.75,29478.25,29465.0,29468.5,2871
2026-05-13T13:40:00,29468.5,29482.25,29466.25,29480.25,1786
2026-05-13T13:45:00,29480.5,29488.75,29473.0,29478.0,2080
2026-05-13T13:50:00,29477.75,29488.25,29477.0,29477.75,1256
2026-05-13T13:55:00,29477.5,29481.5,29442.5,29444.25,2960
2026-05-13T14:00:00,29445.25,29477.5,29441.5,29475.0,4152
2026-05-13T14:05:00,29476.25,29490.75,29471.75,29487.75,2806
2026-05-13T14:10:00,29487.25,29523.5,29486.5,29521.75,5133
2026-05-13T14:15:00,29522.0,29549.5,29522.0,29544.25,7242
2026-05-13T14:20:00,29544.75,29565.5,29541.5,29550.25,5159
2026-05-13T14:25:00,29550.25,29564.0,29547.75,29550.5,2966
2026-05-13T14:30:00,29549.75,29555.75,29535.5,29543.75,3643
2026-05-13T14:35:00,29544.25,29545.25,29510.5,29526.25,3950
2026-05-13T14:40:00,29526.75,29535.5,29513.5,29513.5,2581
2026-05-13T14:45:00,29514.0,29523.5,29503.5,29512.5,3116
2026-05-13T14:50:00,29512.25,29513.75,29497.75,29506.75,3607
2026-05-13T14:55:00,29506.75,29506.75,29466.75,29472.25,3532
2026-05-13T15:00:00,29472.5,29495.25,29471.0,29490.25,3609
2026-05-13T15:05:00,29490.25,29520.25,29478.25,29517.25,3662
2026-05-13T15:10:00,29517.25,29527.5,29508.75,29525.25,2907
2026-05-13T15:15:00,29525.0,29540.0,29515.75,29536.0,2285
2026-05-13T15:20:00,29537.75,29540.0,29502.75,29506.0,3199
2026-05-13T15:25:00,29506.0,29525.5,29499.5,29525.5,2973
2026-05-13T15:30:00,29526.0,29528.75,29512.0,29515.5,2593
2026-05-13T15:35:00,29515.75,29531.5,29510.0,29526.75,2388
2026-05-13T15:40:00,29527.0,29535.75,29523.25,29532.0,2643
2026-05-13T15:45:00,29532.25,29539.5,29526.5,29530.75,2866
2026-05-13T15:50:00,29530.75,29530.75,29449.5,29459.5,10669
2026-05-13T15:55:00,29459.75,29485.75,29458.0,29476.0,11504
2026-05-14T09:30:00,29476.25,29552.0,29458.5,29550.0,17013
2026-05-14T09:35:00,29551.0,29599.75,29540.25,29586.5,12914
2026-05-14T09:40:00,29586.0,29628.5,29574.5,29626.0,11485
2026-05-14T09:45:00,29625.5,29680.75,29625.25,29665.5,15921
2026-05-14T09:50:00,29666.0,29684.75,29605.5,29609.25,12260
2026-05-14T09:55:00,29609.0,29624.75,29526.75,29541.75,12202
2026-05-14T10:00:00,29542.0,29616.75,29533.0,29595.0,11939
2026-05-14T10:05:00,29596.25,29605.5,29541.5,29550.5,8544
2026-05-14T10:10:00,29549.5,29594.5,29537.5,29583.75,8099
2026-05-14T10:15:00,29583.0,29640.0,29578.25,29635.5,7534
2026-05-14T10:20:00,29634.75,29666.5,29620.75,29629.25,9206
2026-05-14T10:25:00,29630.5,29636.5,29595.5,29623.0,6238
2026-05-14T10:30:00,29622.25,29633.75,29607.0,29632.25,4491
2026-05-14T10:35:00,29632.75,29679.25,29623.75,29677.5,6320
2026-05-14T10:40:00,29677.75,29686.75,29664.5,29686.25,5343
2026-05-14T10:45:00,29686.5,29708.0,29684.0,29706.25,7746
2026-05-14T10:50:00,29706.25,29730.0,29682.25,29699.0,7768
2026-05-14T10:55:00,29699.5,29707.75,29664.0,29674.25,5705
2026-05-14T11:00:00,29674.75,29707.0,29665.0,29682.75,5019
2026-05-14T11:05:00,29681.75,29719.25,29676.75,29718.25,3839
2026-05-14T11:10:00,29717.5,29734.5,29706.25,29733.0,3919
2026-05-14T11:15:00,29733.25,29758.5,29731.75,29752.25,6077
2026-05-14T11:20:00,29751.5,29767.75,29737.75,29754.0,6225
2026-05-14T11:25:00,29754.5,29773.75,29752.0,29756.75,5610
2026-05-14T11:30:00,29756.75,29770.0,29736.75,29744.75,4379
2026-05-14T11:35:00,29744.5,29755.0,29727.75,29741.75,4170
2026-05-14T11:40:00,29742.25,29755.75,29729.5,29752.0,3605
2026-05-14T11:45:00,29752.25,29754.75,29733.0,29745.75,3183
2026-05-14T11:50:00,29746.0,29757.5,29740.75,29754.75,2560
2026-05-14T11:55:00,29754.0,29769.75,29753.25,29755.25,5219
2026-05-14T12:00:00,29756.0,29772.75,29752.75,29771.75,3004
2026-05-14T12:05:00,29771.5,29779.25,29761.0,29765.75,3011
2026-05-14T12:10:00,29765.75,29782.0,29752.5,29756.0,4851
2026-05-14T12:15:00,29755.75,29778.0,29747.5,29752.5,3300
2026-05-14T12:20:00,29752.0,29782.0,29750.75,29758.0,4931
2026-05-14T12:25:00,29757.75,29764.75,29714.5,29727.25,5550
2026-05-14T12:30:00,29727.5,29743.25,29697.25,29705.5,5960
2026-05-14T12:35:00,29705.25,29726.75,29705.25,29722.75,3655
2026-05-14T12:40:00,29722.5,29742.0,29714.0,29719.0,3827
2026-05-14T12:45:00,29718.0,29739.0,29692.25,29731.75,5100
2026-05-14T12:50:00,29731.75,29733.75,29704.75,29732.0,3069
2026-05-14T12:55:00,29732.5,29735.25,29696.0,29728.0,3485
2026-05-14T13:00:00,29728.25,29754.5,29728.0,29743.75,4892
2026-05-14T13:05:00,29744.0,29744.5,29686.5,29688.0,4998
2026-05-14T13:10:00,29687.5,29706.5,29652.0,29660.0,5978
2026-05-14T13:15:00,29659.25,29670.0,29606.5,29616.25,9509
2026-05-14T13:20:00,29617.0,29654.25,29615.0,29625.75,6467
2026-05-14T13:25:00,29626.25,29649.5,29595.25,29648.0,7609
2026-05-14T13:30:00,29648.25,29674.25,29636.75,29653.25,6247
2026-05-14T13:35:00,29654.0,29693.25,29652.0,29685.75,4434
2026-05-14T13:40:00,29685.25,29702.5,29678.75,29697.5,3522
2026-05-14T13:45:00,29698.5,29736.0,29698.5,29726.5,4617
2026-05-14T13:50:00,29726.0,29745.75,29721.5,29736.25,3892
2026-05-14T13:55:00,29736.5,29752.5,29729.75,29731.0,3528
2026-05-14T14:00:00,29730.75,29730.75,29640.5,29655.0,9581
2026-05-14T14:05:00,29655.5,29672.0,29648.5,29660.25,4476
2026-05-14T14:10:00,29661.0,29695.75,29649.25,29690.0,6519
2026-05-14T14:15:00,29690.25,29708.0,29681.5,29703.75,4478
2026-05-14T14:20:00,29704.25,29706.5,29670.5,29678.0,3247
2026-05-14T14:25:00,29677.75,29684.75,29660.25,29673.5,4191
2026-05-14T14:30:00,29673.75,29698.0,29673.75,29687.5,2986
2026-05-14T14:35:00,29687.75,29694.5,29674.75,29683.0,2569
2026-05-14T14:40:00,29683.0,29687.25,29655.0,29673.0,2875
2026-05-14T14:45:00,29672.75,29689.25,29656.25,29684.5,3221
2026-05-14T14:50:00,29685.0,29701.75,29684.25,29697.75,3127
2026-05-14T14:55:00,29698.0,29717.75,29694.75,29708.5,3737
2026-05-14T15:00:00,29709.0,29732.0,29709.0,29721.25,3731
2026-05-14T15:05:00,29720.5,29730.0,29703.25,29721.25,2609
2026-05-14T15:10:00,29721.25,29727.75,29692.5,29706.0,3718
2026-05-14T15:15:00,29706.75,29717.25,29701.5,29710.75,2650
2026-05-14T15:20:00,29710.75,29735.0,29709.5,29717.5,4293
2026-05-14T15:25:00,29717.75,29719.5,29695.25,29698.75,3617
2026-05-14T15:30:00,29699.5,29723.5,29696.5,29710.25,3120
2026-05-14T15:35:00,29710.25,29721.5,29701.0,29718.25,3245
2026-05-14T15:40:00,29718.0,29735.0,29716.75,29727.25,3764
2026-05-14T15:45:00,29727.5,29731.25,29712.75,29717.25,3322
2026-05-14T15:50:00,29717.75,29719.0,29690.0,29709.0,7167
2026-05-14T15:55:00,29709.5,29712.75,29678.5,29686.75,11735
2026-05-15T09:30:00,29278.0,29291.0,29188.75,29254.0,20787
2026-05-15T09:35:00,29254.0,29256.5,29151.0,29166.25,13867
2026-05-15T09:40:00,29167.5,29243.75,29161.0,29167.25,12912
2026-05-15T09:45:00,29167.0,29223.5,29089.75,29219.75,19366
2026-05-15T09:50:00,29219.75,29273.75,29163.25,29260.5,13329
2026-05-15T09:55:00,29262.25,29288.0,29139.5,29143.25,13151
2026-05-15T10:00:00,29144.0,29213.25,29132.0,29164.5,13752
2026-05-15T10:05:00,29164.5,29235.25,29146.5,29212.75,9263
2026-05-15T10:10:00,29212.25,29304.75,29193.25,29301.0,11327
2026-05-15T10:15:00,29300.75,29363.25,29274.25,29349.0,12521
2026-05-15T10:20:00,29349.5,29382.75,29333.5,29340.25,10414
2026-05-15T10:25:00,29340.75,29344.5,29269.75,29291.5,9938
2026-05-15T10:30:00,29292.25,29347.75,29286.0,29341.75,7452
2026-05-15T10:35:00,29342.25,29357.25,29302.25,29323.25,6208
2026-05-15T10:40:00,29321.5,29360.5,29321.5,29347.0,6919
2026-05-15T10:45:00,29346.75,29354.0,29281.0,29290.5,7311
2026-05-15T10:50:00,29291.0,29309.5,29247.5,29306.75,9141
2026-05-15T10:55:00,29308.5,29329.25,29274.75,29281.25,6769
2026-05-15T11:00:00,29281.0,29312.0,29251.5,29281.25,6165
2026-05-15T11:05:00,29280.0,29320.25,29240.5,29319.75,6560
2026-05-15T11:10:00,29319.0,29325.5,29265.0,29285.75,6186
2026-05-15T11:15:00,29284.75,29321.5,29274.75,29313.25,4217
2026-05-15T11:20:00,29313.5,29361.0,29311.75,29323.0,5918
2026-05-15T11:25:00,29323.25,29344.5,29294.25,29334.0,5445
2026-05-15T11:30:00,29333.75,29372.0,29331.5,29343.25,6474
2026-05-15T11:35:00,29342.25,29382.0,29327.5,29333.25,6047
2026-05-15T11:40:00,29332.25,29344.5,29271.25,29285.25,6403
2026-05-15T11:45:00,29286.0,29301.25,29260.25,29268.5,5101
2026-05-15T11:50:00,29269.5,29270.0,29228.0,29243.75,7555
2026-05-15T11:55:00,29243.25,29285.75,29212.0,29281.25,6925
2026-05-15T12:00:00,29282.0,29313.0,29264.75,29279.5,5409
2026-05-15T12:05:00,29277.75,29301.25,29261.25,29297.25,4511
2026-05-15T12:10:00,29297.25,29298.5,29251.5,29287.25,4081
2026-05-15T12:15:00,29287.25,29288.5,29253.25,29272.75,3280
2026-05-15T12:20:00,29272.75,29324.0,29268.0,29320.25,4359
2026-05-15T12:25:00,29320.75,29336.5,29311.25,29332.25,4027
2026-05-15T12:30:00,29333.0,29348.0,29321.5,29342.0,3493
2026-05-15T12:35:00,29342.5,29344.75,29316.25,29333.5,3243
2026-05-15T12:40:00,29334.5,29346.25,29316.75,29345.25,2934
2026-05-15T12:45:00,29345.25,29351.0,29329.75,29333.75,3363
2026-05-15T12:50:00,29333.0,29350.25,29279.75,29286.5,4309
2026-05-15T12:55:00,29286.0,29330.0,29285.0,29322.75,3778
2026-05-15T13:00:00,29323.25,29339.0,29312.0,29325.5,3206
2026-05-15T13:05:00,29326.0,29355.25,29319.75,29350.0,3139
2026-05-15T13:10:00,29350.0,29363.0,29341.75,29362.5,2934
2026-05-15T13:15:00,29362.5,29366.75,29341.25,29366.25,3129
2026-05-15T13:20:00,29366.25,29408.0,29359.75,29402.0,4308
2026-05-15T13:25:00,29402.0,29430.0,29401.25,29417.75,4678
2026-05-15T13:30:00,29417.75,29444.0,29413.25,29441.5,4045
2026-05-15T13:35:00,29441.75,29446.75,29423.75,29439.25,3551
2026-05-15T13:40:00,29439.75,29443.5,29404.75,29424.25,3703
2026-05-15T13:45:00,29425.0,29434.5,29412.0,29417.0,2208
2026-05-15T13:50:00,29417.0,29442.25,29417.0,29438.0,2404
2026-05-15T13:55:00,29438.5,29453.75,29425.5,29447.25,2808
2026-05-15T14:00:00,29449.0,29465.0,29446.75,29462.0,3694
2026-05-15T14:05:00,29462.5,29486.75,29460.75,29469.75,4972
2026-05-15T14:10:00,29468.75,29485.5,29464.5,29468.75,3363
2026-05-15T14:15:00,29468.5,29472.25,29387.75,29396.25,6935
2026-05-15T14:20:00,29395.75,29442.0,29389.75,29421.5,5267
2026-05-15T14:25:00,29421.5,29432.0,29376.0,29384.75,4385
2026-05-15T14:30:00,29385.5,29389.5,29316.0,29340.5,7642
2026-05-15T14:35:00,29340.0,29384.25,29338.75,29383.0,4102
2026-05-15T14:40:00,29382.25,29383.0,29348.5,29376.0,3063
2026-05-15T14:45:00,29376.25,29379.25,29352.75,29372.25,2454
2026-05-15T14:50:00,29372.0,29403.5,29362.75,29399.75,3323
2026-05-15T14:55:00,29400.0,29407.0,29370.0,29389.75,3086
2026-05-15T15:00:00,29389.5,29398.25,29351.0,29355.0,3558
2026-05-15T15:05:00,29353.5,29363.5,29324.0,29332.25,3703
2026-05-15T15:10:00,29331.5,29332.5,29300.0,29322.0,4728
2026-05-15T15:15:00,29321.5,29322.5,29285.25,29301.5,3791
2026-05-15T15:20:00,29301.75,29321.75,29288.25,29288.5,4036
2026-05-15T15:25:00,29288.5,29302.5,29283.75,29291.25,2884
2026-05-15T15:30:00,29289.75,29324.0,29287.5,29313.0,3665
2026-05-15T15:35:00,29313.5,29332.75,29296.5,29328.25,3031
2026-05-15T15:40:00,29330.5,29340.25,29292.25,29295.75,3667
2026-05-15T15:45:00,29295.25,29307.0,29270.5,29299.5,4897
2026-05-15T15:50:00,29299.75,29300.25,29230.25,29234.75,8265
2026-05-15T15:55:00,29234.75,29249.0,29208.25,29231.25,20035
2026-05-18T09:30:00,29338.25,29356.25,29276.25,29288.25,20429
2026-05-18T09:35:00,29288.0,29301.75,29240.0,29263.0,11906
2026-05-18T09:40:00,29263.5,29282.75,29160.0,29166.5,15080
2026-05-18T09:45:00,29167.5,29206.0,29135.0,29158.5,16218
2026-05-18T09:50:00,29158.5,29278.0,29157.0,29272.5,13068
2026-05-18T09:55:00,29273.0,29308.75,29228.0,29243.75,11371
2026-05-18T10:00:00,29242.5,29243.0,29140.5,29161.25,13624
2026-05-18T10:05:00,29161.0,29257.5,29129.0,29250.5,11979
2026-05-18T10:10:00,29250.0,29272.0,29217.75,29261.5,9341
2026-05-18T10:15:00,29259.25,29299.0,29205.0,29252.0,8970
2026-05-18T10:20:00,29252.25,29265.75,29198.0,29205.5,7408
2026-05-18T10:25:00,29204.75,29231.75,29137.25,29153.25,8809
2026-05-18T10:30:00,29154.0,29175.75,29012.75,29024.5,14641
2026-05-18T10:35:00,29024.5,29077.75,28970.75,29059.75,14438
2026-05-18T10:40:00,29059.25,29121.75,29013.25,29087.75,10838
2026-05-18T10:45:00,29087.75,29096.75,29002.5,29018.0,9818
2026-05-18T10:50:00,29017.75,29109.0,29003.5,29058.75,9052
2026-05-18T10:55:00,29057.25,29101.75,29047.0,29082.5,6311
2026-05-18T11:00:00,29082.25,29126.25,29036.0,29073.25,11664
2026-05-18T11:05:00,29071.5,29085.0,29015.5,29018.5,6126
2026-05-18T11:10:00,29018.5,29087.5,29006.0,29065.75,6813
2026-05-18T11:15:00,29066.0,29069.75,28993.5,29007.75,5625
2026-05-18T11:20:00,29008.25,29029.0,28980.5,29006.75,6617
2026-05-18T11:25:00,29007.5,29046.0,28956.25,28960.25,7727
2026-05-18T11:30:00,28960.75,29015.75,28941.5,29011.75,7891
2026-05-18T11:35:00,29012.75,29065.25,29008.25,29027.0,6585
2026-05-18T11:40:00,29027.0,29060.5,28998.5,29000.75,5233
2026-05-18T11:45:00,28999.75,29041.25,28992.0,29010.25,4015
2026-05-18T11:50:00,29011.0,29038.0,28978.5,29028.5,4417
2026-05-18T11:55:00,29029.0,29046.5,28987.25,28997.25,4470
2026-05-18T12:00:00,28996.25,29008.75,28951.75,28971.5,5198
2026-05-18T12:05:00,28971.0,29007.25,28963.5,28993.5,4580
2026-05-18T12:10:00,28995.5,29030.0,28990.0,29027.5,4145
2026-05-18T12:15:00,29026.5,29043.0,29016.75,29029.0,3905
2026-05-18T12:20:00,29029.0,29074.0,28974.75,28993.75,8619
2026-05-18T12:25:00,28994.75,28999.25,28859.25,28878.5,13018
2026-05-18T12:30:00,28877.75,28940.0,28842.5,28909.0,9810
2026-05-18T12:35:00,28909.0,28961.5,28899.25,28939.25,5793
2026-05-18T12:40:00,28938.75,28947.5,28916.5,28922.75,3904
2026-05-18T12:45:00,28921.75,28939.5,28907.75,28931.25,3902
2026-05-18T12:50:00,28931.0,29022.25,28926.5,29020.25,7304
2026-05-18T12:55:00,29020.5,29045.5,28995.0,29006.0,6452
2026-05-18T13:00:00,29004.75,29017.25,28966.75,29008.0,5879
2026-05-18T13:05:00,29007.75,29036.5,28996.75,29015.5,4517
2026-05-18T13:10:00,29015.75,29038.0,28995.0,28995.75,2961
2026-05-18T13:15:00,28995.0,29017.25,28984.5,29007.75,2826
2026-05-18T13:20:00,29008.0,29012.75,28966.25,28977.5,3236
2026-05-18T13:25:00,28978.5,29013.75,28966.25,29009.5,3306
2026-05-18T13:30:00,29009.75,29015.25,28971.25,28983.75,3593
2026-05-18T13:35:00,28985.0,28987.75,28959.75,28976.25,3564
2026-05-18T13:40:00,28975.75,29029.75,28971.0,29011.25,4272
2026-05-18T13:45:00,29011.75,29016.75,28972.0,28981.75,3953
2026-05-18T13:50:00,28981.5,29021.25,28977.25,29006.0,3478
2026-05-18T13:55:00,29007.25,29023.0,28991.75,29014.0,2552
2026-05-18T14:00:00,29014.25,29020.5,28946.25,28952.25,5330
2026-05-18T14:05:00,28953.0,28968.75,28932.5,28937.5,4091
2026-05-18T14:10:00,28938.0,28948.25,28914.25,28917.0,4104
2026-05-18T14:15:00,28916.0,28918.5,28850.5,28866.5,7070
2026-05-18T14:20:00,28867.5,28878.25,28847.25,28866.75,5820
2026-05-18T14:25:00,28866.5,28895.0,28834.75,28892.5,7525
2026-05-18T14:30:00,28892.75,28915.0,28875.25,28885.5,5487
2026-05-18T14:35:00,28885.75,28903.75,28856.75,28859.0,3860
2026-05-18T14:40:00,28858.5,28875.75,28843.25,28873.75,3996
2026-05-18T14:45:00,28873.0,28882.25,28823.75,28835.0,4148
2026-05-18T14:50:00,28834.25,28845.75,28814.75,28824.5,4677
2026-05-18T14:55:00,28823.5,28861.75,28816.75,28840.0,5293
2026-05-18T15:00:00,28842.25,29070.25,28837.75,28985.25,20867
2026-05-18T15:05:00,28987.0,29018.75,28918.25,28967.5,12268
2026-05-18T15:10:00,28967.5,28995.25,28951.0,28959.5,6337
2026-05-18T15:15:00,28959.25,28973.25,28920.75,28934.25,5501
2026-05-18T15:20:00,28934.75,28960.75,28907.75,28915.25,5281
2026-05-18T15:25:00,28915.25,28926.75,28881.5,28922.5,4336
2026-05-18T15:30:00,28923.0,28973.75,28913.25,28952.0,5504
2026-05-18T15:35:00,28953.5,29015.25,28949.75,29012.5,4948
2026-05-18T15:40:00,29013.0,29055.25,29012.25,29053.5,6400
2026-05-18T15:45:00,29053.5,29087.75,29041.75,29079.75,6379
2026-05-18T15:50:00,29080.5,29114.0,29057.75,29107.75,7879
2026-05-18T15:55:00,29107.25,29107.75,29069.25,29098.75,13180
2026-05-19T09:30:00,28850.25,28999.0,28850.25,28957.75,23007
2026-05-19T09:35:00,28957.25,29068.0,28938.25,29038.0,17403
2026-05-19T09:40:00,29035.25,29044.25,28903.75,28909.75,15733
2026-05-19T09:45:00,28910.25,29009.25,28868.75,28945.25,16473
2026-05-19T09:50:00,28944.0,29010.0,28916.0,28998.25,11456
2026-05-19T09:55:00,28998.0,29028.0,28919.25,28937.75,11495
2026-05-19T10:00:00,28936.75,28944.0,28866.25,28915.5,13119
2026-05-19T10:05:00,28914.75,28926.0,28768.5,28792.75,16049
2026-05-19T10:10:00,28792.5,28829.25,28730.25,28736.75,15690
2026-05-19T10:15:00,28737.25,28747.0,28691.25,28709.75,15180
2026-05-19T10:20:00,28709.75,28729.0,28663.0,28728.5,13887
2026-05-19T10:25:00,28727.75,28755.0,28689.5,28711.75,11478
2026-05-19T10:30:00,28711.5,28765.0,28684.0,28700.75,11143
2026-05-19T10:35:00,28700.5,28770.75,28699.5,28762.75,8389
2026-05-19T10:40:00,28763.5,28801.0,28723.0,28744.75,9045
2026-05-19T10:45:00,28743.5,28759.75,28675.0,28709.5,8037
2026-05-19T10:50:00,28708.5,28762.0,28695.0,28741.0,6856
2026-05-19T10:55:00,28740.75,28807.0,28731.75,28804.0,6152
2026-05-19T11:00:00,28803.75,28835.0,28780.75,28811.5,7899
2026-05-19T11:05:00,28812.5,28818.5,28755.0,28793.25,6275
2026-05-19T11:10:00,28793.0,28836.0,28792.75,28827.75,4933
2026-05-19T11:15:00,28829.25,28860.0,28787.5,28788.25,6462
2026-05-19T11:20:00,28788.0,28819.5,28744.0,28745.75,6383
2026-05-19T11:25:00,28744.0,28795.5,28726.0,28770.75,5962
2026-05-19T11:30:00,28770.5,28838.25,28757.75,28793.5,7030
2026-05-19T11:35:00,28793.5,28856.5,28778.5,28844.25,5448
2026-05-19T11:40:00,28845.25,28877.75,28826.0,28855.0,5422
2026-05-19T11:45:00,28856.75,28863.5,28822.0,28853.25,4199
2026-05-19T11:50:00,28853.25,28859.0,28801.25,28821.25,4357
2026-05-19T11:55:00,28820.75,28824.5,28779.75,28815.75,4386
2026-05-19T12:00:00,28818.0,28880.5,28814.25,28870.75,5418
2026-05-19T12:05:00,28870.0,28874.25,28806.5,28808.25,4097
2026-05-19T12:10:00,28807.75,28831.5,28791.5,28814.5,4197
2026-05-19T12:15:00,28815.5,28867.0,28814.25,28861.25,5227
2026-05-19T12:20:00,28860.5,28877.75,28842.5,28877.75,3632
2026-05-19T12:25:00,28876.5,28922.75,28875.75,28910.75,5617
2026-05-19T12:30:00,28908.0,28955.25,28902.25,28946.5,5745
2026-05-19T12:35:00,28946.0,28971.5,28924.25,28966.25,4695
2026-05-19T12:40:00,28965.75,28990.25,28961.75,28989.0,4460
2026-05-19T12:45:00,28989.0,28996.0,28967.25,28981.0,4567
2026-05-19T12:50:00,28980.25,29024.0,28969.25,29023.5,4726
2026-05-19T12:55:00,29023.75,29034.75,29008.25,29021.75,4762
2026-05-19T13:00:00,29022.5,29057.5,29011.0,29054.75,5414
2026-05-19T13:05:00,29054.75,29072.25,29041.75,29070.0,5013
2026-05-19T13:10:00,29069.5,29080.5,29055.25,29073.75,4650
2026-05-19T13:15:00,29073.75,29105.25,29073.75,29101.75,5166
2026-05-19T13:20:00,29101.25,29126.5,29088.5,29112.5,5552
2026-05-19T13:25:00,29111.75,29116.0,29061.5,29082.0,6010
2026-05-19T13:30:00,29082.25,29119.0,29079.0,29081.5,4409
2026-05-19T13:35:00,29080.75,29106.0,29078.5,29100.0,3397
2026-05-19T13:40:00,29101.75,29112.25,29084.25,29089.5,3131
2026-05-19T13:45:00,29089.75,29092.0,29035.5,29064.75,5539
2026-05-19T13:50:00,29065.75,29066.0,29007.0,29036.0,4199
2026-05-19T13:55:00,29037.25,29073.0,29033.25,29068.75,3706
2026-05-19T14:00:00,29069.25,29090.25,29063.75,29082.5,3506
2026-05-19T14:05:00,29083.0,29100.0,29077.75,29094.25,2724
2026-05-19T14:10:00,29093.5,29101.75,29071.5,29072.5,2787
2026-05-19T14:15:00,29072.25,29081.75,29052.0,29061.25,3336
2026-05-19T14:20:00,29060.25,29062.75,29006.75,29038.25,4636
2026-05-19T14:25:00,29038.25,29065.5,29019.0,29023.5,4544
2026-05-19T14:30:00,29023.75,29049.0,29008.0,29041.0,3323
2026-05-19T14:35:00,29040.75,29061.5,29012.75,29015.5,3720
2026-05-19T14:40:00,29015.25,29027.0,29000.5,29017.25,3056
2026-05-19T14:45:00,29016.75,29022.0,28992.25,29017.0,3590
2026-05-19T14:50:00,29016.5,29020.75,28973.25,28975.5,3800
2026-05-19T14:55:00,28973.75,28973.75,28941.75,28959.5,5645
2026-05-19T15:00:00,28959.75,28997.75,28957.75,28977.5,4526
2026-05-19T15:05:00,28979.0,29016.75,28958.5,29006.5,4301
2026-05-19T15:10:00,29006.25,29055.0,29004.5,29053.0,4249
2026-05-19T15:15:00,29053.25,29059.75,29001.75,29002.75,3889
2026-05-19T15:20:00,29001.25,29012.0,28941.0,28941.75,4849
2026-05-19T15:25:00,28941.25,28982.75,28924.5,28977.5,4804
2026-05-19T15:30:00,28977.25,29004.0,28962.25,28968.5,3876
2026-05-19T15:35:00,28968.5,28975.75,28936.0,28953.25,3502
2026-05-19T15:40:00,28951.75,28954.75,28926.5,28931.75,3907
2026-05-19T15:45:00,28932.0,28942.0,28912.5,28919.75,4093
2026-05-19T15:50:00,28919.5,28936.5,28871.5,28881.5,6960
2026-05-19T15:55:00,28882.0,28929.0,28867.0,28923.25,14481
2026-05-20T09:30:00,29073.75,29154.5,29069.5,29135.5,17866
2026-05-20T09:35:00,29134.5,29142.0,29023.25,29066.5,16478
2026-05-20T09:40:00,29067.0,29150.0,29038.5,29142.5,13285
2026-05-20T09:45:00,29142.75,29194.75,29114.75,29134.75,14062
2026-05-20T09:50:00,29135.0,29165.75,29065.0,29084.0,12516
2026-05-20T09:55:00,29084.25,29107.5,29047.25,29100.5,8851
2026-05-20T10:00:00,29100.75,29119.75,29060.0,29077.0,9694
2026-05-20T10:05:00,29075.5,29100.75,29056.75,29073.75,6280
2026-05-20T10:10:00,29073.75,29130.0,29008.5,29088.25,13577
2026-05-20T10:15:00,29087.25,29233.75,29074.5,29167.0,16430
2026-05-20T10:20:00,29168.25,29227.0,29136.25,29143.5,11991
2026-05-20T10:25:00,29143.25,29210.5,29117.5,29209.75,8732
2026-05-20T10:30:00,29209.75,29263.0,29208.5,29214.5,12187
2026-05-20T10:35:00,29214.25,29225.25,29173.0,29202.25,7978
2026-05-20T10:40:00,29199.75,29224.75,29187.0,29223.75,4568
2026-05-20T10:45:00,29224.0,29236.75,29175.25,29197.75,5400
2026-05-20T10:50:00,29198.25,29253.5,29188.5,29244.25,4722
2026-05-20T10:55:00,29244.25,29279.5,29232.5,29261.25,7271
2026-05-20T11:00:00,29261.5,29281.5,29230.75,29238.75,4713
2026-05-20T11:05:00,29237.5,29265.0,29234.5,29257.5,4046
2026-05-20T11:10:00,29257.25,29265.0,29243.75,29256.0,3114
2026-05-20T11:15:00,29255.0,29395.5,29255.0,29323.5,20112
2026-05-20T11:20:00,29322.25,29345.0,29304.5,29314.5,7090
2026-05-20T11:25:00,29311.0,29322.0,29283.75,29289.25,5113
2026-05-20T11:30:00,29293.5,29326.75,29289.0,29326.75,4703
2026-05-20T11:35:00,29327.0,29334.25,29308.5,29314.25,4496
2026-05-20T11:40:00,29313.75,29329.0,29299.0,29319.75,3506
2026-05-20T11:45:00,29320.0,29345.75,29315.75,29344.25,2810
2026-05-20T11:50:00,29345.0,29358.75,29332.75,29345.75,4014
2026-05-20T11:55:00,29345.5,29351.5,29305.75,29331.5,4728
2026-05-20T12:00:00,29331.5,29337.5,29302.0,29315.25,3088
2026-05-20T12:05:00,29315.25,29329.0,29300.0,29311.75,2484
2026-05-20T12:10:00,29311.75,29319.0,29286.25,29299.25,2987
2026-05-20T12:15:00,29299.5,29300.5,29247.25,29258.5,4782
2026-05-20T12:20:00,29258.75,29267.5,29225.75,29239.0,6415
2026-05-20T12:25:00,29239.25,29242.25,29210.0,29235.75,5306
2026-05-20T12:30:00,29236.25,29265.5,29221.0,29232.5,5810
2026-05-20T12:35:00,29232.5,29253.25,29222.25,29234.0,3608
2026-05-20T12:40:00,29234.5,29289.0,29229.0,29288.25,5413
2026-05-20T12:45:00,29287.5,29296.25,29236.5,29254.5,5501
2026-05-20T12:50:00,29254.5,29272.0,29250.5,29268.75,2390
2026-05-20T12:55:00,29269.25,29274.25,29224.5,29261.75,3817
2026-05-20T13:00:00,29263.0,29283.75,29244.25,29249.25,3532
2026-05-20T13:05:00,29248.75,29260.0,29236.5,29243.0,1959
2026-05-20T13:10:00,29244.75,29304.75,29229.0,29282.75,5455
2026-05-20T13:15:00,29282.5,29290.75,29261.0,29278.25,2680
2026-05-20T13:20:00,29278.25,29295.75,29262.75,29271.75,1995
2026-05-20T13:25:00,29271.75,29306.0,29267.25,29294.5,3268
2026-05-20T13:30:00,29295.25,29311.0,29273.75,29287.5,2757
2026-05-20T13:35:00,29286.0,29326.0,29282.25,29307.0,3873
2026-05-20T13:40:00,29306.0,29309.0,29290.0,29302.75,1951
2026-05-20T13:45:00,29304.0,29310.75,29287.75,29300.25,2055
2026-05-20T13:50:00,29300.0,29306.25,29284.0,29284.25,2608
2026-05-20T13:55:00,29285.0,29304.5,29282.25,29301.25,2021
2026-05-20T14:00:00,29302.5,29322.75,29275.25,29319.75,3412
2026-05-20T14:05:00,29319.25,29326.0,29305.75,29313.25,2199
2026-05-20T14:10:00,29313.75,29320.25,29297.75,29307.25,1772
2026-05-20T14:15:00,29307.25,29317.0,29299.0,29304.75,2052
2026-05-20T14:20:00,29305.0,29311.75,29279.5,29281.75,2799
2026-05-20T14:25:00,29282.0,29307.0,29278.25,29305.5,2899
2026-05-20T14:30:00,29306.25,29317.0,29299.5,29311.0,2232
2026-05-20T14:35:00,29310.75,29345.0,29308.5,29334.75,3083
2026-05-20T14:40:00,29334.5,29338.25,29296.0,29298.25,3440
2026-05-20T14:45:00,29297.75,29316.25,29293.0,29303.5,2662
2026-05-20T14:50:00,29303.0,29312.0,29288.25,29297.75,2068
2026-05-20T14:55:00,29298.0,29313.5,29296.75,29300.5,1635
2026-05-20T15:00:00,29301.25,29328.75,29298.25,29309.5,2861
2026-05-20T15:05:00,29309.5,29322.75,29302.25,29319.25,1939
2026-05-20T15:10:00,29318.5,29338.75,29313.25,29337.5,2430
2026-05-20T15:15:00,29337.5,29349.75,29333.0,29339.75,3556
2026-05-20T15:20:00,29339.75,29349.75,29334.5,29343.75,2144
2026-05-20T15:25:00,29344.25,29349.5,29329.75,29340.25,3207
2026-05-20T15:30:00,29340.75,29346.5,29326.75,29339.75,2896
2026-05-20T15:35:00,29340.0,29377.0,29332.0,29360.25,4691
2026-05-20T15:40:00,29359.5,29361.75,29348.5,29354.25,2309
2026-05-20T15:45:00,29353.25,29372.25,29345.25,29358.75,3448
2026-05-20T15:50:00,29358.25,29384.0,29336.25,29363.5,6319
2026-05-20T15:55:00,29362.75,29396.75,29350.5,29396.0,13746
2026-05-21T09:30:00,29215.5,29266.25,29174.0,29264.5,17727
2026-05-21T09:35:00,29266.5,29268.5,29190.75,29212.5,12872
2026-05-21T09:40:00,29212.0,29264.5,29183.0,29214.0,9208
2026-05-21T09:45:00,29216.25,29252.0,29192.25,29202.0,9954
2026-05-21T09:50:00,29203.0,29298.0,29188.0,29294.5,15481
2026-05-21T09:55:00,29294.25,29315.0,29243.25,29288.25,10589
2026-05-21T10:00:00,29287.5,29340.0,29283.25,29306.5,9905
2026-05-21T10:05:00,29306.0,29322.0,29270.75,29321.0,7659
2026-05-21T10:10:00,29320.75,29323.75,29251.25,29267.0,8564
2026-05-21T10:15:00,29267.0,29276.75,29187.5,29189.5,11571
2026-05-21T10:20:00,29189.0,29193.25,29127.0,29158.0,12955
2026-05-21T10:25:00,29159.0,29197.5,29141.75,29190.0,8812
2026-05-21T10:30:00,29189.25,29237.0,29175.75,29196.5,7999
2026-05-21T10:35:00,29196.25,29255.75,29194.0,29241.0,6212
2026-05-21T10:40:00,29239.75,29246.25,29197.5,29236.0,7019
2026-05-21T10:45:00,29234.5,29245.75,29171.75,29199.0,6510
2026-05-21T10:50:00,29199.0,29227.75,29166.0,29222.25,6328
2026-05-21T10:55:00,29222.25,29253.5,29207.5,29235.75,5301
2026-05-21T11:00:00,29235.5,29244.75,29200.0,29212.75,5548
2026-05-21T11:05:00,29212.5,29216.0,29142.0,29166.75,7637
2026-05-21T11:10:00,29166.75,29249.25,29139.0,29233.0,9634
2026-05-21T11:15:00,29233.0,29248.25,29219.5,29244.0,5346
2026-05-21T11:20:00,29243.5,29263.5,29225.75,29239.5,5234
2026-05-21T11:25:00,29238.25,29255.75,29227.5,29234.75,4387
2026-05-21T11:30:00,29234.5,29243.25,29175.5,29185.5,5291
2026-05-21T11:35:00,29185.5,29256.25,29176.25,29253.75,5487
2026-05-21T11:40:00,29254.75,29274.75,29243.5,29258.0,4451
2026-05-21T11:45:00,29257.5,29298.25,29257.0,29295.5,4560
2026-05-21T11:50:00,29295.25,29304.5,29277.5,29286.25,3243
2026-05-21T11:55:00,29287.0,29291.75,29262.25,29266.25,3104
2026-05-21T12:00:00,29267.0,29298.5,29265.25,29290.75,3714
2026-05-21T12:05:00,29290.0,29310.5,29268.0,29308.75,3103
2026-05-21T12:10:00,29308.75,29309.75,29263.0,29275.25,4507
2026-05-21T12:15:00,29274.75,29282.5,29253.25,29263.0,2586
2026-05-21T12:20:00,29263.75,29274.0,29215.25,29243.25,3646
2026-05-21T12:25:00,29243.75,29252.0,29229.25,29247.75,2406
2026-05-21T12:30:00,29247.25,29268.0,29240.0,29262.5,2387
2026-05-21T12:35:00,29263.25,29273.75,29232.0,29252.25,2544
2026-05-21T12:40:00,29252.5,29263.25,29239.0,29254.5,1642
2026-05-21T12:45:00,29256.25,29270.0,29220.25,29232.5,2602
2026-05-21T12:50:00,29231.75,29249.25,29207.75,29239.25,2641
2026-05-21T12:55:00,29239.25,29258.75,29236.5,29257.75,1964
2026-05-21T13:00:00,29258.75,29292.5,29258.25,29275.5,3566
2026-05-21T13:05:00,29276.5,29291.75,29274.75,29283.5,2397
2026-05-21T13:10:00,29283.75,29382.0,29283.25,29343.25,11588
2026-05-21T13:15:00,29344.5,29437.75,29335.25,29412.0,10607
2026-05-21T13:20:00,29411.25,29478.25,29365.5,29415.75,11076
2026-05-21T13:25:00,29414.25,29432.75,29401.75,29412.75,3375
2026-05-21T13:30:00,29412.5,29451.25,29407.25,29436.25,4346
2026-05-21T13:35:00,29437.25,29463.5,29434.0,29459.75,3377
2026-05-21T13:40:00,29459.75,29496.25,29459.5,29493.0,5267
2026-05-21T13:45:00,29493.75,29504.25,29470.0,29500.5,3370
2026-05-21T13:50:00,29501.25,29545.0,29485.0,29541.25,5114
2026-05-21T13:55:00,29542.25,29554.0,29495.0,29497.25,5709
2026-05-21T14:00:00,29497.0,29521.5,29461.0,29467.25,6245
2026-05-21T14:05:00,29468.0,29498.75,29459.5,29484.75,3802
2026-05-21T14:10:00,29485.25,29489.75,29445.0,29450.75,4271
2026-05-21T14:15:00,29451.75,29467.5,29428.0,29465.0,3830
2026-05-21T14:20:00,29466.25,29478.0,29445.5,29473.0,3541
2026-05-21T14:25:00,29472.5,29476.75,29452.0,29459.0,2585
2026-05-21T14:30:00,29459.75,29468.75,29442.75,29454.5,2914
2026-05-21T14:35:00,29454.25,29459.75,29435.0,29442.75,2367
2026-05-21T14:40:00,29442.75,29469.5,29440.75,29457.5,2672
2026-05-21T14:45:00,29456.25,29465.75,29384.75,29406.0,6601
2026-05-21T14:50:00,29406.25,29431.25,29306.5,29309.25,9243
2026-05-21T14:55:00,29308.5,29337.5,29293.25,29337.0,7391
2026-05-21T15:00:00,29338.5,29379.5,29335.25,29375.0,4893
2026-05-21T15:05:00,29375.0,29402.5,29344.5,29398.5,4325
2026-05-21T15:10:00,29397.5,29413.0,29380.0,29412.25,3185
2026-05-21T15:15:00,29411.75,29429.75,29405.0,29429.25,3132
2026-05-21T15:20:00,29429.0,29434.5,29405.25,29424.25,2691
2026-05-21T15:25:00,29425.0,29439.25,29413.0,29427.5,3355
2026-05-21T15:30:00,29428.0,29437.25,29407.25,29409.0,2779
2026-05-21T15:35:00,29409.0,29435.0,29408.25,29430.75,2519
2026-05-21T15:40:00,29430.5,29444.5,29403.0,29416.5,4294
2026-05-21T15:45:00,29416.75,29432.75,29405.0,29426.75,2735
2026-05-21T15:50:00,29427.0,29449.5,29401.5,29416.5,6438
2026-05-21T15:55:00,29417.25,29466.0,29399.0,29445.25,13877
2026-05-22T09:30:00,29580.0,29657.75,29551.25,29648.75,19942
2026-05-22T09:35:00,29649.0,29697.5,29634.25,29691.0,11115
2026-05-22T09:40:00,29690.75,29715.5,29615.5,29642.25,12722
2026-05-22T09:45:00,29642.0,29667.75,29613.0,29631.0,7797
2026-05-22T09:50:00,29631.0,29633.25,29587.5,29624.75,8374
2026-05-22T09:55:00,29624.5,29645.0,29591.5,29640.5,6359
2026-05-22T10:00:00,29643.0,29643.0,29532.75,29568.0,10813
2026-05-22T10:05:00,29568.0,29570.25,29515.5,29563.75,8737
2026-05-22T10:10:00,29564.25,29587.5,29550.0,29564.25,6338
2026-05-22T10:15:00,29565.0,29599.0,29544.75,29549.75,7041
2026-05-22T10:20:00,29549.75,29559.0,29490.25,29519.0,7521
2026-05-22T10:25:00,29518.75,29566.75,29511.25,29564.25,6718
2026-05-22T10:30:00,29563.75,29598.75,29553.0,29594.75,6076
2026-05-22T10:35:00,29594.5,29617.25,29584.75,29605.75,6137
2026-05-22T10:40:00,29605.5,29637.25,29602.5,29635.75,5016
2026-05-22T10:45:00,29635.5,29640.75,29607.25,29630.5,4797
2026-05-22T10:50:00,29631.0,29633.75,29612.5,29627.0,3148
2026-05-22T10:55:00,29627.5,29655.0,29623.75,29647.25,4539
2026-05-22T11:00:00,29647.0,29675.0,29644.5,29670.0,4540
2026-05-22T11:05:00,29669.75,29693.75,29669.75,29691.75,5354
2026-05-22T11:10:00,29692.0,29696.0,29678.75,29688.75,3560
2026-05-22T11:15:00,29689.0,29702.5,29682.0,29700.0,4020
2026-05-22T11:20:00,29700.0,29702.0,29675.25,29681.25,4215
2026-05-22T11:25:00,29680.75,29708.75,29668.75,29708.5,4298
2026-05-22T11:30:00,29708.0,29713.75,29690.25,29693.5,4602
2026-05-22T11:35:00,29692.5,29707.0,29683.5,29690.75,2815
2026-05-22T11:40:00,29690.25,29699.5,29678.0,29695.0,2516
2026-05-22T11:45:00,29695.25,29696.0,29660.0,29663.0,2782
2026-05-22T11:50:00,29663.25,29694.25,29661.25,29686.75,3740
2026-05-22T11:55:00,29687.0,29691.75,29679.0,29687.5,2236
2026-05-22T12:00:00,29687.0,29694.75,29666.0,29684.25,3220
2026-05-22T12:05:00,29684.75,29690.0,29668.5,29676.5,2483
2026-05-22T12:10:00,29677.0,29686.75,29665.0,29681.25,2297
2026-05-22T12:15:00,29680.25,29681.25,29645.0,29647.25,3933
2026-05-22T12:20:00,29646.75,29665.5,29642.25,29643.75,2645
2026-05-22T12:25:00,29643.75,29667.25,29640.25,29666.0,3086
2026-05-22T12:30:00,29666.5,29677.5,29640.5,29641.5,3659
2026-05-22T12:35:00,29641.5,29659.25,29632.5,29645.0,3030
2026-05-22T12:40:00,29644.25,29654.0,29634.0,29640.75,2441
2026-05-22T12:45:00,29640.75,29663.0,29639.25,29645.5,2307
2026-05-22T12:50:00,29646.25,29669.5,29643.5,29666.5,1929
2026-05-22T12:55:00,29666.75,29673.75,29650.75,29671.5,2505
2026-05-22T13:00:00,29671.75,29700.0,29671.75,29699.5,3282
2026-05-22T13:05:00,29698.75,29704.5,29691.0,29697.5,2549
2026-05-22T13:10:00,29697.75,29703.5,29689.0,29696.75,2465
2026-05-22T13:15:00,29697.75,29704.0,29647.5,29653.5,3243
2026-05-22T13:20:00,29655.75,29686.5,29645.0,29685.0,3557
2026-05-22T13:25:00,29684.75,29737.25,29678.0,29736.5,9532
2026-05-22T13:30:00,29736.75,29749.0,29696.0,29697.5,6140
2026-05-22T13:35:00,29698.0,29720.25,29684.75,29716.75,3427
2026-05-22T13:40:00,29716.5,29718.0,29700.5,29702.25,2438
2026-05-22T13:45:00,29702.25,29709.0,29691.25,29693.0,2446
2026-05-22T13:50:00,29692.75,29696.75,29661.5,29674.25,3372
2026-05-22T13:55:00,29674.75,29694.5,29671.25,29678.5,2261
2026-05-22T14:00:00,29679.25,29688.75,29646.0,29666.5,4918
2026-05-22T14:05:00,29665.5,29682.0,29660.25,29677.75,1526
2026-05-22T14:10:00,29678.5,29687.5,29657.5,29664.5,1681
2026-05-22T14:15:00,29664.5,29673.25,29650.5,29662.5,2167
2026-05-22T14:20:00,29662.5,29673.75,29657.0,29671.25,1642
2026-05-22T14:25:00,29671.0,29673.75,29655.25,29660.5,1833
2026-05-22T14:30:00,29661.0,29664.5,29643.0,29650.5,2056
2026-05-22T14:35:00,29650.5,29664.0,29624.0,29654.25,4818
2026-05-22T14:40:00,29654.5,29674.25,29651.5,29666.5,2761
2026-05-22T14:45:00,29667.25,29672.25,29642.25,29647.5,2506
2026-05-22T14:50:00,29648.0,29667.75,29641.25,29661.25,2711
2026-05-22T14:55:00,29661.25,29661.5,29646.5,29650.25,1722
2026-05-22T15:00:00,29650.5,29664.5,29602.5,29620.75,5418
2026-05-22T15:05:00,29621.0,29626.25,29590.75,29611.0,4735
2026-05-22T15:10:00,29610.5,29620.0,29588.0,29599.75,3288
2026-05-22T15:15:00,29600.25,29603.5,29576.75,29594.5,4011
2026-05-22T15:20:00,29595.0,29595.0,29571.0,29577.5,3295
2026-05-22T15:25:00,29577.25,29580.0,29543.25,29551.0,3916
2026-05-22T15:30:00,29551.5,29574.0,29533.0,29570.75,4784
2026-05-22T15:35:00,29571.0,29588.5,29560.75,29576.5,3514
2026-05-22T15:40:00,29575.5,29581.5,29550.75,29561.0,2821
2026-05-22T15:45:00,29561.25,29561.75,29532.0,29554.5,3558
2026-05-22T15:50:00,29554.25,29563.75,29534.0,29545.25,5434
2026-05-22T15:55:00,29545.25,29582.75,29543.5,29551.25,10722
2026-05-26T09:30:00,29902.75,29935.0,29842.0,29852.75,21490
2026-05-26T09:35:00,29853.5,29864.75,29826.75,29860.0,10511
2026-05-26T09:40:00,29859.75,29938.0,29852.0,29934.0,11914
2026-05-26T09:45:00,29933.5,29985.75,29929.25,29973.5,12618
2026-05-26T09:50:00,29973.75,29981.25,29914.0,29959.0,12994
2026-05-26T09:55:00,29959.5,30007.0,29949.0,30007.0,10229
2026-05-26T10:00:00,30006.75,30020.0,29976.0,29992.25,9098
2026-05-26T10:05:00,29992.0,30010.25,29976.5,30004.0,5707
2026-05-26T10:10:00,30003.75,30030.0,29989.0,30028.25,6330
2026-05-26T10:15:00,30028.75,30049.0,30008.0,30046.5,6993
2026-05-26T10:20:00,30047.0,30065.25,30033.5,30062.25,6859
2026-05-26T10:25:00,30062.75,30084.0,30053.0,30067.75,7697
2026-05-26T10:30:00,30067.5,30081.5,30060.75,30078.5,6002
2026-05-26T10:35:00,30078.75,30118.75,30076.75,30100.25,7864
2026-05-26T10:40:00,30099.5,30118.25,30094.75,30105.5,4930
2026-05-26T10:45:00,30105.25,30113.25,30075.75,30080.25,5360
2026-05-26T10:50:00,30080.5,30095.25,30065.5,30072.75,5166
2026-05-26T10:55:00,30073.5,30076.75,30053.0,30054.75,5640
2026-05-26T11:00:00,30055.5,30066.75,30032.75,30042.75,7702
2026-05-26T11:05:00,30043.25,30052.25,30003.75,30045.0,8400
2026-05-26T11:10:00,30044.0,30045.25,30012.0,30038.25,7036
2026-05-26T11:15:00,30037.75,30038.25,29996.25,30023.5,7475
2026-05-26T11:20:00,30023.25,30026.75,29992.5,30010.5,5043
2026-05-26T11:25:00,30011.25,30029.5,29994.0,29999.25,5648
2026-05-26T11:30:00,29999.0,30005.25,29974.25,29998.25,6336
2026-05-26T11:35:00,29997.25,30007.5,29960.25,29988.5,5574
2026-05-26T11:40:00,29988.5,29993.0,29965.25,29972.0,4380
2026-05-26T11:45:00,29972.25,29981.75,29940.0,29947.0,6998
2026-05-26T11:50:00,29946.75,29953.25,29900.25,29909.75,8201
2026-05-26T11:55:00,29909.25,29931.0,29886.0,29927.25,7736
2026-05-26T12:00:00,29926.75,29970.75,29921.75,29962.5,5601
2026-05-26T12:05:00,29962.25,29979.5,29936.25,29944.0,4518
2026-05-26T12:10:00,29944.0,29957.75,29926.0,29938.5,4943
2026-05-26T12:15:00,29938.5,29957.5,29928.0,29953.25,3346
2026-05-26T12:20:00,29953.0,29970.5,29937.0,29970.25,3293
2026-05-26T12:25:00,29970.0,29992.5,29966.5,29992.25,4088
2026-05-26T12:30:00,29992.0,30013.75,29989.75,30009.0,4777
2026-05-26T12:35:00,30009.25,30015.5,29994.5,29994.75,3288
2026-05-26T12:40:00,29995.25,29997.5,29961.75,29964.0,3880
2026-05-26T12:45:00,29963.5,29983.25,29948.0,29948.5,4579
2026-05-26T12:50:00,29948.0,29977.25,29948.0,29973.75,3628
2026-05-26T12:55:00,29973.75,29984.5,29969.0,29974.75,2688
2026-05-26T13:00:00,29975.5,30002.25,29968.0,29992.75,3244
2026-05-26T13:05:00,29993.0,29998.5,29968.75,29976.5,3288
2026-05-26T13:10:00,29976.75,29993.0,29970.0,29986.75,2541
2026-05-26T13:15:00,29987.0,29990.75,29965.25,29969.25,2835
2026-05-26T13:20:00,29967.5,29987.75,29956.5,29962.25,3708
2026-05-26T13:25:00,29962.0,29972.5,29954.5,29969.25,2734
2026-05-26T13:30:00,29970.0,29992.75,29958.5,29992.5,3379
2026-05-26T13:35:00,29992.0,30002.0,29980.5,29981.0,2843
2026-05-26T13:40:00,29980.75,29991.75,29969.0,29985.25,2684
2026-05-26T13:45:00,29986.0,30013.25,29985.0,30009.25,2494
2026-05-26T13:50:00,30008.75,30013.25,30000.75,30000.75,2111
2026-05-26T13:55:00,30000.75,30005.0,29987.25,29996.75,2795
2026-05-26T14:00:00,29996.5,30013.5,29982.0,30010.0,3009
2026-05-26T14:05:00,30010.0,30016.25,30001.75,30014.5,2040
2026-05-26T14:10:00,30014.5,30031.0,30011.5,30025.0,3472
2026-05-26T14:15:00,30025.5,30043.75,30022.5,30043.0,3124
2026-05-26T14:20:00,30043.75,30054.0,30033.5,30046.0,3598
2026-05-26T14:25:00,30046.5,30054.25,30040.5,30046.0,3245
2026-05-26T14:30:00,30046.0,30060.75,30044.75,30058.25,3348
2026-05-26T14:35:00,30058.25,30060.5,30039.25,30045.5,3017
2026-05-26T14:40:00,30046.5,30049.0,30030.25,30031.0,2920
2026-05-26T14:45:00,30031.0,30039.0,30025.0,30025.75,2153
2026-05-26T14:50:00,30026.25,30045.75,30020.5,30036.75,3063
2026-05-26T14:55:00,30037.0,30041.25,30008.75,30014.5,3384
2026-05-26T15:00:00,30014.0,30024.75,30005.75,30024.25,3209
2026-05-26T15:05:00,30024.25,30050.0,30015.75,30047.75,3156
2026-05-26T15:10:00,30048.0,30057.75,30042.25,30051.75,2964
2026-05-26T15:15:00,30052.0,30062.5,30049.0,30054.5,2613
2026-05-26T15:20:00,30054.75,30061.0,30046.0,30055.25,2729
2026-05-26T15:25:00,30055.0,30058.75,30044.75,30053.0,2291
2026-05-26T15:30:00,30052.75,30078.5,30051.5,30070.25,3716
2026-05-26T15:35:00,30070.75,30087.25,30066.5,30084.75,3647
2026-05-26T15:40:00,30084.5,30095.25,30080.75,30091.75,3725
2026-05-26T15:45:00,30092.0,30100.0,30082.0,30096.0,3614
2026-05-26T15:50:00,30095.75,30112.0,30084.0,30098.25,8330
2026-05-26T15:55:00,30098.0,30100.0,30067.75,30079.25,14368
2026-05-27T09:30:00,30187.5,30192.0,30125.75,30140.25,22785
2026-05-27T09:35:00,30140.75,30153.5,30053.75,30065.75,18176
2026-05-27T09:40:00,30065.5,30068.75,29965.0,29981.75,19638
2026-05-27T09:45:00,29982.0,30032.25,29937.0,29997.75,16933
2026-05-27T09:50:00,29997.75,30077.0,29986.5,30026.0,15013
2026-05-27T09:55:00,30026.25,30063.0,29990.0,30059.75,11893
2026-05-27T10:00:00,30060.75,30099.25,30034.0,30083.25,11764
2026-05-27T10:05:00,30083.5,30090.5,30000.5,30022.25,13181
2026-05-27T10:10:00,30022.5,30030.75,29982.5,30015.5,9597
2026-05-27T10:15:00,30015.5,30057.25,30000.75,30034.5,8522
2026-05-27T10:20:00,30034.0,30043.0,29961.75,29964.75,12648
2026-05-27T10:25:00,29966.0,29966.0,29888.25,29916.0,14452
2026-05-27T10:30:00,29916.75,29948.75,29877.5,29948.75,13648
2026-05-27T10:35:00,29948.25,30003.5,29930.5,29998.5,8879
2026-05-27T10:40:00,29998.25,30024.0,29972.5,29993.75,8286
2026-05-27T10:45:00,29993.75,30024.0,29975.5,29976.0,6261
2026-05-27T10:50:00,29976.25,30014.25,29974.5,30003.75,4640
2026-05-27T10:55:00,30002.25,30004.5,29923.25,29940.75,7853
2026-05-27T11:00:00,29940.5,29954.5,29914.75,29930.75,7440
2026-05-27T11:05:00,29931.0,29963.5,29908.5,29960.5,5327
2026-05-27T11:10:00,29960.25,29977.75,29948.0,29950.5,4140
2026-05-27T11:15:00,29950.75,29952.0,29899.0,29903.25,5875
2026-05-27T11:20:00,29901.5,29927.0,29883.25,29923.5,6354
2026-05-27T11:25:00,29923.0,29951.75,29919.0,29951.75,5138
2026-05-27T11:30:00,29951.5,29981.25,29947.25,29967.0,6540
2026-05-27T11:35:00,29967.25,29970.75,29905.75,29909.25,5598
2026-05-27T11:40:00,29909.25,29928.25,29884.5,29890.5,6539
2026-05-27T11:45:00,29890.25,29923.75,29882.5,29900.75,6096
2026-05-27T11:50:00,29901.25,29939.5,29888.25,29924.0,6259
2026-05-27T11:55:00,29922.75,29943.5,29904.25,29936.0,3995
2026-05-27T12:00:00,29934.75,29958.0,29917.25,29928.25,5638
2026-05-27T12:05:00,29927.5,29972.0,29927.25,29972.0,3947
2026-05-27T12:10:00,29971.75,30001.75,29965.0,29996.0,5412
2026-05-27T12:15:00,29996.5,30009.25,29977.25,29988.5,4878
2026-05-27T12:20:00,29989.5,30017.0,29985.75,30012.75,4137
2026-05-27T12:25:00,30012.75,30014.0,29982.25,29991.75,2960
2026-05-27T12:30:00,29990.75,30004.25,29973.25,29990.25,3359
2026-05-27T12:35:00,29991.25,30018.25,29987.5,30015.75,2847
2026-05-27T12:40:00,30015.75,30039.5,30013.75,30030.0,3780
2026-05-27T12:45:00,30031.0,30047.0,30025.0,30046.5,3980
2026-05-27T12:50:00,30046.25,30048.25,30002.0,30009.0,3847
2026-05-27T12:55:00,30009.0,30009.25,29975.25,29988.0,3754
2026-05-27T13:00:00,29989.75,29997.25,29965.0,29974.25,3151
2026-05-27T13:05:00,29975.5,29982.75,29894.75,29898.5,7472
2026-05-27T13:10:00,29898.25,29932.25,29896.5,29921.5,5067
2026-05-27T13:15:00,29920.5,29948.0,29913.25,29944.25,3688
2026-05-27T13:20:00,29944.5,29970.75,29939.5,29967.75,3475
2026-05-27T13:25:00,29968.0,29976.0,29954.75,29956.25,2606
2026-05-27T13:30:00,29956.75,29978.75,29955.75,29970.75,3061
2026-05-27T13:35:00,29971.0,29990.5,29968.5,29972.5,2897
2026-05-27T13:40:00,29973.0,29978.5,29943.0,29947.5,3698
2026-05-27T13:45:00,29947.75,29966.5,29942.25,29966.5,3128
2026-05-27T13:50:00,29966.25,29986.5,29963.0,29985.25,2495
2026-05-27T13:55:00,29985.5,29994.75,29971.25,29972.5,2724
2026-05-27T14:00:00,29972.5,29986.25,29963.0,29982.75,2770
2026-05-27T14:05:00,29983.25,30005.75,29966.5,29994.0,3132
2026-05-27T14:10:00,29994.0,30002.25,29980.25,29997.25,2474
2026-05-27T14:15:00,29997.5,30015.0,29991.5,30010.5,2587
2026-05-27T14:20:00,30010.0,30036.0,30007.0,30035.5,3254
2026-05-27T14:25:00,30035.75,30054.25,30034.25,30053.5,4617
2026-05-27T14:30:00,30053.25,30060.25,30043.5,30053.25,3731
2026-05-27T14:35:00,30053.5,30056.25,30023.0,30043.25,3249
2026-05-27T14:40:00,30043.75,30056.25,30037.75,30047.5,3302
2026-05-27T14:45:00,30047.5,30055.0,30037.25,30038.25,2580
2026-05-27T14:50:00,30038.25,30055.0,30033.0,30039.5,3393
2026-05-27T14:55:00,30040.5,30055.0,30035.75,30038.75,2318
2026-05-27T15:00:00,30039.0,30055.0,30024.5,30052.25,2827
2026-05-27T15:05:00,30052.75,30062.25,30035.5,30045.0,3070
2026-05-27T15:10:00,30044.0,30051.5,30036.0,30042.0,2429
2026-05-27T15:15:00,30041.25,30053.5,30038.5,30041.25,2288
2026-05-27T15:20:00,30042.25,30051.75,30040.25,30045.0,2094
2026-05-27T15:25:00,30045.5,30046.5,30009.5,30027.25,3781
2026-05-27T15:30:00,30027.0,30050.25,30025.25,30041.0,3653
2026-05-27T15:35:00,30041.25,30072.0,30040.0,30063.0,4236
2026-05-27T15:40:00,30062.25,30066.5,30050.75,30066.0,2916
2026-05-27T15:45:00,30066.0,30066.5,30046.0,30047.75,3184
2026-05-27T15:50:00,30047.5,30059.5,30034.25,30038.75,5262
2026-05-27T15:55:00,30038.25,30055.25,30034.75,30047.25,10402
2026-05-28T09:30:00,30053.0,30112.0,30005.5,30010.75,19399
2026-05-28T09:35:00,30009.5,30025.75,29980.0,29981.75,13141
2026-05-28T09:40:00,29981.5,29993.5,29943.25,29955.5,11739
2026-05-28T09:45:00,29954.75,29975.25,29928.75,29932.0,11810
2026-05-28T09:50:00,29931.75,29999.0,29920.25,29953.25,12532
2026-05-28T09:55:00,29953.25,29998.0,29949.25,29990.75,6928
2026-05-28T10:00:00,29992.25,30019.5,29963.25,29992.0,9331
2026-05-28T10:05:00,29992.5,30046.5,29976.25,30046.5,8488
2026-05-28T10:10:00,30046.5,30187.0,30006.25,30161.25,21917
2026-05-28T10:15:00,30161.0,30173.25,30105.0,30142.75,11150
2026-05-28T10:20:00,30142.75,30154.0,30062.5,30092.0,8582
2026-05-28T10:25:00,30092.0,30149.5,30086.5,30147.5,6288
2026-05-28T10:30:00,30148.0,30166.25,30110.5,30111.0,8169
2026-05-28T10:35:00,30110.75,30147.5,30107.5,30126.5,5975
2026-05-28T10:40:00,30126.75,30171.25,30122.25,30167.25,6285
2026-05-28T10:45:00,30168.5,30180.0,30123.25,30142.25,7964
2026-05-28T10:50:00,30142.75,30180.5,30141.0,30169.25,4610
2026-05-28T10:55:00,30168.25,30191.5,30161.25,30187.75,5019
2026-05-28T11:00:00,30188.0,30235.75,30180.75,30232.25,7016
2026-05-28T11:05:00,30232.5,30244.0,30216.25,30234.0,5586
2026-05-28T11:10:00,30234.25,30240.75,30219.75,30221.0,3605
2026-05-28T11:15:00,30221.5,30240.25,30209.25,30231.5,4282
2026-05-28T11:20:00,30232.25,30249.5,30229.25,30243.25,4000
2026-05-28T11:25:00,30243.5,30274.75,30239.75,30262.5,6021
2026-05-28T11:30:00,30262.5,30284.75,30256.75,30279.75,4243
2026-05-28T11:35:00,30279.75,30293.0,30271.0,30282.5,4593
2026-05-28T11:40:00,30282.5,30283.0,30261.5,30261.5,3522
2026-05-28T11:45:00,30261.75,30271.25,30251.0,30255.5,3420
2026-05-28T11:50:00,30255.75,30281.0,30255.75,30256.75,3429
2026-05-28T11:55:00,30255.75,30273.25,30252.0,30264.5,2873
2026-05-28T12:00:00,30264.75,30267.75,30238.5,30255.0,3698
2026-05-28T12:05:00,30255.5,30277.5,30254.0,30273.5,3021
2026-05-28T12:10:00,30273.75,30283.0,30269.25,30274.5,2957
2026-05-28T12:15:00,30274.25,30303.0,30268.0,30300.75,3863
2026-05-28T12:20:00,30300.75,30318.25,30284.75,30312.0,4444
2026-05-28T12:25:00,30312.0,30315.0,30300.0,30301.75,3058
2026-05-28T12:30:00,30302.0,30303.25,30283.75,30288.0,2930
2026-05-28T12:35:00,30288.25,30298.5,30277.5,30293.5,2509
2026-05-28T12:40:00,30294.0,30309.75,30293.0,30306.75,2259
2026-05-28T12:45:00,30306.5,30318.5,30303.0,30306.0,2163
2026-05-28T12:50:00,30306.75,30314.0,30298.75,30301.25,2170
2026-05-28T12:55:00,30301.25,30329.75,30301.0,30327.0,3068
2026-05-28T13:00:00,30326.75,30335.75,30320.75,30329.5,3050
2026-05-28T13:05:00,30330.0,30334.25,30320.0,30321.25,2659
2026-05-28T13:10:00,30321.25,30326.0,30313.75,30317.75,2652
2026-05-28T13:15:00,30318.0,30320.5,30298.0,30303.25,3148
2026-05-28T13:20:00,30303.25,30319.75,30302.75,30316.75,2994
2026-05-28T13:25:00,30316.75,30319.75,30295.25,30299.25,2712
2026-05-28T13:30:00,30299.5,30310.0,30285.5,30287.0,2903
2026-05-28T13:35:00,30286.5,30315.5,30282.5,30315.5,3627
2026-05-28T13:40:00,30315.5,30324.5,30308.5,30321.5,3170
2026-05-28T13:45:00,30322.0,30336.75,30320.0,30334.75,4026
2026-05-28T13:50:00,30334.25,30344.5,30329.5,30333.25,3123
2026-05-28T13:55:00,30332.75,30335.0,30312.0,30319.5,3294
2026-05-28T14:00:00,30319.5,30336.25,30308.75,30335.0,3174
2026-05-28T14:05:00,30334.75,30337.5,30320.75,30321.75,2370
2026-05-28T14:10:00,30321.5,30322.25,30300.75,30303.75,3434
2026-05-28T14:15:00,30304.0,30323.5,30297.5,30305.25,4847
2026-05-28T14:20:00,30305.0,30322.5,30299.0,30320.75,2344
2026-05-28T14:25:00,30320.75,30325.5,30311.5,30315.25,2126
2026-05-28T14:30:00,30315.0,30316.0,30303.25,30305.25,2262
2026-05-28T14:35:00,30305.0,30306.75,30289.5,30295.0,2605
2026-05-28T14:40:00,30294.75,30308.0,30290.25,30300.5,2381
2026-05-28T14:45:00,30300.75,30303.75,30280.5,30286.25,2335
2026-05-28T14:50:00,30286.25,30313.75,30280.75,30313.5,2916
2026-05-28T14:55:00,30313.5,30317.0,30292.0,30293.5,2309
2026-05-28T15:00:00,30292.0,30303.25,30277.5,30302.0,2974
2026-05-28T15:05:00,30302.0,30311.75,30301.0,30302.0,2022
2026-05-28T15:10:00,30302.75,30312.0,30286.75,30287.5,2778
2026-05-28T15:15:00,30287.5,30289.5,30274.25,30285.25,3568
2026-05-28T15:20:00,30284.5,30294.0,30280.0,30293.5,2925
2026-05-28T15:25:00,30293.25,30309.25,30291.0,30306.0,2962
2026-05-28T15:30:00,30305.75,30322.0,30303.25,30312.25,3497
2026-05-28T15:35:00,30312.0,30331.25,30310.5,30330.75,2794
2026-05-28T15:40:00,30330.75,30331.5,30308.5,30310.25,2804
2026-05-28T15:45:00,30309.75,30331.0,30304.0,30317.5,3322
2026-05-28T15:50:00,30317.0,30317.5,30283.25,30300.75,7225
2026-05-28T15:55:00,30300.5,30318.5,30290.75,30306.75,11325
2026-05-29T09:30:00,30382.25,30426.0,30364.75,30375.0,20866
2026-05-29T09:35:00,30375.0,30438.5,30369.75,30429.25,12243
2026-05-29T09:40:00,30428.5,30462.0,30423.0,30460.5,9464
2026-05-29T09:45:00,30460.5,30492.0,30452.25,30486.0,9826
2026-05-29T09:50:00,30486.25,30513.5,30476.5,30496.75,7773
2026-05-29T09:55:00,30496.5,30520.75,30490.25,30519.0,6620
2026-05-29T10:00:00,30518.0,30536.0,30498.5,30514.75,10036
2026-05-29T10:05:00,30514.5,30519.75,30474.25,30476.25,7405
2026-05-29T10:10:00,30476.5,30502.25,30444.5,30459.75,10979
2026-05-29T10:15:00,30460.0,30462.75,30392.5,30414.75,13435
2026-05-29T10:20:00,30414.5,30443.0,30386.75,30387.0,11030
2026-05-29T10:25:00,30386.5,30407.75,30346.0,30407.0,14642
2026-05-29T10:30:00,30405.5,30437.5,30387.75,30437.0,11656
2026-05-29T10:35:00,30437.0,30437.5,30348.5,30349.25,10203
2026-05-29T10:40:00,30348.0,30365.5,30289.0,30293.5,13476
2026-05-29T10:45:00,30294.0,30323.0,30270.0,30301.75,12789
2026-05-29T10:50:00,30300.25,30394.75,30294.5,30340.25,14705
2026-05-29T10:55:00,30340.5,30388.5,30339.25,30359.5,6852
2026-05-29T11:00:00,30359.75,30378.0,30340.75,30366.75,6117
2026-05-29T11:05:00,30367.0,30395.5,30335.25,30390.5,6304
2026-05-29T11:10:00,30389.75,30429.5,30387.75,30427.0,5809
2026-05-29T11:15:00,30426.25,30439.75,30395.0,30397.0,6202
2026-05-29T11:20:00,30396.75,30405.5,30359.5,30397.75,5744
2026-05-29T11:25:00,30398.0,30422.0,30374.0,30397.5,5664
2026-05-29T11:30:00,30398.0,30418.5,30392.75,30401.5,4510
2026-05-29T11:35:00,30401.75,30419.75,30385.25,30410.75,4836
2026-05-29T11:40:00,30410.5,30416.5,30362.75,30376.75,5147
2026-05-29T11:45:00,30376.75,30385.75,30355.75,30381.5,4444
2026-05-29T11:50:00,30381.25,30397.5,30366.0,30380.5,3710
2026-05-29T11:55:00,30380.0,30385.25,30352.5,30362.5,2908
2026-05-29T12:00:00,30364.0,30410.0,30357.75,30406.0,4073
2026-05-29T12:05:00,30406.25,30438.0,30397.0,30436.0,3282
2026-05-29T12:10:00,30436.5,30447.75,30427.0,30435.75,3776
2026-05-29T12:15:00,30435.0,30447.75,30410.75,30413.25,3732
2026-05-29T12:20:00,30413.5,30441.5,30410.25,30427.0,2858
2026-05-29T12:25:00,30426.25,30426.25,30400.5,30403.75,2668
2026-05-29T12:30:00,30404.0,30430.0,30385.75,30422.25,5212
2026-05-29T12:35:00,30421.75,30444.25,30416.0,30441.5,3528
2026-05-29T12:40:00,30441.5,30447.5,30418.5,30422.5,3124
2026-05-29T12:45:00,30422.75,30426.75,30408.75,30414.25,2767
2026-05-29T12:50:00,30415.0,30415.75,30387.0,30398.25,3026
2026-05-29T12:55:00,30398.5,30401.75,30375.5,30396.75,3509
2026-05-29T13:00:00,30398.0,30410.75,30388.5,30391.75,2669
2026-05-29T13:05:00,30392.0,30401.75,30382.25,30394.25,2018
2026-05-29T13:10:00,30394.25,30404.0,30381.75,30392.5,2618
2026-05-29T13:15:00,30392.25,30399.25,30382.0,30387.0,1680
2026-05-29T13:20:00,30387.75,30391.25,30356.0,30378.5,5492
2026-05-29T13:25:00,30377.75,30383.0,30355.25,30368.0,2956
2026-05-29T13:30:00,30367.0,30372.25,30341.25,30366.75,4481
2026-05-29T13:35:00,30367.5,30376.5,30356.25,30364.75,2375
2026-05-29T13:40:00,30365.25,30370.5,30340.25,30347.5,2830
2026-05-29T13:45:00,30347.0,30354.75,30337.75,30346.25,1962
2026-05-29T13:50:00,30345.75,30360.75,30329.5,30330.25,3479
2026-05-29T13:55:00,30330.0,30330.5,30296.0,30302.0,5275
2026-05-29T14:00:00,30301.75,30331.25,30291.0,30330.5,4735
2026-05-29T14:05:00,30331.25,30353.5,30330.0,30351.75,3317
2026-05-29T14:10:00,30352.25,30366.25,30335.5,30342.5,3855
2026-05-29T14:15:00,30342.75,30352.5,30328.5,30351.25,3104
2026-05-29T14:20:00,30350.75,30365.0,30344.75,30364.0,2546
2026-05-29T14:25:00,30364.5,30385.5,30359.5,30379.5,3047
2026-05-29T14:30:00,30379.5,30402.25,30378.75,30395.0,2921
2026-05-29T14:35:00,30395.25,30396.75,30367.0,30377.5,3481
2026-05-29T14:40:00,30376.75,30388.25,30374.75,30384.75,2504
2026-05-29T14:45:00,30385.25,30385.5,30333.75,30347.75,5989
2026-05-29T14:50:00,30348.0,30356.25,30321.75,30343.0,4220
2026-05-29T14:55:00,30343.25,30346.25,30316.5,30324.5,2704
2026-05-29T15:00:00,30324.0,30352.75,30315.25,30344.25,3960
2026-05-29T15:05:00,30344.25,30369.0,30343.5,30363.5,2535
2026-05-29T15:10:00,30363.5,30369.25,30357.75,30365.0,1970
2026-05-29T15:15:00,30365.5,30370.0,30344.0,30358.75,3021
2026-05-29T15:20:00,30359.0,30373.5,30353.75,30368.0,2488
2026-05-29T15:25:00,30368.25,30384.25,30354.5,30381.25,2754
2026-05-29T15:30:00,30382.25,30402.75,30381.75,30402.75,3578
2026-05-29T15:35:00,30402.75,30432.5,30401.5,30428.75,4788
2026-05-29T15:40:00,30428.75,30440.0,30421.5,30429.0,4078
2026-05-29T15:45:00,30429.75,30439.5,30412.25,30436.0,4115
2026-05-29T15:50:00,30435.75,30445.25,30397.0,30408.5,10290
2026-05-29T15:55:00,30409.25,30424.25,30393.0,30396.25,17607
2026-06-01T09:30:00,30343.0,30424.25,30309.5,30380.5,20167
2026-06-01T09:35:00,30379.5,30462.25,30371.5,30436.75,13095
2026-06-01T09:40:00,30435.5,30449.25,30403.25,30413.25,8775
2026-06-01T09:45:00,30412.0,30467.25,30411.25,30427.0,8511
2026-06-01T09:50:00,30428.25,30451.5,30377.0,30377.25,9309
2026-06-01T09:55:00,30378.0,30383.0,30306.0,30321.5,9576
2026-06-01T10:00:00,30314.5,30342.25,30292.0,30307.75,12732
2026-06-01T10:05:00,30308.5,30384.0,30303.0,30374.5,10802
2026-06-01T10:10:00,30374.0,30379.25,30339.5,30352.0,7355
2026-06-01T10:15:00,30352.5,30403.0,30338.5,30364.75,8738
2026-06-01T10:20:00,30364.75,30421.75,30359.0,30406.0,6384
2026-06-01T10:25:00,30406.0,30410.5,30373.5,30381.75,7330
2026-06-01T10:30:00,30381.5,30433.0,30368.75,30415.25,6886
2026-06-01T10:35:00,30416.0,30431.25,30391.25,30404.0,5290
2026-06-01T10:40:00,30404.0,30430.5,30397.5,30420.0,4346
2026-06-01T10:45:00,30420.25,30445.5,30406.25,30429.75,4395
2026-06-01T10:50:00,30430.0,30447.25,30411.5,30431.25,4999
2026-06-01T10:55:00,30431.0,30440.25,30414.5,30436.75,3304
2026-06-01T11:00:00,30437.0,30447.5,30420.0,30432.5,4159
2026-06-01T11:05:00,30432.5,30457.25,30412.5,30439.75,5391
2026-06-01T11:10:00,30439.5,30454.25,30415.0,30446.0,3984
2026-06-01T11:15:00,30445.25,30470.75,30444.75,30462.75,4251
2026-06-01T11:20:00,30463.0,30490.0,30462.75,30478.25,4611
2026-06-01T11:25:00,30477.25,30487.5,30462.0,30479.5,3843
2026-06-01T11:30:00,30479.25,30547.5,30477.75,30534.25,13799
2026-06-01T11:35:00,30534.0,30554.25,30530.75,30536.75,5196
2026-06-01T11:40:00,30537.5,30548.0,30520.75,30537.75,4364
2026-06-01T11:45:00,30538.25,30540.75,30507.0,30508.5,3868
2026-06-01T11:50:00,30508.0,30530.0,30500.0,30526.5,4131
2026-06-01T11:55:00,30526.75,30528.0,30495.5,30502.25,2908
2026-06-01T12:00:00,30501.5,30538.5,30501.0,30512.25,4281
2026-06-01T12:05:00,30512.25,30514.25,30496.0,30502.5,2400
2026-06-01T12:10:00,30503.25,30506.0,30469.0,30482.5,5857
2026-06-01T12:15:00,30482.75,30490.0,30450.0,30474.5,5661
2026-06-01T12:20:00,30474.5,30501.75,30471.25,30499.5,2931
2026-06-01T12:25:00,30499.25,30513.0,30492.0,30510.0,3135
2026-06-01T12:30:00,30510.5,30540.5,30510.5,30530.5,5124
2026-06-01T12:35:00,30530.0,30540.5,30517.25,30535.75,2785
2026-06-01T12:40:00,30535.75,30539.0,30522.25,30523.5,2193
2026-06-01T12:45:00,30523.0,30526.75,30507.5,30525.0,3024
2026-06-01T12:50:00,30525.0,30574.75,30522.25,30572.25,6453
2026-06-01T12:55:00,30572.25,30584.25,30566.5,30580.75,5292
2026-06-01T13:00:00,30581.25,30584.5,30547.75,30548.5,4861
2026-06-01T13:05:00,30549.25,30560.0,30535.0,30539.75,3243
2026-06-01T13:10:00,30540.0,30557.75,30538.75,30550.5,2465
2026-06-01T13:15:00,30549.75,30559.0,30538.0,30543.5,2143
2026-06-01T13:20:00,30543.75,30561.5,30538.0,30557.0,2631
2026-06-01T13:25:00,30556.25,30605.0,30546.75,30600.75,4792
2026-06-01T13:30:00,30602.25,30620.0,30568.75,30576.0,6993
2026-06-01T13:35:00,30575.5,30604.75,30568.75,30597.5,4822
2026-06-01T13:40:00,30597.75,30693.0,30592.5,30651.0,11744
2026-06-01T13:45:00,30651.5,30684.75,30651.25,30673.25,7803
2026-06-01T13:50:00,30673.5,30692.25,30669.0,30690.25,3752
2026-06-01T13:55:00,30690.5,30691.0,30663.25,30670.0,2987
2026-06-01T14:00:00,30670.0,30675.75,30664.5,30667.25,2238
2026-06-01T14:05:00,30667.5,30672.5,30653.25,30660.5,2818
2026-06-01T14:10:00,30660.75,30666.0,30629.5,30634.75,3642
2026-06-01T14:15:00,30635.25,30649.0,30626.75,30647.0,3459
2026-06-01T14:20:00,30646.75,30655.5,30641.5,30647.0,2342
2026-06-01T14:25:00,30647.0,30651.25,30637.25,30646.75,1905
2026-06-01T14:30:00,30646.5,30652.75,30632.25,30650.25,2116
2026-06-01T14:35:00,30650.0,30654.5,30633.75,30636.75,1883
2026-06-01T14:40:00,30636.5,30644.5,30631.0,30642.25,1887
2026-06-01T14:45:00,30642.25,30643.0,30620.5,30623.25,2291
2026-06-01T14:50:00,30623.25,30630.0,30614.0,30626.5,2758
2026-06-01T14:55:00,30627.0,30645.25,30622.0,30623.5,2729
2026-06-01T15:00:00,30622.75,30639.25,30612.75,30638.5,3320
2026-06-01T15:05:00,30638.25,30640.75,30619.75,30636.0,2733
2026-06-01T15:10:00,30635.75,30648.75,30628.0,30630.5,2638
2026-06-01T15:15:00,30630.5,30632.75,30618.0,30623.0,2435
2026-06-01T15:20:00,30623.25,30628.0,30616.5,30624.0,2354
2026-06-01T15:25:00,30624.25,30631.25,30617.5,30625.0,2081
2026-06-01T15:30:00,30624.0,30625.0,30594.0,30596.0,3595
2026-06-01T15:35:00,30595.75,30601.5,30583.25,30598.5,3667
2026-06-01T15:40:00,30597.75,30597.75,30583.75,30588.5,2391
2026-06-01T15:45:00,30588.0,30595.5,30570.75,30572.25,5022
2026-06-01T15:50:00,30572.75,30586.0,30560.5,30570.25,7116
2026-06-01T15:55:00,30570.5,30574.5,30555.75,30571.25,12462
2026-06-02T09:30:00,30557.0,30567.75,30467.0,30476.75,17525
2026-06-02T09:35:00,30476.75,30489.25,30452.0,30464.5,9866
2026-06-02T09:40:00,30464.5,30506.5,30423.75,30503.25,12467
2026-06-02T09:45:00,30502.5,30550.75,30497.0,30550.25,9523
2026-06-02T09:50:00,30549.75,30583.5,30540.0,30558.75,8797
2026-06-02T09:55:00,30559.75,30604.75,30535.0,30601.75,11214
2026-06-02T10:00:00,30603.0,30615.25,30570.0,30604.0,9410
2026-06-02T10:05:00,30605.75,30623.75,30593.5,30611.75,7017
2026-06-02T10:10:00,30612.0,30647.25,30597.25,30633.75,8225
2026-06-02T10:15:00,30634.0,30636.25,30600.75,30626.5,5940
2026-06-02T10:20:00,30626.25,30638.5,30572.0,30579.25,7785
2026-06-02T10:25:00,30578.25,30586.5,30537.75,30559.5,10210
2026-06-02T10:30:00,30559.25,30607.0,30555.25,30595.5,7692
2026-06-02T10:35:00,30595.0,30613.5,30586.0,30605.25,5268
2026-06-02T10:40:00,30604.5,30625.0,30577.75,30623.75,5242
2026-06-02T10:45:00,30623.5,30625.0,30600.75,30618.25,4630
2026-06-02T10:50:00,30617.75,30634.75,30609.25,30628.25,3725
2026-06-02T10:55:00,30629.25,30643.5,30621.25,30642.25,3591
2026-06-02T11:00:00,30642.5,30649.0,30615.0,30627.0,5563
2026-06-02T11:05:00,30627.0,30657.25,30611.75,30653.75,5281
2026-06-02T11:10:00,30653.75,30666.0,30638.75,30666.0,4494
2026-06-02T11:15:00,30666.0,30674.75,30661.25,30670.25,4799
2026-06-02T11:20:00,30670.75,30676.5,30661.5,30670.0,3896
2026-06-02T11:25:00,30670.0,30676.0,30651.75,30665.5,4427
2026-06-02T11:30:00,30666.0,30674.0,30650.0,30672.25,3961
2026-06-02T11:35:00,30672.5,30685.75,30668.75,30677.25,4646
2026-06-02T11:40:00,30676.5,30682.5,30664.0,30668.0,3078
2026-06-02T11:45:00,30668.25,30681.5,30657.25,30667.0,3606
2026-06-02T11:50:00,30668.25,30690.0,30659.0,30685.5,3885
2026-06-02T11:55:00,30685.75,30697.75,30679.75,30689.5,4883
2026-06-02T12:00:00,30690.0,30694.5,30668.25,30676.25,3578
2026-06-02T12:05:00,30676.0,30713.25,30676.0,30703.0,5893
2026-06-02T12:10:00,30703.25,30708.0,30694.25,30700.0,2783
2026-06-02T12:15:00,30700.25,30700.25,30668.75,30675.25,3825
2026-06-02T12:20:00,30674.25,30679.25,30651.0,30672.5,4029
2026-06-02T12:25:00,30671.75,30674.25,30655.0,30658.25,2478
2026-06-02T12:30:00,30658.75,30676.0,30653.75,30657.5,2845
2026-06-02T12:35:00,30657.5,30659.5,30640.5,30646.25,3562
2026-06-02T12:40:00,30646.75,30657.25,30645.75,30647.5,2167
2026-06-02T12:45:00,30647.25,30674.75,30642.0,30672.5,3073
2026-06-02T12:50:00,30672.5,30687.75,30672.5,30677.75,3413
2026-06-02T12:55:00,30678.25,30694.0,30673.5,30691.25,3332
2026-06-02T13:00:00,30691.0,30703.25,30677.75,30699.0,3790
2026-06-02T13:05:00,30699.0,30702.0,30684.25,30692.0,3073
2026-06-02T13:10:00,30692.25,30698.75,30685.25,30695.75,1901
2026-06-02T13:15:00,30696.0,30696.5,30652.25,30653.25,3982
2026-06-02T13:20:00,30653.5,30665.75,30639.5,30646.0,3710
2026-06-02T13:25:00,30645.5,30648.25,30632.0,30643.75,3392
2026-06-02T13:30:00,30643.0,30649.75,30626.0,30626.25,3558
2026-06-02T13:35:00,30626.0,30629.75,30608.75,30612.5,3974
2026-06-02T13:40:00,30612.5,30639.75,30611.25,30635.5,3594
2026-06-02T13:45:00,30635.0,30648.75,30630.25,30646.0,2786
2026-06-02T13:50:00,30645.5,30650.0,30633.5,30641.0,2442
2026-06-02T13:55:00,30641.0,30641.0,30625.0,30627.5,2583
2026-06-02T14:00:00,30628.5,30632.0,30614.0,30620.75,2645
2026-06-02T14:05:00,30621.0,30648.25,30621.0,30644.25,2654
2026-06-02T14:10:00,30644.0,30664.0,30642.75,30647.75,3559
2026-06-02T14:15:00,30648.25,30648.25,30632.0,30634.25,2750
2026-06-02T14:20:00,30634.0,30641.5,30629.25,30635.5,1936
2026-06-02T14:25:00,30635.25,30645.0,30631.75,30637.75,1896
2026-06-02T14:30:00,30638.25,30654.5,30637.75,30639.25,3260
2026-06-02T14:35:00,30638.75,30638.75,30608.0,30609.75,3456
2026-06-02T14:40:00,30609.0,30622.0,30598.5,30619.0,3643
2026-06-02T14:45:00,30617.75,30633.5,30614.0,30629.5,2358
2026-06-02T14:50:00,30630.0,30633.75,30614.75,30625.5,2002
2026-06-02T14:55:00,30624.75,30641.5,30619.0,30638.5,2423
2026-06-02T15:00:00,30639.0,30670.0,30637.5,30667.75,3964
2026-06-02T15:05:00,30667.25,30671.25,30655.5,30666.75,2919
2026-06-02T15:10:00,30666.75,30682.25,30666.25,30672.75,3154
2026-06-02T15:15:00,30673.25,30679.25,30662.5,30670.5,2556
2026-06-02T15:20:00,30670.0,30686.5,30667.75,30682.75,2663
2026-06-02T15:25:00,30683.0,30685.5,30662.0,30664.25,3113
2026-06-02T15:30:00,30663.75,30680.0,30662.5,30675.25,3092
2026-06-02T15:35:00,30675.25,30685.5,30670.75,30671.5,2236
2026-06-02T15:40:00,30671.25,30687.0,30666.5,30681.75,2537
2026-06-02T15:45:00,30682.0,30705.75,30678.25,30702.75,4845
2026-06-02T15:50:00,30702.5,30713.0,30690.25,30700.0,7979
2026-06-02T15:55:00,30699.75,30721.25,30692.75,30707.25,12927
2026-06-03T09:30:00,30754.75,30807.75,30714.0,30714.25,21041
2026-06-03T09:35:00,30715.0,30737.5,30666.0,30734.25,18074
2026-06-03T09:40:00,30734.5,30736.75,30622.0,30623.75,14914
2026-06-03T09:45:00,30624.25,30648.75,30505.75,30523.75,21713
2026-06-03T09:50:00,30524.0,30625.0,30496.0,30573.5,16724
2026-06-03T09:55:00,30573.25,30600.75,30543.75,30558.75,9751
2026-06-03T10:00:00,30562.0,30644.25,30547.5,30620.75,12082
2026-06-03T10:05:00,30622.0,30649.75,30597.75,30635.75,9463
2026-06-03T10:10:00,30636.5,30687.75,30632.25,30687.25,8238
2026-06-03T10:15:00,30687.25,30710.75,30669.0,30677.5,11404
2026-06-03T10:20:00,30678.25,30707.25,30663.0,30676.5,9436
2026-06-03T10:25:00,30677.0,30724.75,30665.5,30723.0,6453
2026-06-03T10:30:00,30722.75,30728.0,30696.0,30706.5,6769
2026-06-03T10:35:00,30705.75,30717.75,30667.25,30711.75,6593
2026-06-03T10:40:00,30712.5,30739.5,30697.5,30701.0,5968
2026-06-03T10:45:00,30701.25,30723.0,30673.5,30681.25,5826
2026-06-03T10:50:00,30680.25,30699.25,30656.25,30684.75,6661
2026-06-03T10:55:00,30685.25,30687.0,30644.5,30667.25,5088
2026-06-03T11:00:00,30667.75,30706.25,30664.75,30694.75,5187
2026-06-03T11:05:00,30694.75,30698.25,30672.5,30684.25,3705
2026-06-03T11:10:00,30684.5,30715.5,30681.5,30693.0,3584
2026-06-03T11:15:00,30692.75,30698.25,30670.0,30680.25,3557
2026-06-03T11:20:00,30680.75,30693.5,30624.5,30636.0,5988
2026-06-03T11:25:00,30636.25,30672.5,30615.0,30668.75,6776
2026-06-03T11:30:00,30668.5,30692.25,30630.75,30639.5,5733
2026-06-03T11:35:00,30640.0,30665.75,30616.0,30622.5,5599
2026-06-03T11:40:00,30623.0,30628.0,30599.75,30602.25,5273
2026-06-03T11:45:00,30602.0,30614.25,30568.0,30604.5,7785
2026-06-03T11:50:00,30605.0,30631.75,30592.0,30610.0,4984
2026-06-03T11:55:00,30610.25,30624.25,30594.5,30604.25,3410
2026-06-03T12:00:00,30605.0,30621.75,30579.5,30603.0,4470
2026-06-03T12:05:00,30603.5,30613.5,30579.0,30592.75,3772
2026-06-03T12:10:00,30592.5,30623.25,30589.25,30611.25,2986
2026-06-03T12:15:00,30611.25,30611.5,30565.5,30590.25,4740
2026-06-03T12:20:00,30589.5,30598.75,30547.0,30548.25,4594
2026-06-03T12:25:00,30548.25,30557.5,30531.25,30553.75,6546
2026-06-03T12:30:00,30552.75,30578.5,30546.25,30564.75,4914
2026-06-03T12:35:00,30564.25,30564.25,30527.0,30535.0,4603
2026-06-03T12:40:00,30535.25,30547.75,30505.75,30530.25,6176
2026-06-03T12:45:00,30529.75,30578.0,30529.75,30571.5,4380
2026-06-03T12:50:00,30571.75,30592.5,30563.0,30571.75,4942
2026-06-03T12:55:00,30572.5,30607.5,30561.5,30606.75,5220
2026-06-03T13:00:00,30607.25,30609.0,30568.0,30569.75,3881
2026-06-03T13:05:00,30570.0,30596.5,30546.0,30579.75,5066
2026-06-03T13:10:00,30579.75,30585.25,30534.5,30543.5,4574
2026-06-03T13:15:00,30544.0,30551.75,30516.25,30530.5,4053
2026-06-03T13:20:00,30530.25,30562.5,30522.0,30560.75,3782
2026-06-03T13:25:00,30560.25,30575.25,30553.0,30572.75,3093
2026-06-03T13:30:00,30572.75,30592.25,30543.25,30590.5,4322
2026-06-03T13:35:00,30590.75,30603.25,30581.0,30591.25,2831
2026-06-03T13:40:00,30591.25,30616.5,30582.25,30613.5,3082
2026-06-03T13:45:00,30613.75,30624.0,30604.75,30618.5,3131
2026-06-03T13:50:00,30619.25,30637.25,30614.5,30637.25,2987
2026-06-03T13:55:00,30637.0,30647.25,30632.5,30642.75,3035
2026-06-03T14:00:00,30643.25,30655.75,30634.25,30651.75,3411
2026-06-03T14:05:00,30652.0,30652.0,30633.25,30639.25,2457
2026-06-03T14:10:00,30639.0,30645.25,30612.0,30625.5,3475
2026-06-03T14:15:00,30625.75,30639.5,30608.0,30639.25,3205
2026-06-03T14:20:00,30639.25,30660.0,30618.25,30659.75,3696
2026-06-03T14:25:00,30660.5,30680.0,30655.0,30677.0,3876
2026-06-03T14:30:00,30676.5,30682.25,30661.75,30662.25,3019
2026-06-03T14:35:00,30662.5,30664.25,30638.5,30646.25,3897
2026-06-03T14:40:00,30646.25,30656.0,30635.0,30651.0,2916
2026-06-03T14:45:00,30651.75,30668.0,30649.0,30650.5,2620
2026-06-03T14:50:00,30650.0,30662.25,30640.0,30652.75,2776
2026-06-03T14:55:00,30652.75,30657.25,30636.75,30652.0,2621
2026-06-03T15:00:00,30652.0,30652.25,30618.0,30634.75,4197
2026-06-03T15:05:00,30635.75,30659.75,30634.0,30640.5,3884
2026-06-03T15:10:00,30640.25,30645.75,30615.25,30636.75,3102
2026-06-03T15:15:00,30637.25,30660.25,30623.5,30640.25,3944
2026-06-03T15:20:00,30640.0,30644.5,30613.5,30621.0,3378
2026-06-03T15:25:00,30621.25,30638.5,30611.25,30635.25,2764
2026-06-03T15:30:00,30634.5,30651.5,30627.0,30648.25,3805
2026-06-03T15:35:00,30649.25,30683.5,30642.75,30676.5,4279
2026-06-03T15:40:00,30676.0,30691.25,30670.25,30683.75,4176
2026-06-03T15:45:00,30683.75,30694.75,30672.75,30686.75,3906
2026-06-03T15:50:00,30686.0,30690.5,30643.25,30647.0,8066
2026-06-03T15:55:00,30646.75,30660.0,30625.0,30635.75,13907
2026-06-04T09:30:00,30268.25,30353.75,30210.0,30343.5,24821
2026-06-04T09:35:00,30343.5,30364.5,30305.25,30331.75,16488
2026-06-04T09:40:00,30331.5,30341.5,30220.25,30227.25,15154
2026-06-04T09:45:00,30226.25,30284.25,30187.75,30248.5,16610
2026-06-04T09:50:00,30246.25,30316.0,30221.5,30245.25,13479
2026-06-04T09:55:00,30247.0,30305.0,30232.25,30248.0,10029
2026-06-04T10:00:00,30247.75,30271.75,30195.0,30197.5,12205
2026-06-04T10:05:00,30197.25,30209.0,30151.0,30185.0,15396
2026-06-04T10:10:00,30185.5,30282.5,30181.5,30279.25,12787
2026-06-04T10:15:00,30279.5,30307.0,30263.0,30264.0,9688
2026-06-04T10:20:00,30264.0,30324.75,30251.75,30323.5,7569
2026-06-04T10:25:00,30322.75,30348.5,30309.0,30341.25,7471
2026-06-04T10:30:00,30341.0,30348.25,30300.0,30326.75,7811
2026-06-04T10:35:00,30326.0,30335.5,30290.25,30311.75,6914
2026-06-04T10:40:00,30311.75,30339.5,30299.75,30301.5,4951
2026-06-04T10:45:00,30300.5,30334.0,30291.75,30314.75,5780
2026-06-04T10:50:00,30315.75,30330.25,30297.75,30320.25,5174
2026-06-04T10:55:00,30320.25,30360.0,30317.5,30356.75,5790
2026-06-04T11:00:00,30357.25,30382.75,30354.5,30369.5,6885
2026-06-04T11:05:00,30369.75,30437.5,30368.5,30430.25,7859
2026-06-04T11:10:00,30430.25,30453.25,30418.5,30450.5,6512
2026-06-04T11:15:00,30451.0,30469.5,30442.75,30462.75,6560
2026-06-04T11:20:00,30463.0,30467.75,30431.5,30460.25,6030
2026-06-04T11:25:00,30460.75,30461.75,30437.75,30442.0,4057
2026-06-04T11:30:00,30442.0,30448.25,30427.0,30440.25,4118
2026-06-04T11:35:00,30440.75,30448.75,30425.5,30443.5,3674
2026-06-04T11:40:00,30443.5,30448.0,30410.75,30419.0,3824
2026-06-04T11:45:00,30419.25,30423.0,30366.75,30373.0,6726
2026-06-04T11:50:00,30372.75,30408.5,30363.0,30398.25,7022
2026-06-04T11:55:00,30398.0,30421.75,30384.5,30413.75,5037
2026-06-04T12:00:00,30413.25,30429.5,30393.0,30421.75,3749
2026-06-04T12:05:00,30421.75,30449.5,30412.5,30440.25,4309
2026-06-04T12:10:00,30440.75,30452.0,30431.25,30440.0,2703
2026-06-04T12:15:00,30440.0,30462.5,30440.0,30458.0,3785
2026-06-04T12:20:00,30458.0,30486.25,30451.5,30481.5,4205
2026-06-04T12:25:00,30481.0,30484.75,30466.5,30480.0,3411
2026-06-04T12:30:00,30480.25,30480.5,30436.0,30449.0,5194
2026-06-04T12:35:00,30449.75,30476.25,30443.25,30471.0,3530
2026-06-04T12:40:00,30471.75,30490.0,30462.5,30482.75,3537
2026-06-04T12:45:00,30482.75,30486.5,30465.75,30474.25,3314
2026-06-04T12:50:00,30474.0,30493.25,30473.5,30484.75,3203
2026-06-04T12:55:00,30484.25,30490.75,30476.75,30479.0,2531
2026-06-04T13:00:00,30479.0,30486.25,30466.5,30474.75,3264
2026-06-04T13:05:00,30474.75,30497.0,30464.25,30496.0,3115
2026-06-04T13:10:00,30495.25,30502.25,30483.75,30494.0,4231
2026-06-04T13:15:00,30493.5,30497.0,30474.0,30489.0,2966
2026-06-04T13:20:00,30488.75,30496.0,30475.5,30492.5,2633
2026-06-04T13:25:00,30492.0,30519.75,30491.5,30513.75,3956
2026-06-04T13:30:00,30514.0,30539.75,30511.0,30531.25,5233
2026-06-04T13:35:00,30531.25,30536.25,30514.25,30515.0,3690
2026-06-04T13:40:00,30515.0,30540.25,30511.25,30540.0,3437
2026-06-04T13:45:00,30539.75,30544.0,30525.75,30543.5,2815
2026-06-04T13:50:00,30543.5,30555.0,30540.25,30548.25,3192
2026-06-04T13:55:00,30549.25,30563.25,30542.5,30559.5,3327
2026-06-04T14:00:00,30559.25,30580.25,30555.25,30578.5,4803
2026-06-04T14:05:00,30578.25,30594.25,30578.25,30587.5,4832
2026-06-04T14:10:00,30587.75,30598.5,30579.25,30592.0,3401
2026-06-04T14:15:00,30592.0,30595.5,30574.0,30591.0,3990
2026-06-04T14:20:00,30590.75,30594.25,30576.25,30580.0,3234
2026-06-04T14:25:00,30580.25,30595.5,30578.5,30586.25,2936
2026-06-04T14:30:00,30586.25,30590.75,30562.25,30579.0,4430
2026-06-04T14:35:00,30579.0,30580.75,30562.75,30570.75,3355
2026-06-04T14:40:00,30570.25,30575.25,30557.75,30572.5,3051
2026-06-04T14:45:00,30572.75,30588.75,30565.0,30587.75,3393
2026-06-04T14:50:00,30588.5,30592.25,30578.25,30580.5,2183
2026-06-04T14:55:00,30580.25,30582.5,30550.0,30558.0,4181
2026-06-04T15:00:00,30558.0,30573.0,30554.25,30571.0,3148
2026-06-04T15:05:00,30571.5,30588.75,30569.25,30571.25,3651
2026-06-04T15:10:00,30571.25,30574.25,30545.75,30555.25,4018
2026-06-04T15:15:00,30555.25,30556.0,30531.0,30535.0,5034
2026-06-04T15:20:00,30535.25,30571.75,30535.25,30569.25,3938
2026-06-04T15:25:00,30569.5,30596.0,30566.0,30594.75,3616
2026-06-04T15:30:00,30594.25,30603.25,30578.5,30588.25,4529
2026-06-04T15:35:00,30587.5,30597.25,30577.0,30586.75,2664
2026-06-04T15:40:00,30587.25,30589.0,30546.5,30548.75,4215
2026-06-04T15:45:00,30548.25,30551.5,30526.5,30539.0,5283
2026-06-04T15:50:00,30537.75,30547.0,30511.0,30518.75,8375
2026-06-04T15:55:00,30518.25,30518.25,30481.25,30485.25,16241
2026-06-05T09:30:00,30035.75,30100.5,29998.75,30044.25,24763
2026-06-05T09:35:00,30044.5,30047.0,29967.25,30003.75,17520
2026-06-05T09:40:00,30003.75,30009.5,29928.75,29932.75,14125
2026-06-05T09:45:00,29931.25,29954.0,29851.25,29857.75,16089
2026-06-05T09:50:00,29857.5,29903.5,29845.75,29893.5,17139
2026-06-05T09:55:00,29893.75,29897.5,29771.0,29773.75,15976
2026-06-05T10:00:00,29774.25,29829.75,29758.0,29788.25,20528
2026-06-05T10:05:00,29785.25,29858.75,29761.75,29851.75,14577
2026-06-05T10:10:00,29852.5,29871.0,29801.0,29871.0,10927
2026-06-05T10:15:00,29869.75,29941.5,29866.75,29940.0,11369
2026-06-05T10:20:00,29940.5,29942.5,29863.0,29872.0,9848
2026-06-05T10:25:00,29871.75,29873.25,29801.5,29824.5,8959
2026-06-05T10:30:00,29824.75,29902.0,29814.25,29900.5,9662
2026-06-05T10:35:00,29900.25,29929.25,29878.25,29884.0,8940
2026-06-05T10:40:00,29884.0,29890.0,29825.0,29843.0,7667
2026-06-05T10:45:00,29842.25,29871.0,29805.25,29827.0,8013
2026-06-05T10:50:00,29826.75,29855.5,29815.0,29835.25,7229
2026-06-05T10:55:00,29834.25,29873.25,29818.0,29853.0,7217
2026-06-05T11:00:00,29853.25,29870.0,29790.25,29813.5,7990
2026-06-05T11:05:00,29813.5,29823.0,29766.25,29776.75,7441
2026-06-05T11:10:00,29777.5,29796.75,29726.5,29727.75,9545
2026-06-05T11:15:00,29727.75,29761.5,29723.25,29755.25,7309
2026-06-05T11:20:00,29755.25,29765.25,29695.5,29711.0,11058
2026-06-05T11:25:00,29712.0,29730.75,29702.0,29717.25,5847
2026-06-05T11:30:00,29717.25,29739.75,29688.75,29689.5,6106
2026-06-05T11:35:00,29690.25,29706.5,29637.75,29646.25,9018
2026-06-05T11:40:00,29646.25,29670.75,29614.5,29645.5,10077
2026-06-05T11:45:00,29645.0,29682.5,29628.5,29649.0,7363
2026-06-05T11:50:00,29648.75,29675.5,29642.0,29669.5,6662
2026-06-05T11:55:00,29669.25,29675.0,29643.5,29658.5,5560
2026-06-05T12:00:00,29658.75,29660.25,29606.5,29617.75,7704
2026-06-05T12:05:00,29618.0,29618.0,29570.0,29577.0,9668
2026-06-05T12:10:00,29577.5,29619.75,29564.25,29593.75,7368
2026-06-05T12:15:00,29593.5,29593.5,29538.75,29545.5,9228
2026-06-05T12:20:00,29545.0,29582.75,29536.0,29568.75,7602
2026-06-05T12:25:00,29569.75,29590.0,29541.5,29543.75,6458
2026-06-05T12:30:00,29543.75,29549.0,29486.5,29508.5,10522
2026-06-05T12:35:00,29508.0,29519.0,29470.0,29489.75,8948
2026-06-05T12:40:00,29489.25,29500.5,29418.0,29433.5,12054
2026-06-05T12:45:00,29433.25,29446.5,29379.0,29445.5,13122
2026-06-05T12:50:00,29446.0,29507.75,29415.0,29504.75,11830
2026-06-05T12:55:00,29504.0,29505.75,29457.0,29490.5,8546
2026-06-05T13:00:00,29490.5,29493.0,29420.75,29449.5,10134
2026-06-05T13:05:00,29448.25,29451.5,29404.0,29422.75,6518
2026-06-05T13:10:00,29422.75,29431.0,29377.0,29410.0,8074
2026-06-05T13:15:00,29410.0,29414.0,29366.5,29398.0,6835
2026-06-05T13:20:00,29398.25,29449.0,29361.75,29442.0,8901
2026-06-05T13:25:00,29442.0,29444.25,29400.25,29440.75,6658
2026-06-05T13:30:00,29439.75,29459.0,29411.5,29458.75,7001
2026-06-05T13:35:00,29459.25,29491.25,29456.75,29488.0,8652
2026-06-05T13:40:00,29487.25,29505.0,29405.5,29418.5,8673
2026-06-05T13:45:00,29418.0,29447.75,29407.5,29426.0,5887
2026-06-05T13:50:00,29425.5,29448.75,29420.25,29446.75,3926
2026-06-05T13:55:00,29446.0,29473.75,29433.5,29471.0,4219
2026-06-05T14:00:00,29471.5,29477.0,29394.0,29396.5,7029
2026-06-05T14:05:00,29396.25,29414.0,29380.25,29381.5,7089
2026-06-05T14:10:00,29381.75,29395.0,29311.0,29317.25,9124
2026-06-05T14:15:00,29318.0,29319.75,29265.0,29271.75,12036
2026-06-05T14:20:00,29271.0,29294.75,29263.75,29270.0,6952
2026-06-05T14:25:00,29269.75,29272.5,29221.0,29243.5,9764
2026-06-05T14:30:00,29244.0,29256.75,29209.0,29224.5,7128
2026-06-05T14:35:00,29225.0,29230.75,29185.75,29208.0,8611
2026-06-05T14:40:00,29207.5,29212.0,29150.5,29181.25,9711
2026-06-05T14:45:00,29181.75,29183.75,29096.0,29158.75,14652
2026-06-05T14:50:00,29159.25,29174.75,29113.75,29152.5,8052
2026-06-05T14:55:00,29151.25,29216.0,29136.25,29191.0,12771
2026-06-05T15:00:00,29191.5,29211.0,29140.5,29201.25,9179
2026-06-05T15:05:00,29201.0,29203.25,29098.25,29122.75,9838
2026-06-05T15:10:00,29123.5,29130.25,29049.5,29071.25,9428
2026-06-05T15:15:00,29070.75,29070.75,28974.25,29015.0,11051
2026-06-05T15:20:00,29014.5,29060.25,28993.0,29059.75,9346
2026-06-05T15:25:00,29061.0,29156.25,29058.75,29155.0,9420
2026-06-05T15:30:00,29155.0,29158.0,29070.75,29113.5,9410
2026-06-05T15:35:00,29113.5,29157.5,29095.75,29148.75,8246
2026-06-05T15:40:00,29148.5,29152.5,29050.5,29095.75,9899
2026-06-05T15:45:00,29095.25,29165.75,29085.25,29147.0,8286
2026-06-05T15:50:00,29148.25,29194.75,29116.0,29129.0,12744
2026-06-05T15:55:00,29129.75,29129.75,29005.5,29016.5,29799
2026-06-08T09:30:00,29526.0,29584.0,29412.0,29418.25,24431
2026-06-08T09:35:00,29417.5,29499.5,29397.5,29426.0,15569
2026-06-08T09:40:00,29427.0,29556.0,29423.75,29515.5,14133
2026-06-08T09:45:00,29516.0,29554.0,29443.75,29476.25,14468
2026-06-08T09:50:00,29476.0,29548.5,29434.25,29501.5,10810
2026-06-08T09:55:00,29502.25,29503.75,29341.0,29349.75,11922
2026-06-08T10:00:00,29350.25,29432.0,29331.5,29361.75,13546
2026-06-08T10:05:00,29362.25,29466.5,29348.5,29455.0,10910
2026-06-08T10:10:00,29455.25,29471.75,29412.75,29441.5,9536
2026-06-08T10:15:00,29441.0,29443.25,29374.75,29418.0,8474
2026-06-08T10:20:00,29416.75,29480.5,29386.0,29465.75,7940
2026-06-08T10:25:00,29465.75,29531.0,29455.5,29517.25,8614
2026-06-08T10:30:00,29517.0,29550.5,29504.5,29548.25,7146
2026-06-08T10:35:00,29548.75,29603.75,29537.5,29586.25,10647
2026-06-08T10:40:00,29586.25,29602.0,29527.75,29549.75,8380
2026-06-08T10:45:00,29549.25,29649.75,29549.0,29610.75,10184
2026-06-08T10:50:00,29611.0,29661.5,29600.5,29640.5,7003
2026-06-08T10:55:00,29640.0,29681.0,29613.0,29676.5,7116
2026-06-08T11:00:00,29676.5,29706.75,29665.25,29695.5,8809
2026-06-08T11:05:00,29695.0,29726.0,29690.0,29725.25,6183
2026-06-08T11:10:00,29725.5,29734.0,29710.25,29715.25,4959
2026-06-08T11:15:00,29716.25,29740.0,29703.0,29731.75,7949
2026-06-08T11:20:00,29732.5,29743.0,29690.0,29725.25,6857
2026-06-08T11:25:00,29723.5,29724.75,29623.25,29630.0,7908
2026-06-08T11:30:00,29630.25,29637.75,29559.0,29574.25,10255
2026-06-08T11:35:00,29575.0,29661.25,29569.0,29654.0,7719
2026-06-08T11:40:00,29653.75,29685.25,29635.25,29685.25,5715
2026-06-08T11:45:00,29685.25,29710.75,29642.75,29647.5,6629
2026-06-08T11:50:00,29646.75,29692.75,29646.5,29655.5,5480
2026-06-08T11:55:00,29654.5,29654.75,29594.25,29610.0,6221
2026-06-08T12:00:00,29610.25,29649.5,29580.25,29632.0,7299
2026-06-08T12:05:00,29631.5,29648.0,29605.0,29616.5,4500
2026-06-08T12:10:00,29616.5,29651.25,29595.75,29635.25,4125
2026-06-08T12:15:00,29636.75,29679.75,29633.25,29679.25,4163
2026-06-08T12:20:00,29678.75,29692.25,29625.5,29635.25,6058
2026-06-08T12:25:00,29635.5,29658.75,29581.5,29584.75,5385
2026-06-08T12:30:00,29587.5,29616.75,29573.5,29578.25,5323
2026-06-08T12:35:00,29578.0,29604.75,29555.5,29562.0,5151
2026-06-08T12:40:00,29561.0,29596.0,29554.0,29586.5,4420
2026-06-08T12:45:00,29586.5,29630.5,29578.5,29606.75,4204
2026-06-08T12:50:00,29607.25,29619.75,29592.0,29605.25,3294
2026-06-08T12:55:00,29606.0,29611.75,29577.25,29580.5,3253
2026-06-08T13:00:00,29580.75,29584.25,29492.25,29518.5,8277
2026-06-08T13:05:00,29518.0,29557.5,29508.0,29525.0,5801
2026-06-08T13:10:00,29523.5,29532.5,29485.25,29531.75,5103
2026-06-08T13:15:00,29531.0,29545.25,29492.0,29504.5,4969
2026-06-08T13:20:00,29505.25,29534.25,29492.0,29515.5,3731
2026-06-08T13:25:00,29515.25,29605.5,29509.5,29602.0,6010
2026-06-08T13:30:00,29602.0,29624.25,29547.25,29580.5,7335
2026-06-08T13:35:00,29580.0,29587.75,29529.5,29561.75,5824
2026-06-08T13:40:00,29560.25,29567.5,29509.0,29512.25,4354
2026-06-08T13:45:00,29511.75,29574.5,29511.25,29572.25,4869
2026-06-08T13:50:00,29573.25,29600.0,29557.5,29584.25,4536
2026-06-08T13:55:00,29584.25,29590.0,29545.75,29558.25,3744
2026-06-08T14:00:00,29559.25,29596.25,29558.25,29578.0,4205
2026-06-08T14:05:00,29578.0,29611.75,29576.0,29595.0,3594
2026-06-08T14:10:00,29596.5,29609.25,29556.0,29564.0,4712
2026-06-08T14:15:00,29565.5,29592.75,29562.25,29579.0,2878
2026-06-08T14:20:00,29579.0,29592.0,29558.0,29583.25,2913
2026-06-08T14:25:00,29582.0,29598.25,29572.0,29590.5,2850
2026-06-08T14:30:00,29591.25,29617.75,29589.0,29593.0,3860
2026-06-08T14:35:00,29593.25,29609.75,29546.0,29551.25,4291
2026-06-08T14:40:00,29551.0,29560.5,29527.5,29530.75,5396
2026-06-08T14:45:00,29531.5,29571.0,29529.5,29548.75,3441
2026-06-08T14:50:00,29549.5,29567.0,29541.75,29558.5,2740
2026-06-08T14:55:00,29559.25,29568.75,29536.0,29542.0,2793
2026-06-08T15:00:00,29543.0,29548.0,29511.75,29530.0,4286
2026-06-08T15:05:00,29529.75,29544.75,29479.75,29479.75,4772
2026-06-08T15:10:00,29479.75,29481.5,29427.0,29429.0,7315
2026-06-08T15:15:00,29428.75,29442.75,29411.0,29424.5,6452
2026-06-08T15:20:00,29424.5,29451.25,29386.75,29389.5,6941
2026-06-08T15:25:00,29390.25,29436.75,29377.0,29436.75,5742
2026-06-08T15:30:00,29437.0,29495.0,29430.5,29457.25,7432
2026-06-08T15:35:00,29457.5,29476.75,29430.75,29447.25,4836
2026-06-08T15:40:00,29446.5,29460.5,29420.75,29437.0,4519
2026-06-08T15:45:00,29436.5,29468.0,29426.0,29429.5,4867
2026-06-08T15:50:00,29428.75,29475.0,29419.0,29452.0,9477
2026-06-08T15:55:00,29452.25,29468.0,29436.25,29452.75,16005
2026-06-09T09:30:00,29737.0,29748.0,29633.25,29649.75,18948
2026-06-09T09:35:00,29650.75,29731.0,29647.75,29686.0,12474
2026-06-09T09:40:00,29686.5,29769.5,29659.0,29767.0,13437
2026-06-09T09:45:00,29766.5,29846.75,29760.0,29843.25,14858
2026-06-09T09:50:00,29844.25,29848.25,29726.0,29732.25,13195
2026-06-09T09:55:00,29730.5,29746.25,29663.25,29672.75,12419
2026-06-09T10:00:00,29672.75,29712.0,29626.25,29664.0,15136
2026-06-09T10:05:00,29664.0,29702.5,29624.0,29630.75,11822
2026-06-09T10:10:00,29631.25,29632.5,29484.5,29491.0,17483
2026-06-09T10:15:00,29491.5,29514.0,29366.75,29411.75,20108
2026-06-09T10:20:00,29413.0,29507.0,29365.0,29504.5,16526
2026-06-09T10:25:00,29503.5,29526.25,29425.75,29444.0,14964
2026-06-09T10:30:00,29444.0,29464.0,29381.75,29438.25,14885
2026-06-09T10:35:00,29438.5,29487.5,29396.5,29439.0,12799
2026-06-09T10:40:00,29439.5,29468.75,29271.25,29286.25,14373
2026-06-09T10:45:00,29287.25,29314.5,29096.75,29115.75,22523
2026-06-09T10:50:00,29112.25,29202.75,29083.75,29200.25,16894
2026-06-09T10:55:00,29201.0,29241.25,29133.25,29239.75,11378
2026-06-09T11:00:00,29242.0,29258.0,29176.75,29183.75,10332
2026-06-09T11:05:00,29183.25,29274.0,29143.5,29269.0,9134
2026-06-09T11:10:00,29269.25,29302.0,29203.25,29243.5,8683
2026-06-09T11:15:00,29243.75,29254.5,29160.0,29164.75,8403
2026-06-09T11:20:00,29163.5,29194.0,29013.75,29018.25,11994
2026-06-09T11:25:00,29018.0,29034.0,28848.5,28859.25,15565
2026-06-09T11:30:00,28861.25,28910.0,28828.25,28853.5,15861
2026-06-09T11:35:00,28854.0,28888.0,28809.75,28873.5,13508
2026-06-09T11:40:00,28872.75,28944.25,28862.0,28902.75,11661
2026-06-09T11:45:00,28903.75,28932.5,28889.0,28923.0,8005
2026-06-09T11:50:00,28921.75,28972.0,28847.75,28851.5,11462
2026-06-09T11:55:00,28852.5,28862.25,28681.5,28695.25,17313
2026-06-09T12:00:00,28696.0,28787.5,28692.0,28720.0,12676
2026-06-09T12:05:00,28720.0,28727.25,28575.0,28608.75,16233
2026-06-09T12:10:00,28607.0,28668.75,28581.0,28621.75,12123
2026-06-09T12:15:00,28621.75,28627.75,28430.75,28447.25,20255
2026-06-09T12:20:00,28446.0,28542.5,28404.25,28538.25,16195
2026-06-09T12:25:00,28537.75,28581.25,28490.5,28523.5,12452
2026-06-09T12:30:00,28522.5,28572.0,28445.0,28486.25,15338
2026-06-09T12:35:00,28486.75,28552.75,28246.25,28268.0,17184
2026-06-09T12:40:00,28268.25,28394.5,28227.75,28375.5,15739
2026-06-09T12:45:00,28375.25,28434.25,28316.25,28367.75,13968
2026-06-09T12:50:00,28367.75,28388.0,28282.75,28286.5,9868
2026-06-09T12:55:00,28286.75,28487.75,28279.0,28480.0,10851
2026-06-09T13:00:00,28480.25,28640.5,28462.5,28624.75,12785
2026-06-09T13:05:00,28623.5,28643.75,28556.25,28612.75,10725
2026-06-09T13:10:00,28610.0,28674.5,28550.0,28650.0,9226
2026-06-09T13:15:00,28650.0,28730.5,28606.25,28723.5,10637
2026-06-09T13:20:00,28723.0,28787.25,28673.0,28728.25,13580
2026-06-09T13:25:00,28726.5,28778.25,28689.5,28743.25,8228
2026-06-09T13:30:00,28743.5,28805.5,28708.0,28801.5,8481
2026-06-09T13:35:00,28802.5,28850.0,28757.75,28822.25,8668
2026-06-09T13:40:00,28821.75,28924.5,28806.5,28866.0,9945
2026-06-09T13:45:00,28867.25,28884.5,28714.25,28732.5,11902
2026-06-09T13:50:00,28733.25,28852.25,28731.25,28808.5,10297
2026-06-09T13:55:00,28809.75,28865.5,28802.25,28832.5,7096
2026-06-09T14:00:00,28831.5,28866.25,28784.75,28818.5,6796
2026-06-09T14:05:00,28819.5,28887.5,28803.5,28876.75,6735
2026-06-09T14:10:00,28877.75,28878.5,28818.75,28862.25,6627
2026-06-09T14:15:00,28861.75,28940.75,28823.0,28936.5,7430
2026-06-09T14:20:00,28937.25,28980.0,28898.75,28970.5,7594
2026-06-09T14:25:00,28969.25,28974.5,28896.5,28972.75,5084
2026-06-09T14:30:00,28973.25,29047.0,28967.0,29004.5,7751
2026-06-09T14:35:00,29004.5,29038.0,28983.75,29012.75,3868
2026-06-09T14:40:00,29014.0,29016.75,28912.25,28921.75,6038
2026-06-09T14:45:00,28922.5,28981.5,28916.0,28979.25,4684
2026-06-09T14:50:00,28979.75,29021.75,28951.0,28983.25,4656
2026-06-09T14:55:00,28982.75,29091.25,28978.75,29065.75,8061
2026-06-09T15:00:00,29066.0,29125.5,29020.25,29120.75,7680
2026-06-09T15:05:00,29120.25,29146.5,29045.75,29051.5,6621
2026-06-09T15:10:00,29051.25,29051.75,28956.0,28965.25,6620
2026-06-09T15:15:00,28965.75,28972.5,28852.0,28864.25,10196
2026-06-09T15:20:00,28864.25,28927.0,28839.0,28891.25,7655
2026-06-09T15:25:00,28890.25,28970.5,28872.0,28953.75,6325
2026-06-09T15:30:00,28952.75,28988.0,28929.75,28977.75,5940
2026-06-09T15:35:00,28979.0,28985.0,28919.0,28922.25,4952
2026-06-09T15:40:00,28922.25,28949.25,28853.25,28922.25,7515
2026-06-09T15:45:00,28922.75,28940.0,28850.5,28879.25,5726
2026-06-09T15:50:00,28880.0,29038.5,28880.0,29032.75,12518
2026-06-09T15:55:00,29031.5,29135.25,29028.0,29117.0,24647
2026-06-10T09:30:00,28852.75,28953.25,28778.0,28780.25,15941
2026-06-10T09:35:00,28781.0,29022.75,28772.5,28961.75,14720
2026-06-10T09:40:00,28959.5,29092.75,28851.0,29079.5,13589
2026-06-10T09:45:00,29077.5,29163.25,29020.0,29144.0,14830
2026-06-10T09:50:00,29144.0,29145.75,28984.0,29028.0,11247
2026-06-10T09:55:00,29028.5,29094.0,29001.0,29020.75,8509
2026-06-10T10:00:00,29021.25,29119.5,28965.0,29080.75,11051
2026-06-10T10:05:00,29080.25,29151.5,29029.25,29134.75,8269
2026-06-10T10:10:00,29135.75,29166.0,29070.5,29091.5,9434
2026-06-10T10:15:00,29092.5,29137.75,29046.25,29102.75,9093
2026-06-10T10:20:00,29103.5,29219.75,29070.0,29217.75,8816
2026-06-10T10:25:00,29217.5,29231.0,29124.5,29170.75,9525
2026-06-10T10:30:00,29172.0,29249.0,29093.25,29244.75,9367
2026-06-10T10:35:00,29244.25,29250.0,29128.5,29155.75,8119
2026-06-10T10:40:00,29153.25,29198.0,29081.5,29082.0,7414
2026-06-10T10:45:00,29082.25,29125.0,29007.5,29038.75,9864
2026-06-10T10:50:00,29040.25,29106.0,29005.0,29028.5,8118
2026-06-10T10:55:00,29027.5,29047.5,28856.0,28900.25,12022
2026-06-10T11:00:00,28901.25,28985.75,28831.5,28900.75,10075
2026-06-10T11:05:00,28900.5,28910.5,28817.0,28826.0,7013
2026-06-10T11:10:00,28824.75,28840.75,28745.0,28748.75,10124
2026-06-10T11:15:00,28749.75,28762.75,28663.5,28727.25,10325
2026-06-10T11:20:00,28726.5,28865.5,28716.0,28832.75,10028
2026-06-10T11:25:00,28831.5,28877.75,28790.0,28790.5,7993
2026-06-10T11:30:00,28790.75,28854.75,28742.0,28771.75,7064
2026-06-10T11:35:00,28773.75,28810.75,28721.0,28768.0,6488
2026-06-10T11:40:00,28765.25,28875.0,28742.25,28854.0,6596
2026-06-10T11:45:00,28854.75,28874.5,28666.25,28711.5,13538
2026-06-10T11:50:00,28710.0,28826.0,28627.0,28784.25,10124
2026-06-10T11:55:00,28784.5,28870.0,28735.5,28855.25,6638
2026-06-10T12:00:00,28855.25,28896.5,28799.0,28831.25,5529
2026-06-10T12:05:00,28829.25,28854.5,28759.5,28780.75,4130
2026-06-10T12:10:00,28776.25,28783.0,28711.75,28728.75,4078
2026-06-10T12:15:00,28726.75,28773.0,28711.5,28743.0,3961
2026-06-10T12:20:00,28745.0,28764.25,28703.0,28710.5,3823
2026-06-10T12:25:00,28711.25,28763.0,28705.75,28742.25,2242
2026-06-10T12:30:00,28742.25,28807.0,28704.0,28804.0,3543
2026-06-10T12:35:00,28804.25,28851.75,28768.0,28828.5,5210
2026-06-10T12:40:00,28828.0,28846.0,28734.5,28752.0,3987
2026-06-10T12:45:00,28752.25,28752.25,28664.75,28698.25,6077
2026-06-10T12:50:00,28699.0,28761.25,28673.75,28715.0,4495
2026-06-10T12:55:00,28715.0,28723.5,28669.25,28717.5,3313
2026-06-10T13:00:00,28717.75,28781.5,28694.75,28763.75,4174
2026-06-10T13:05:00,28765.25,28766.75,28670.75,28679.5,4423
2026-06-10T13:10:00,28678.5,28683.75,28628.5,28648.25,4653
2026-06-10T13:15:00,28647.0,28674.0,28628.0,28644.5,4067
2026-06-10T13:20:00,28643.75,28681.0,28628.75,28676.0,3644
2026-06-10T13:25:00,28674.5,28699.0,28648.5,28688.5,3878
2026-06-10T13:30:00,28687.0,28693.5,28626.25,28659.5,4508
2026-06-10T13:35:00,28661.0,28668.5,28626.75,28633.75,3045
2026-06-10T13:40:00,28634.0,28659.25,28618.0,28622.5,5116
2026-06-10T13:45:00,28623.25,28784.75,28616.0,28765.75,8020
2026-06-10T13:50:00,28766.25,28772.25,28687.5,28741.75,5732
2026-06-10T13:55:00,28744.5,28793.75,28735.5,28780.0,4443
2026-06-10T14:00:00,28779.5,28832.5,28760.5,28826.75,5465
2026-06-10T14:05:00,28827.5,28831.0,28752.5,28754.25,4859
2026-06-10T14:10:00,28754.75,28803.75,28753.25,28781.5,3047
2026-06-10T14:15:00,28781.5,28810.25,28706.0,28723.0,4175
2026-06-10T14:20:00,28723.75,28765.0,28697.75,28732.5,4408
2026-06-10T14:25:00,28733.25,28740.0,28705.0,28713.0,2928
2026-06-10T14:30:00,28713.75,28717.75,28674.25,28687.0,4001
2026-06-10T14:35:00,28687.5,28690.75,28633.0,28656.0,5058
2026-06-10T14:40:00,28655.25,28679.25,28633.0,28661.25,3639
2026-06-10T14:45:00,28662.0,28664.0,28627.5,28630.5,3045
2026-06-10T14:50:00,28630.5,28637.0,28579.75,28617.25,5967
2026-06-10T14:55:00,28616.5,28625.5,28574.0,28607.5,3891
2026-06-10T15:00:00,28608.25,28652.5,28574.25,28618.0,5071
2026-06-10T15:05:00,28618.75,28669.0,28596.5,28641.75,4834
2026-06-10T15:10:00,28642.25,28643.0,28578.25,28593.5,3654
2026-06-10T15:15:00,28594.25,28597.5,28525.0,28542.5,5289
2026-06-10T15:20:00,28543.5,28546.25,28502.75,28533.25,5105
2026-06-10T15:25:00,28532.5,28560.25,28493.0,28547.75,5514
2026-06-10T15:30:00,28546.75,28626.25,28524.75,28606.75,6898
2026-06-10T15:35:00,28606.75,28657.5,28590.0,28646.0,4588
2026-06-10T15:40:00,28647.25,28664.0,28593.0,28621.25,4703
2026-06-10T15:45:00,28620.25,28628.75,28551.75,28596.0,4875
2026-06-10T15:50:00,28595.25,28663.5,28545.5,28615.5,8923
2026-06-10T15:55:00,28616.5,28643.5,28523.5,28527.25,18468
2026-06-11T09:30:00,28753.25,28786.25,28671.0,28686.5,15461
2026-06-11T09:35:00,28687.25,28785.25,28662.75,28701.25,11877
2026-06-11T09:40:00,28699.0,28766.75,28650.75,28737.75,11223
2026-06-11T09:45:00,28739.0,28892.0,28706.5,28815.25,15563
2026-06-11T09:50:00,28818.25,29016.75,28816.75,28968.5,13150
2026-06-11T09:55:00,28967.75,29009.75,28875.0,28900.5,8996
2026-06-11T10:00:00,28899.5,29049.5,28892.75,29039.25,10274
2026-06-11T10:05:00,29039.25,29039.5,28951.0,28969.5,6643
2026-06-11T10:10:00,28969.25,28979.0,28827.25,28843.5,9422
2026-06-11T10:15:00,28841.75,28882.0,28752.5,28762.5,10148
2026-06-11T10:20:00,28761.75,28922.0,28753.25,28884.0,8889
2026-06-11T10:25:00,28884.75,28930.25,28791.75,28868.25,6826
2026-06-11T10:30:00,28873.5,28900.0,28798.5,28836.75,5674
2026-06-11T10:35:00,28835.5,28944.0,28823.75,28869.75,6968
2026-06-11T10:40:00,28871.0,28914.75,28816.25,28818.0,4396
2026-06-11T10:45:00,28820.0,28844.5,28765.5,28790.0,6664
2026-06-11T10:50:00,28789.5,28818.0,28742.75,28760.5,6152
2026-06-11T10:55:00,28758.5,28760.75,28607.5,28648.25,10052
2026-06-11T11:00:00,28649.5,28699.25,28577.5,28677.75,11803
2026-06-11T11:05:00,28679.0,28760.5,28641.0,28719.75,7290
2026-06-11T11:10:00,28719.25,28795.0,28710.25,28765.25,5541
2026-06-11T11:15:00,28766.75,28839.5,28749.0,28780.5,7828
2026-06-11T11:20:00,28780.5,28860.0,28770.5,28830.75,5445
2026-06-11T11:25:00,28832.75,28854.75,28750.5,28757.75,5185
2026-06-11T11:30:00,28757.75,28814.25,28741.0,28804.5,5145
2026-06-11T11:35:00,28804.75,28889.0,28796.5,28857.5,5315
2026-06-11T11:40:00,28856.0,28907.25,28791.75,28817.25,4594
2026-06-11T11:45:00,28816.5,28871.5,28787.75,28827.5,4082
2026-06-11T11:50:00,28828.5,28836.0,28782.75,28805.25,2800
2026-06-11T11:55:00,28805.0,28876.0,28775.75,28858.0,4589
2026-06-11T12:00:00,28858.5,28917.75,28827.5,28855.0,4350
2026-06-11T12:05:00,28855.25,28915.0,28835.0,28899.0,3844
2026-06-11T12:10:00,28895.25,28968.25,28886.5,28951.75,5821
2026-06-11T12:15:00,28953.0,28975.25,28915.75,28942.0,4604
2026-06-11T12:20:00,28942.75,28957.25,28873.75,28878.5,4474
2026-06-11T12:25:00,28878.25,28891.75,28841.0,28846.0,4595
2026-06-11T12:30:00,28845.5,28969.0,28821.0,28923.25,6945
2026-06-11T12:35:00,28921.75,28967.5,28886.0,28895.5,4319
2026-06-11T12:40:00,28896.0,28905.75,28865.75,28886.0,2921
2026-06-11T12:45:00,28886.0,28903.0,28855.75,28870.5,3171
2026-06-11T12:50:00,28871.5,28877.0,28798.75,28804.0,4156
2026-06-11T12:55:00,28803.5,28814.75,28763.25,28769.5,3653
2026-06-11T13:00:00,28770.0,28807.75,28713.0,28730.25,5158
2026-06-11T13:05:00,28730.5,28796.0,28726.5,28784.0,4418
2026-06-11T13:10:00,28785.5,28809.25,28735.75,28743.75,3423
2026-06-11T13:15:00,28742.75,28763.5,28685.0,28702.0,4490
2026-06-11T13:20:00,28701.5,28737.0,28678.5,28728.5,3538
2026-06-11T13:25:00,28726.5,29093.25,28722.25,29085.25,11883
2026-06-11T13:30:00,29086.75,29265.0,29086.25,29206.0,20949
2026-06-11T13:35:00,29208.5,29222.75,29128.0,29180.25,7655
2026-06-11T13:40:00,29179.5,29302.25,29159.25,29281.5,8811
2026-06-11T13:45:00,29281.5,29300.0,29182.5,29196.0,7461
2026-06-11T13:50:00,29199.75,29208.0,29117.75,29182.75,6249
2026-06-11T13:55:00,29183.25,29220.25,29140.0,29214.0,5650
2026-06-11T14:00:00,29213.5,29254.5,29093.0,29114.25,8908
2026-06-11T14:05:00,29115.25,29147.0,29068.5,29110.5,5144
2026-06-11T14:10:00,29109.0,29183.0,29103.75,29182.25,4555
2026-06-11T14:15:00,29179.5,29266.5,29173.75,29256.0,5257
2026-06-11T14:20:00,29253.75,29255.0,29150.0,29193.25,6605
2026-06-11T14:25:00,29190.75,29207.5,29171.25,29188.25,3277
2026-06-11T14:30:00,29187.5,29240.0,29177.5,29186.0,3850
2026-06-11T14:35:00,29186.5,29213.5,29172.5,29183.75,3039
2026-06-11T14:40:00,29184.25,29228.0,29177.75,29223.5,2726
2026-06-11T14:45:00,29224.0,29281.25,29217.0,29276.25,5568
2026-06-11T14:50:00,29275.75,29312.25,29265.0,29266.75,5206
2026-06-11T14:55:00,29266.5,29283.75,29234.0,29268.75,4097
2026-06-11T15:00:00,29269.0,29317.5,29265.0,29297.0,5401
2026-06-11T15:05:00,29296.75,29309.0,29229.5,29304.25,5219
2026-06-11T15:10:00,29303.25,29374.25,29299.75,29360.5,6957
2026-06-11T15:15:00,29360.5,29396.25,29346.5,29388.25,5433
2026-06-11T15:20:00,29387.5,29399.25,29373.75,29386.0,3790
2026-06-11T15:25:00,29385.5,29448.0,29377.5,29424.0,5046
2026-06-11T15:30:00,29424.25,29541.75,29421.25,29527.5,9698
2026-06-11T15:35:00,29528.75,29544.25,29456.0,29466.75,5535
2026-06-11T15:40:00,29467.25,29529.75,29457.75,29498.75,4409
2026-06-11T15:45:00,29498.75,29498.75,29427.5,29432.0,6101
2026-06-11T15:50:00,29432.75,29491.75,29404.0,29477.25,8645
2026-06-11T15:55:00,29477.25,29497.75,29438.75,29457.75,19235
2026-06-12T09:30:00,29496.0,29501.0,29303.0,29339.0,14586
2026-06-12T09:35:00,29339.5,29455.5,29332.25,29448.0,7692
2026-06-12T09:40:00,29446.75,29473.75,29263.5,29279.25,10928
2026-06-12T09:45:00,29282.75,29341.25,29230.0,29298.25,8930
2026-06-12T09:50:00,29299.75,29362.25,29271.5,29311.5,7245
2026-06-12T09:55:00,29313.25,29407.5,29297.5,29349.5,5759
2026-06-12T10:00:00,29354.0,29505.0,29339.0,29480.5,9110
2026-06-12T10:05:00,29482.25,29580.75,29441.5,29578.25,8258
2026-06-12T10:10:00,29578.25,29598.75,29512.75,29544.75,7445
2026-06-12T10:15:00,29543.75,29627.25,29533.25,29586.0,6933
2026-06-12T10:20:00,29586.0,29619.0,29487.0,29497.0,7547
2026-06-12T10:25:00,29498.75,29559.0,29496.75,29513.5,5696
2026-06-12T10:30:00,29512.25,29565.75,29492.5,29527.0,7136
2026-06-12T10:35:00,29526.75,29609.25,29520.75,29546.25,7870
2026-06-12T10:40:00,29547.0,29550.25,29408.5,29411.5,7534
2026-06-12T10:45:00,29411.0,29449.5,29352.5,29374.75,8863
2026-06-12T10:50:00,29374.5,29610.25,29369.25,29600.0,9935
2026-06-12T10:55:00,29598.25,29644.0,29562.75,29631.0,7042
2026-06-12T11:00:00,29634.0,29671.0,29597.25,29623.5,6224
2026-06-12T11:05:00,29623.0,29678.25,29613.0,29656.0,4421
2026-06-12T11:10:00,29654.0,29703.5,29630.75,29696.25,4922
2026-06-12T11:15:00,29696.25,29730.0,29665.0,29729.75,5198
2026-06-12T11:20:00,29730.0,29756.5,29700.75,29745.0,4158
2026-06-12T11:25:00,29745.0,29760.0,29720.25,29745.25,3563
2026-06-12T11:30:00,29745.5,29749.0,29680.75,29685.25,5308
2026-06-12T11:35:00,29686.0,29744.0,29617.75,29653.25,6567
2026-06-12T11:40:00,29649.0,29666.25,29560.0,29569.0,4694
2026-06-12T11:45:00,29569.75,29622.25,29476.0,29488.5,7920
2026-06-12T11:50:00,29486.5,29594.0,29461.25,29572.25,6080
2026-06-12T11:55:00,29571.75,29574.25,29410.0,29439.75,4977
2026-06-12T12:00:00,29440.25,29490.25,29409.0,29465.75,5750
2026-06-12T12:05:00,29465.25,29535.5,29444.0,29521.5,4715
2026-06-12T12:10:00,29522.75,29651.0,29478.5,29597.25,6933
2026-06-12T12:15:00,29595.25,29667.75,29569.5,29588.0,5755
2026-06-12T12:20:00,29588.0,29616.25,29548.5,29588.25,3455
2026-06-12T12:25:00,29586.25,29615.0,29556.5,29593.5,2218
2026-06-12T12:30:00,29593.5,29628.0,29575.0,29623.5,2050
2026-06-12T12:35:00,29620.75,29632.0,29586.25,29604.75,1992
2026-06-12T12:40:00,29607.5,29641.0,29578.5,29594.5,2621
2026-06-12T12:45:00,29595.5,29647.5,29588.25,29644.25,2192
2026-06-12T12:50:00,29643.5,29667.5,29631.5,29643.0,2883
2026-06-12T12:55:00,29641.25,29678.75,29591.5,29673.0,3457
2026-06-12T13:00:00,29673.0,29706.0,29661.0,29699.5,2973
2026-06-12T13:05:00,29699.25,29752.25,29691.0,29721.75,4085
2026-06-12T13:10:00,29723.0,29731.0,29657.0,29702.75,3276
2026-06-12T13:15:00,29703.75,29739.0,29689.5,29730.5,2777
2026-06-12T13:20:00,29728.75,29745.0,29719.5,29735.25,1904
2026-06-12T13:25:00,29734.5,29741.0,29693.5,29721.0,2675
2026-06-12T13:30:00,29722.25,29727.5,29681.0,29687.0,2727
2026-06-12T13:35:00,29687.25,29717.25,29684.0,29703.0,2306
2026-06-12T13:40:00,29700.5,29730.0,29681.25,29699.0,2287
2026-06-12T13:45:00,29700.0,29724.0,29691.25,29706.0,2195
2026-06-12T13:50:00,29706.5,29717.0,29696.5,29704.25,1034
2026-06-12T13:55:00,29705.25,29706.5,29647.75,29682.5,3014
2026-06-12T14:00:00,29684.0,29691.0,29645.0,29656.5,2458
2026-06-12T14:05:00,29657.0,29669.75,29627.75,29653.5,2645
2026-06-12T14:10:00,29652.0,29708.0,29642.75,29649.75,3319
2026-06-12T14:15:00,29650.5,29659.0,29608.5,29628.5,2857
2026-06-12T14:20:00,29627.0,29640.25,29608.75,29625.75,2289
2026-06-12T14:25:00,29626.25,29672.75,29615.5,29665.25,2411
2026-06-12T14:30:00,29664.0,29699.75,29663.75,29687.0,2145
2026-06-12T14:35:00,29688.25,29691.5,29673.0,29690.0,1418
2026-06-12T14:40:00,29690.25,29719.0,29690.0,29709.75,2363
2026-06-12T14:45:00,29710.75,29712.5,29690.0,29704.75,1895
2026-06-12T14:50:00,29704.5,29708.5,29673.0,29698.75,2291
2026-06-12T14:55:00,29699.0,29699.0,29636.25,29645.0,3259
2026-06-12T15:00:00,29645.0,29700.0,29638.75,29694.75,2791
2026-06-12T15:05:00,29694.75,29711.0,29672.0,29684.5,2075
2026-06-12T15:10:00,29685.75,29689.75,29656.25,29664.25,1903
2026-06-12T15:15:00,29665.25,29693.0,29644.0,29686.25,2050
2026-06-12T15:20:00,29687.0,29689.75,29662.25,29678.75,2015
2026-06-12T15:25:00,29677.25,29696.5,29654.75,29660.5,2359
2026-06-12T15:30:00,29660.0,29668.75,29598.25,29605.0,3585
2026-06-12T15:35:00,29604.0,29683.75,29580.5,29613.75,4668
2026-06-12T15:40:00,29616.75,29659.0,29601.25,29637.25,2676
2026-06-12T15:45:00,29636.25,29650.75,29611.0,29637.25,2667
2026-06-12T15:50:00,29637.5,29660.0,29626.75,29657.25,3333
2026-06-12T15:55:00,29658.75,29683.0,29650.25,29650.5,13391
2026-06-15T09:30:00,30633.25,30696.0,30604.75,30659.25,18096
2026-06-15T09:35:00,30659.5,30719.25,30658.75,30670.25,12799
2026-06-15T09:40:00,30668.5,30734.5,30654.75,30704.0,10045
2026-06-15T09:45:00,30704.0,30783.5,30702.5,30780.75,9506
2026-06-15T09:50:00,30781.25,30800.0,30763.0,30763.25,8540
2026-06-15T09:55:00,30763.0,30783.5,30696.5,30703.75,9976
2026-06-15T10:00:00,30703.75,30761.75,30689.75,30741.0,9509
2026-06-15T10:05:00,30739.5,30764.0,30709.5,30731.25,9705
2026-06-15T10:10:00,30731.0,30754.25,30678.75,30729.0,7920
2026-06-15T10:15:00,30728.75,30743.25,30692.5,30725.0,6627
2026-06-15T10:20:00,30724.5,30724.5,30671.25,30701.0,6649
2026-06-15T10:25:00,30700.0,30762.75,30694.5,30759.5,6714
2026-06-15T10:30:00,30760.0,30769.5,30710.0,30731.5,7774
2026-06-15T10:35:00,30730.5,30748.0,30716.5,30740.25,4886
2026-06-15T10:40:00,30739.5,30741.25,30699.0,30716.25,6069
2026-06-15T10:45:00,30716.5,30739.75,30707.25,30717.75,4304
2026-06-15T10:50:00,30718.0,30759.5,30718.0,30749.5,6173
2026-06-15T10:55:00,30748.75,30800.0,30745.5,30775.0,6481
2026-06-15T11:00:00,30776.25,30813.5,30772.5,30803.25,4767
2026-06-15T11:05:00,30803.0,30828.0,30796.75,30822.25,4844
2026-06-15T11:10:00,30822.25,30825.0,30801.0,30818.5,5109
2026-06-15T11:15:00,30819.0,30825.5,30801.0,30819.0,3412
2026-06-15T11:20:00,30819.25,30839.25,30815.25,30834.25,4536
2026-06-15T11:25:00,30834.5,30852.5,30829.0,30847.75,4487
2026-06-15T11:30:00,30847.5,30855.0,30808.75,30810.5,6589
2026-06-15T11:35:00,30811.25,30847.75,30802.25,30840.5,4964
2026-06-15T11:40:00,30840.75,30850.0,30830.0,30834.5,3364
2026-06-15T11:45:00,30835.0,30876.75,30835.0,30873.5,4493
2026-06-15T11:50:00,30872.75,30887.0,30866.0,30877.5,4937
2026-06-15T11:55:00,30877.75,30886.5,30868.25,30879.25,3898
2026-06-15T12:00:00,30879.25,30903.0,30875.0,30888.75,5370
2026-06-15T12:05:00,30888.5,30895.25,30877.75,30890.0,4036
2026-06-15T12:10:00,30890.0,30896.75,30878.0,30889.0,3890
2026-06-15T12:15:00,30888.5,30894.25,30868.0,30881.5,3868
2026-06-15T12:20:00,30881.25,30907.25,30879.25,30904.75,3206
2026-06-15T12:25:00,30904.25,30912.75,30890.5,30901.0,3548
2026-06-15T12:30:00,30900.75,30915.0,30877.0,30878.25,3335
2026-06-15T12:35:00,30878.25,30892.0,30860.75,30870.75,4120
2026-06-15T12:40:00,30871.0,30893.75,30862.25,30880.75,4014
2026-06-15T12:45:00,30879.5,30880.0,30850.5,30865.5,4077
2026-06-15T12:50:00,30866.5,30878.0,30856.75,30860.75,2354
2026-06-15T12:55:00,30862.75,30874.75,30853.0,30867.5,4555
2026-06-15T13:00:00,30868.0,30881.25,30836.25,30874.5,5886
2026-06-15T13:05:00,30875.0,30886.25,30833.0,30845.0,4637
2026-06-15T13:10:00,30845.25,30865.75,30839.75,30855.0,3660
2026-06-15T13:15:00,30854.5,30881.25,30848.5,30866.75,3429
2026-06-15T13:20:00,30866.5,30878.25,30851.0,30875.5,2366
2026-06-15T13:25:00,30876.5,30892.5,30865.75,30882.75,4197
2026-06-15T13:30:00,30883.75,30893.0,30862.0,30875.75,3395
2026-06-15T13:35:00,30876.0,30891.5,30875.5,30881.5,2202
2026-06-15T13:40:00,30882.0,30885.25,30871.5,30874.75,1751
2026-06-15T13:45:00,30875.25,30881.25,30862.25,30878.5,2249
2026-06-15T13:50:00,30877.25,30885.25,30863.0,30868.5,2087
2026-06-15T13:55:00,30867.75,30870.0,30853.75,30858.75,2573
2026-06-15T14:00:00,30858.5,30866.0,30833.75,30838.75,3779
2026-06-15T14:05:00,30837.75,30857.75,30832.75,30854.75,3705
2026-06-15T14:10:00,30854.5,30871.25,30852.5,30867.5,2992
2026-06-15T14:15:00,30868.25,30879.75,30861.75,30866.75,2966
2026-06-15T14:20:00,30865.25,30871.5,30853.25,30854.0,2808
2026-06-15T14:25:00,30854.75,30863.0,30836.75,30840.0,3420
2026-06-15T14:30:00,30840.25,30864.0,30824.0,30853.25,3884
2026-06-15T14:35:00,30852.75,30881.5,30849.75,30879.25,3108
2026-06-15T14:40:00,30879.5,30885.5,30867.5,30880.5,2486
2026-06-15T14:45:00,30880.75,30891.0,30867.5,30880.0,3055
2026-06-15T14:50:00,30879.5,30884.25,30867.5,30873.25,1582
2026-06-15T14:55:00,30872.75,30882.0,30853.75,30861.25,2024
2026-06-15T15:00:00,30861.25,30872.5,30846.0,30849.75,2725
2026-06-15T15:05:00,30849.75,30863.75,30842.0,30853.0,2760
2026-06-15T15:10:00,30853.5,30869.75,30846.75,30858.5,2612
2026-06-15T15:15:00,30858.75,30871.5,30849.0,30855.0,2364
2026-06-15T15:20:00,30856.0,30859.25,30834.75,30841.25,3197
2026-06-15T15:25:00,30840.25,30850.0,30831.25,30832.75,3178
2026-06-15T15:30:00,30832.0,30854.75,30819.75,30838.75,4831
2026-06-15T15:35:00,30839.5,30861.5,30834.75,30856.5,4051
2026-06-15T15:40:00,30855.0,30865.5,30850.25,30854.75,4918
2026-06-15T15:45:00,30855.25,30877.0,30845.75,30870.0,4473
2026-06-15T15:50:00,30868.75,30868.75,30820.25,30842.75,8590
2026-06-15T15:55:00,30843.25,30879.0,30815.0,30872.75,16701
2026-06-16T09:30:00,30812.5,30819.0,30750.75,30791.75,16388
2026-06-16T09:35:00,30792.75,30839.75,30780.0,30781.5,10928
2026-06-16T09:40:00,30782.0,30860.5,30780.0,30819.25,10346
2026-06-16T09:45:00,30817.75,30883.5,30813.0,30860.25,10121
2026-06-16T09:50:00,30861.0,30883.75,30845.5,30869.25,6481
2026-06-16T09:55:00,30870.25,30889.0,30800.0,30806.5,9165
2026-06-16T10:00:00,30808.0,30839.0,30791.25,30830.25,8432
2026-06-16T10:05:00,30831.0,30858.5,30802.75,30852.25,7053
2026-06-16T10:10:00,30852.25,30856.5,30801.25,30816.5,6367
2026-06-16T10:15:00,30816.5,30825.5,30730.0,30740.25,9270
2026-06-16T10:20:00,30739.75,30771.0,30672.5,30713.25,12532
2026-06-16T10:25:00,30713.0,30752.0,30677.75,30681.25,8548
2026-06-16T10:30:00,30682.25,30682.25,30591.0,30608.25,13800
2026-06-16T10:35:00,30608.25,30680.0,30606.5,30673.25,8493
2026-06-16T10:40:00,30673.5,30714.75,30653.25,30681.75,6447
2026-06-16T10:45:00,30681.25,30681.25,30624.25,30629.0,5769
2026-06-16T10:50:00,30628.25,30675.25,30622.75,30629.5,6288
2026-06-16T10:55:00,30631.5,30634.0,30562.5,30602.75,7900
2026-06-16T11:00:00,30601.0,30640.0,30590.25,30632.0,6953
2026-06-16T11:05:00,30631.75,30654.0,30610.5,30637.0,5592
2026-06-16T11:10:00,30637.75,30665.25,30611.0,30623.5,4989
2026-06-16T11:15:00,30622.5,30648.5,30592.75,30595.0,4169
2026-06-16T11:20:00,30595.25,30616.0,30535.25,30562.75,7184
2026-06-16T11:25:00,30561.25,30573.25,30500.5,30536.75,7371
2026-06-16T11:30:00,30538.75,30572.0,30533.75,30554.5,5125
2026-06-16T11:35:00,30556.0,30577.75,30485.0,30503.5,6271
2026-06-16T11:40:00,30505.0,30520.5,30465.25,30474.75,5838
2026-06-16T11:45:00,30472.75,30489.5,30407.75,30432.0,8143
2026-06-16T11:50:00,30431.75,30515.75,30409.5,30508.0,8137
2026-06-16T11:55:00,30508.5,30529.5,30465.25,30467.25,6056
2026-06-16T12:00:00,30466.25,30546.0,30463.75,30528.0,6023
2026-06-16T12:05:00,30528.75,30557.75,30513.5,30539.75,4343
2026-06-16T12:10:00,30539.25,30566.75,30523.75,30532.0,4024
2026-06-16T12:15:00,30533.0,30556.25,30512.25,30545.25,4119
2026-06-16T12:20:00,30545.5,30575.0,30533.25,30548.75,4131
2026-06-16T12:25:00,30549.0,30555.25,30523.25,30536.75,3586
2026-06-16T12:30:00,30537.0,30541.0,30468.75,30469.75,4533
2026-06-16T12:35:00,30470.75,30494.25,30444.0,30470.25,4048
2026-06-16T12:40:00,30470.25,30512.25,30457.0,30500.5,3879
2026-06-16T12:45:00,30499.75,30522.75,30478.5,30495.0,3523
2026-06-16T12:50:00,30496.0,30525.0,30473.25,30482.75,3698
2026-06-16T12:55:00,30483.25,30500.25,30450.5,30496.5,4337
2026-06-16T13:00:00,30495.5,30497.5,30452.0,30476.5,3437
2026-06-16T13:05:00,30476.5,30480.0,30456.75,30467.5,2495
2026-06-16T13:10:00,30467.75,30496.75,30460.25,30478.5,3048
2026-06-16T13:15:00,30478.25,30490.5,30450.5,30455.5,3217
2026-06-16T13:20:00,30456.5,30472.75,30427.5,30471.75,4281
2026-06-16T13:25:00,30473.25,30476.75,30448.0,30458.5,3528
2026-06-16T13:30:00,30458.5,30470.0,30430.0,30448.75,3633
2026-06-16T13:35:00,30450.0,30454.75,30401.75,30415.75,4529
2026-06-16T13:40:00,30416.0,30464.75,30404.5,30449.25,4515
2026-06-16T13:45:00,30447.5,30476.5,30432.25,30476.5,3119
2026-06-16T13:50:00,30476.5,30511.0,30463.75,30510.5,4039
2026-06-16T13:55:00,30509.75,30521.0,30475.0,30477.25,3141
2026-06-16T14:00:00,30477.25,30496.5,30472.0,30490.75,3191
2026-06-16T14:05:00,30490.5,30495.5,30473.25,30483.5,2227
2026-06-16T14:10:00,30483.5,30493.75,30472.75,30474.25,2225
2026-06-16T14:15:00,30473.5,30476.25,30445.5,30454.25,3966
2026-06-16T14:20:00,30454.75,30468.5,30447.5,30460.25,1658
2026-06-16T14:25:00,30458.75,30485.25,30456.75,30471.25,2311
2026-06-16T14:30:00,30471.25,30477.5,30436.0,30445.5,3222
2026-06-16T14:35:00,30444.75,30465.25,30422.0,30459.25,5181
2026-06-16T14:40:00,30459.0,30469.0,30450.0,30463.5,3353
2026-06-16T14:45:00,30464.0,30470.0,30434.5,30438.25,2214
2026-06-16T14:50:00,30438.0,30454.0,30430.0,30441.5,2506
2026-06-16T14:55:00,30442.0,30454.25,30424.0,30443.0,3308
2026-06-16T15:00:00,30443.25,30480.75,30423.0,30474.75,4621
2026-06-16T15:05:00,30474.75,30479.0,30431.75,30438.25,4241
2026-06-16T15:10:00,30438.75,30446.5,30390.25,30401.5,6548
2026-06-16T15:15:00,30401.75,30404.75,30336.75,30401.0,8113
2026-06-16T15:20:00,30401.0,30439.0,30396.5,30434.0,5162
2026-06-16T15:25:00,30435.25,30451.5,30420.25,30446.0,4675
2026-06-16T15:30:00,30444.5,30462.0,30420.75,30423.5,4783
2026-06-16T15:35:00,30423.5,30442.75,30373.75,30379.0,4561
2026-06-16T15:40:00,30378.75,30416.75,30367.0,30413.75,4956
2026-06-16T15:45:00,30412.5,30417.75,30381.5,30396.25,4554
2026-06-16T15:50:00,30395.0,30421.0,30350.25,30390.25,7735
2026-06-16T15:55:00,30391.5,30391.5,30302.25,30309.75,21193
2026-06-17T09:30:00,30526.0,30527.75,30420.0,30441.25,13023
2026-06-17T09:35:00,30441.0,30474.25,30398.25,30409.5,9016
2026-06-17T09:40:00,30409.0,30525.0,30399.75,30519.75,9152
2026-06-17T09:45:00,30520.75,30542.25,30451.0,30452.25,8795
2026-06-17T09:50:00,30452.5,30484.5,30426.25,30472.25,8358
2026-06-17T09:55:00,30472.25,30477.5,30346.0,30347.75,8914
2026-06-17T10:00:00,30346.0,30403.0,30320.0,30389.0,10566
2026-06-17T10:05:00,30388.0,30430.0,30348.5,30385.25,8453
2026-06-17T10:10:00,30385.0,30447.75,30357.0,30444.25,7288
2026-06-17T10:15:00,30444.75,30489.25,30434.75,30469.5,6971
2026-06-17T10:20:00,30469.75,30545.75,30456.25,30540.5,6859
2026-06-17T10:25:00,30541.5,30542.5,30488.0,30509.5,5979
2026-06-17T10:30:00,30510.0,30516.0,30429.0,30461.0,5940
2026-06-17T10:35:00,30460.0,30478.5,30410.5,30423.5,5894
2026-06-17T10:40:00,30425.0,30448.25,30374.0,30433.5,6112
2026-06-17T10:45:00,30432.0,30463.25,30284.75,30370.75,11769
2026-06-17T10:50:00,30371.25,30434.75,30354.75,30426.25,5161
2026-06-17T10:55:00,30426.0,30427.25,30351.75,30359.25,4182
2026-06-17T11:00:00,30357.5,30403.75,30352.25,30383.25,4081
2026-06-17T11:05:00,30383.75,30414.25,30346.0,30360.0,4893
2026-06-17T11:10:00,30359.5,30419.25,30354.25,30410.25,4210
2026-06-17T11:15:00,30410.25,30458.5,30397.0,30423.25,5729
2026-06-17T11:20:00,30423.25,30443.5,30397.5,30413.25,3720
2026-06-17T11:25:00,30411.25,30424.0,30392.5,30418.25,3150
2026-06-17T11:30:00,30417.0,30449.5,30400.25,30432.0,4032
2026-06-17T11:35:00,30432.0,30450.25,30416.25,30444.0,2555
2026-06-17T11:40:00,30443.25,30448.75,30402.0,30414.25,2976
2026-06-17T11:45:00,30415.0,30446.0,30412.5,30443.5,2545
2026-06-17T11:50:00,30445.25,30454.5,30428.0,30430.75,2350
2026-06-17T11:55:00,30430.0,30458.5,30423.5,30450.0,2465
2026-06-17T12:00:00,30450.0,30472.25,30440.0,30447.75,3113
2026-06-17T12:05:00,30447.75,30463.5,30434.75,30451.75,2145
2026-06-17T12:10:00,30452.5,30453.0,30422.0,30441.25,2208
2026-06-17T12:15:00,30441.0,30458.25,30426.75,30455.75,2013
2026-06-17T12:20:00,30454.75,30466.5,30445.0,30459.5,1830
2026-06-17T12:25:00,30459.5,30472.0,30446.0,30456.75,1968
2026-06-17T12:30:00,30457.25,30471.0,30433.0,30440.0,1938
2026-06-17T12:35:00,30438.75,30462.5,30433.75,30458.75,1992
2026-06-17T12:40:00,30459.25,30459.5,30418.0,30429.75,2594
2026-06-17T12:45:00,30430.25,30431.25,30396.5,30406.25,2962
2026-06-17T12:50:00,30406.5,30421.0,30396.25,30398.5,1751
2026-06-17T12:55:00,30399.75,30415.0,30397.25,30410.25,1684
2026-06-17T13:00:00,30408.25,30410.25,30361.25,30370.0,2993
2026-06-17T13:05:00,30369.0,30394.5,30326.5,30379.25,4596
2026-06-17T13:10:00,30380.25,30395.75,30375.75,30377.0,1869
2026-06-17T13:15:00,30376.25,30387.5,30352.5,30387.0,2541
2026-06-17T13:20:00,30386.5,30414.5,30374.5,30403.75,2290
2026-06-17T13:25:00,30404.0,30425.25,30397.5,30418.75,2128
2026-06-17T13:30:00,30418.25,30418.5,30385.0,30388.5,2180
2026-06-17T13:35:00,30390.0,30419.75,30381.75,30413.25,1926
2026-06-17T13:40:00,30413.75,30415.5,30391.0,30394.0,1591
2026-06-17T13:45:00,30393.75,30416.5,30384.5,30411.0,1822
2026-06-17T13:50:00,30411.25,30460.75,30398.25,30446.75,2978
2026-06-17T13:55:00,30445.75,30484.75,30431.0,30466.75,2124
2026-06-17T14:00:00,30465.5,30471.75,30170.0,30177.0,12649
2026-06-17T14:05:00,30174.25,30279.0,30070.25,30256.5,12356
2026-06-17T14:10:00,30256.75,30291.75,30219.25,30257.75,8441
2026-06-17T14:15:00,30255.25,30341.5,30254.0,30322.5,7160
2026-06-17T14:20:00,30322.5,30328.5,30219.75,30234.25,6063
2026-06-17T14:25:00,30234.0,30262.25,30178.75,30241.75,6551
2026-06-17T14:30:00,30242.25,30344.25,30209.5,30230.0,10112
2026-06-17T14:35:00,30232.75,30399.0,30230.5,30362.25,7648
2026-06-17T14:40:00,30362.0,30520.0,30362.0,30505.5,9803
2026-06-17T14:45:00,30505.25,30508.0,30426.5,30452.5,7455
2026-06-17T14:50:00,30452.0,30480.0,30407.0,30417.25,5813
2026-06-17T14:55:00,30419.0,30421.0,30220.5,30274.75,10182
2026-06-17T15:00:00,30274.5,30356.25,30256.25,30294.5,7624
2026-06-17T15:05:00,30294.0,30339.5,30274.5,30290.0,4999
2026-06-17T15:10:00,30292.25,30370.0,30200.25,30352.25,8949
2026-06-17T15:15:00,30354.5,30361.75,30217.25,30218.25,6920
2026-06-17T15:20:00,30219.0,30221.75,30101.0,30102.5,9087
2026-06-17T15:25:00,30103.5,30207.0,30103.25,30129.0,6227
2026-06-17T15:30:00,30128.0,30163.0,30058.0,30060.25,8384
2026-06-17T15:35:00,30060.5,30122.0,29935.25,29963.5,9492
2026-06-17T15:40:00,29962.5,29990.5,29931.5,29960.25,8229
2026-06-17T15:45:00,29963.75,30055.0,29945.0,30014.75,8833
2026-06-17T15:50:00,30014.0,30014.5,29923.0,29950.0,10359
2026-06-17T15:55:00,29950.75,30045.5,29944.5,29994.75,15219
2026-06-18T09:30:00,30594.5,30615.5,30482.25,30486.0,18725
2026-06-18T09:35:00,30486.25,30503.5,30408.0,30451.0,16080
2026-06-18T09:40:00,30452.25,30483.5,30391.0,30402.5,11754
2026-06-18T09:45:00,30403.75,30502.25,30402.25,30497.0,10459
2026-06-18T09:50:00,30497.25,30540.5,30456.25,30463.25,10825
2026-06-18T09:55:00,30463.0,30485.0,30403.0,30468.75,9409
2026-06-18T10:00:00,30469.25,30530.5,30449.5,30514.75,8768
2026-06-18T10:05:00,30514.0,30591.5,30506.5,30563.75,9062
2026-06-18T10:10:00,30564.5,30570.0,30500.75,30523.0,6924
2026-06-18T10:15:00,30522.5,30613.5,30500.5,30600.0,9143
2026-06-18T10:20:00,30599.25,30644.0,30566.75,30623.25,8111
2026-06-18T10:25:00,30624.0,30627.5,30503.5,30520.75,7750
2026-06-18T10:30:00,30520.25,30547.0,30463.5,30546.75,7874
2026-06-18T10:35:00,30545.75,30606.5,30523.25,30597.25,5643
2026-06-18T10:40:00,30597.5,30610.25,30551.5,30573.25,4943
2026-06-18T10:45:00,30573.25,30660.75,30571.25,30645.75,6487
2026-06-18T10:50:00,30647.0,30647.75,30594.75,30616.25,5170
2026-06-18T10:55:00,30615.75,30650.75,30602.75,30623.5,4041
2026-06-18T11:00:00,30623.75,30634.25,30584.25,30622.5,5399
2026-06-18T11:05:00,30622.5,30652.0,30610.0,30636.25,3612
2026-06-18T11:10:00,30637.0,30675.75,30627.75,30628.25,4653
2026-06-18T11:15:00,30629.25,30646.5,30595.25,30608.75,4519
2026-06-18T11:20:00,30608.75,30632.25,30580.75,30594.75,5219
2026-06-18T11:25:00,30595.5,30629.0,30566.75,30583.5,4201
2026-06-18T11:30:00,30582.5,30616.5,30563.75,30589.75,5416
2026-06-18T11:35:00,30590.0,30590.5,30498.25,30542.75,6339
2026-06-18T11:40:00,30543.25,30576.25,30517.0,30537.25,4727
2026-06-18T11:45:00,30537.0,30561.0,30496.25,30549.25,5238
2026-06-18T11:50:00,30550.5,30625.0,30549.25,30601.5,5128
2026-06-18T11:55:00,30601.25,30652.0,30600.75,30640.75,5002
2026-06-18T12:00:00,30641.0,30666.25,30631.75,30638.5,5673
2026-06-18T12:05:00,30638.25,30675.0,30628.75,30653.25,4609
2026-06-18T12:10:00,30651.75,30664.5,30639.25,30652.75,3231
2026-06-18T12:15:00,30653.5,30656.25,30630.0,30652.0,3328
2026-06-18T12:20:00,30651.75,30690.75,30649.25,30672.0,4630
2026-06-18T12:25:00,30671.75,30688.5,30659.5,30682.25,2821
2026-06-18T12:30:00,30683.25,30686.75,30664.25,30677.75,2525
2026-06-18T12:35:00,30677.75,30707.5,30663.5,30695.25,3997
2026-06-18T12:40:00,30695.75,30707.75,30685.0,30691.75,3053
2026-06-18T12:45:00,30691.75,30698.25,30680.75,30691.25,2440
2026-06-18T12:50:00,30692.0,30692.0,30659.5,30663.5,3545
2026-06-18T12:55:00,30664.75,30685.75,30650.0,30684.75,3243
2026-06-18T13:00:00,30685.5,30700.0,30656.25,30698.5,3183
2026-06-18T13:05:00,30697.75,30725.25,30695.25,30708.25,3624
2026-06-18T13:10:00,30707.0,30723.0,30698.5,30712.5,2650
2026-06-18T13:15:00,30712.25,30734.75,30703.75,30725.5,3216
2026-06-18T13:20:00,30725.75,30734.25,30704.75,30705.25,2740
2026-06-18T13:25:00,30705.5,30709.75,30692.5,30709.5,2711
2026-06-18T13:30:00,30710.0,30736.75,30709.5,30725.75,3043
2026-06-18T13:35:00,30726.5,30730.5,30711.0,30713.0,1724
2026-06-18T13:40:00,30713.25,30732.0,30706.0,30723.75,2177
2026-06-18T13:45:00,30724.25,30732.0,30715.0,30721.75,1323
2026-06-18T13:50:00,30722.75,30733.75,30715.0,30717.0,1549
2026-06-18T13:55:00,30716.0,30717.75,30702.25,30708.5,2355
2026-06-18T14:00:00,30708.75,30716.25,30690.25,30697.75,2647
2026-06-18T14:05:00,30698.25,30717.25,30693.25,30702.75,2243
2026-06-18T14:10:00,30703.25,30718.75,30698.25,30698.5,1787
2026-06-18T14:15:00,30698.0,30700.5,30680.75,30689.25,2627
2026-06-18T14:20:00,30690.0,30710.0,30683.0,30696.25,2204
2026-06-18T14:25:00,30697.0,30708.25,30689.5,30693.5,2009
2026-06-18T14:30:00,30694.25,30694.25,30671.25,30677.75,2757
2026-06-18T14:35:00,30677.75,30684.25,30666.0,30670.5,2552
2026-06-18T14:40:00,30671.5,30685.0,30667.0,30676.75,1741
2026-06-18T14:45:00,30676.5,30704.0,30672.5,30703.0,2207
2026-06-18T14:50:00,30703.75,30718.5,30689.25,30704.0,2489
2026-06-18T14:55:00,30704.5,30712.0,30679.75,30690.75,2253
2026-06-18T15:00:00,30690.75,30702.5,30660.25,30675.25,2902
2026-06-18T15:05:00,30674.75,30683.25,30665.25,30671.5,2244
2026-06-18T15:10:00,30671.5,30672.0,30645.25,30653.5,3522
2026-06-18T15:15:00,30652.25,30682.0,30647.75,30681.0,3109
2026-06-18T15:20:00,30680.75,30695.75,30674.5,30677.75,2503
2026-06-18T15:25:00,30677.75,30699.25,30673.0,30688.0,2193
2026-06-18T15:30:00,30687.75,30690.75,30659.5,30682.75,3233
2026-06-18T15:35:00,30683.0,30721.5,30681.0,30720.5,3063
2026-06-18T15:40:00,30720.75,30749.25,30712.0,30747.0,3710
2026-06-18T15:45:00,30747.0,30783.25,30742.0,30764.0,5938
2026-06-18T15:50:00,30763.5,30773.25,30716.75,30749.0,8995
2026-06-18T15:55:00,30748.25,30775.0,30693.0,30693.5,21363
